ecoclass,prescription,permitted,table_5_3,model_optimum,model_lev_per_ac
CH-CW,2,60-150,90,60,449.5
CH-CW,3,100-180,100,100,147.5
CH-CW,4,70-150,80,70,409.7
CH-CW,5,60-150,70,60,555.1
CH-CW,6,70-150,90,70,373.7
CH-CW,7,60-150,80,60,449.5
CD-CP,2,70-150,90,70,230.1
CD-CP,3,120-180,120,120,58.8
CD-CP,4,80-150,90,80,302.7
CD-CP,5,70-150,100,70,397.9
CD-CP,6,80-150,110,80,175.3
CD-CP,7,80-150,100,80,187.3
CR-CF,1,80-150,90,80,210.8
CR-CF,2,80-150,100,80,210.8
CR-CF,4,80-150,100,80,302.2
CR-CF,6,80-150,120,80,210.8
CM-CE,2,110-190,150,190,-1.8
CM-CE,4,110-190,150,190,-1.7
CM-CE,6,120-200,150,200,-1.2
