landbase,converged,occurrence,mean_abs_rel_deviation,calibrated_cap_mcf,realized_cv,iterations
1,1.0,0.0,0.0016,9449.1953,0.0077,11.75
2,1.0,0.0,0.0016,11811.4942,0.0077,11.75
3,1.0,0.0,0.0,7090.1242,0.0115,11.25
4,1.0,0.0,0.0008,11349.9592,0.0111,11.25
5,1.0,0.0,0.0,8746.7829,0.011,11.25
6,1.0,0.0,0.0,8859.4293,0.0095,11.25
7,1.0,0.0,0.0,6896.3983,0.012,11.25
8,1.0,0.0,0.0,2875.2334,0.0121,12.5
9,1.0,0.0,0.0007,9737.764,0.0028,11.25
10,1.0,0.0,0.0,7223.8019,0.0098,10.5
11,1.0,0.0,0.0027,9668.3908,0.0079,11.25
12,1.0,0.0,0.0011,9430.0082,0.0041,11.25
13,1.0,0.0,0.0015,9909.6786,0.0063,11.25
14,1.0,0.0,0.0012,10131.551,0.0036,11.25
15,1.0,0.0,0.0032,9832.6352,0.01,11.25
16,1.0,0.0,0.0012,9639.279,0.0046,11.25
17,1.0,0.0,0.0025,9945.4384,0.0073,11.25
18,1.0,0.0,0.0022,9910.4068,0.0073,11.25
