landbase,discount_rate,flow_policy,max_decrease,max_increase,horizon,fd_version,fd_commit,ws3_version,max_abs_rel_deviation,mean_abs_rel_deviation,total_projected,total_realized,total_rel_change,occurrence,occurrence_tolerance,mean_abs_rel_deviation_2_11,occurrence_2_11,thesis_volume_inconsistency_2_11
1,0.0,NHF,,,15,0.1.0b1,35f6a6573ef9,1.1.0a5,1.0,0.14661769656871976,153919.5774181818,72681.99,-0.5277924275835855,True,0.05,0.11992654485307966,True,0.3985308970615929
1,0.0,NDY,0.0,,15,0.1.0b1,35f6a6573ef9,1.1.0a5,0.4613732894024061,0.18169917183636558,127149.98890018383,104287.56579400599,-0.17980672514352683,True,0.05,0.18814840140120243,True,0.1881484014012024
1,0.0,-10%,0.1,,15,0.1.0b1,35f6a6573ef9,1.1.0a5,0.8826376546578746,0.20901487395131194,138014.15718001797,118663.5293634977,-0.14020755704996546,True,0.05,0.26211256042854325,True,0.1903806375031662
1,0.0,-20%,0.2,,15,0.1.0b1,35f6a6573ef9,1.1.0a5,1.0,0.37526026276492475,148579.55263702341,123244.86577850948,-0.17051260694266604,True,0.05,0.34649830846189567,True,0.2917420831130208
1,0.0,+/-10%,0.1,0.1,15,0.1.0b1,35f6a6573ef9,1.1.0a5,0.3517207802288829,0.16664871425124259,136472.33456411475,116749.8133220495,-0.1445166253296532,True,0.05,0.15717050610333308,True,0.139244082095221
1,0.0,+/-20%,0.2,0.2,15,0.1.0b1,35f6a6573ef9,1.1.0a5,0.4205220092453891,0.1813089246428213,145536.79751404258,122614.85657629564,-0.15749928079553382,True,0.05,0.17616501095072054,True,0.15079189396729528
1,0.02,NHF,,,15,0.1.0b1,35f6a6573ef9,1.1.0a5,0.0,0.0,140360.58923636362,140360.58923636362,0.0,False,0.05,0.0,False,0.0
1,0.02,NDY,0.0,,15,0.1.0b1,35f6a6573ef9,1.1.0a5,0.18560518763600115,0.12776997167429516,134014.32818376666,116891.32126777711,-0.12776997167429507,True,0.05,0.12100021508450694,True,0.12100021508450676
1,0.02,-10%,0.1,,15,0.1.0b1,35f6a6573ef9,1.1.0a5,0.09311975472165915,0.0802309257696259,137077.45238519897,129170.20214949976,-0.057684543286369065,True,0.05,0.08428903401417905,True,0.08350230147673733
1,0.02,-20%,0.2,,15,0.1.0b1,35f6a6573ef9,1.1.0a5,0.3834429541650152,0.13375374810746107,140383.76843098755,132995.2953575438,-0.052630536678290624,True,0.05,0.07675400822680706,True,0.08204544061545331
1,0.02,+/-10%,0.1,0.1,15,0.1.0b1,35f6a6573ef9,1.1.0a5,0.1665857695928502,0.08655086589061609,137106.1905788542,129306.11189207649,-0.056890784098414894,True,0.05,0.0913423687312778,True,0.0887102186647642
1,0.02,+/-20%,0.2,0.2,15,0.1.0b1,35f6a6573ef9,1.1.0a5,0.24363285033764384,0.12381039025424341,140438.27170472412,131647.30187177504,-0.06259668198874142,True,0.05,0.12586505839958903,True,0.12168448909589609
1,0.04,NHF,,,15,0.1.0b1,35f6a6573ef9,1.1.0a5,0.0,0.0,140360.58923636362,140360.58923636362,0.0,False,0.05,0.0,False,0.0
1,0.04,NDY,0.0,,15,0.1.0b1,35f6a6573ef9,1.1.0a5,0.21052561748779391,0.11501262247281098,133705.9919472402,118328.11517305956,-0.11501262247281094,True,0.05,0.095414192046527,True,0.09541419204652711
1,0.04,-10%,0.1,,15,0.1.0b1,35f6a6573ef9,1.1.0a5,0.3628743977092988,0.11142198784791618,137864.48314470498,128834.87376360188,-0.06549626977983493,True,0.05,0.08490922148653778,True,0.08394770682849173
1,0.04,-20%,0.2,,15,0.1.0b1,35f6a6573ef9,1.1.0a5,0.44537829081910835,0.09759459886624437,140732.36523293087,131368.32430123474,-0.06653793472594162,True,0.05,0.10017223490644203,True,0.08306558726770367
1,0.04,+/-10%,0.1,0.1,15,0.1.0b1,35f6a6573ef9,1.1.0a5,0.19814410692695555,0.06665133700813934,135946.95024813694,128704.82826993326,-0.053271676672297597,True,0.05,0.0798141198522331,True,0.08033233024145871
1,0.04,+/-20%,0.2,0.2,15,0.1.0b1,35f6a6573ef9,1.1.0a5,0.4248287592264636,0.07202422079809088,138797.54287349246,133252.40761107334,-0.039951249479057815,True,0.05,0.06170818683307312,True,0.05445152262825725
1,0.06,NHF,,,15,0.1.0b1,35f6a6573ef9,1.1.0a5,0.0,0.0,140360.58923636362,140360.58923636362,0.0,False,0.05,0.0,False,0.0
1,0.06,NDY,0.0,,15,0.1.0b1,35f6a6573ef9,1.1.0a5,0.21262769657707783,0.11334173644178093,133705.99194724025,118551.52264726926,-0.11334173644178099,True,0.05,0.09092280816023901,True,0.09092280816023907
1,0.06,-10%,0.1,,15,0.1.0b1,35f6a6573ef9,1.1.0a5,0.2446829245709974,0.09452431117387458,137837.829571847,129195.68036737485,-0.06269794896884588,True,0.05,0.09613556389019909,True,0.0882184054718756
1,0.06,-20%,0.2,,15,0.1.0b1,35f6a6573ef9,1.1.0a5,0.4460267950305877,0.10426971154130454,137751.80554374526,129059.10327122295,-0.06310408954866151,True,0.05,0.12596510202459305,True,0.10408955725417705
1,0.06,+/-10%,0.1,0.1,15,0.1.0b1,35f6a6573ef9,1.1.0a5,0.27840855627694294,0.10153651826853204,134359.84974434774,129806.62367994017,-0.03388829381002726,True,0.05,0.09620726600230493,True,0.08822732869020515
1,0.06,+/-20%,0.2,0.2,15,0.1.0b1,35f6a6573ef9,1.1.0a5,0.5690461515623236,0.12461134517294002,131888.13807671604,135105.525754587,0.0243948221939374,True,0.05,0.06969842133035767,True,0.0575103342809279
2,0.0,NHF,,,15,0.1.0b1,35f6a6573ef9,1.1.0a5,1.0,0.14661769656871976,192399.47177272727,90852.4875,-0.5277924275835856,True,0.05,0.11992654485307966,True,0.39853089706159295
2,0.0,NDY,0.0,,15,0.1.0b1,35f6a6573ef9,1.1.0a5,0.6972732724355918,0.17325287423351315,156334.0111663537,129257.58301060267,-0.17319601764032805,True,0.05,0.1989902409254097,True,0.19899024092540968
2,0.0,-10%,0.1,,15,0.1.0b1,35f6a6573ef9,1.1.0a5,1.0,0.20540403414297248,164168.81364381613,145352.88384319886,-0.11461330189935273,True,0.05,0.2761071581290453,True,0.23588320963860307
2,0.0,-20%,0.2,,15,0.1.0b1,35f6a6573ef9,1.1.0a5,1.0,0.267722405741193,170511.73419197483,153988.2928303928,-0.0969050103201619,True,0.05,0.2538272203401176,True,0.14259426484675847
2,0.0,+/-10%,0.1,0.1,15,0.1.0b1,35f6a6573ef9,1.1.0a5,0.3088884141505548,0.1483854123564009,163566.0820043445,142708.93726130118,-0.1275150965741744,True,0.05,0.14729209835577253,True,0.12908918262651076
2,0.0,+/-20%,0.2,0.2,15,0.1.0b1,35f6a6573ef9,1.1.0a5,0.3958234352039274,0.1583631896083033,169351.95938927733,147544.5796024484,-0.12876957470980224,True,0.05,0.14882476856290422,True,0.13009921082950765
2,0.02,NHF,,,15,0.1.0b1,35f6a6573ef9,1.1.0a5,0.0,0.0,175450.73654545454,175450.73654545454,0.0,False,0.05,0.0,False,0.0
2,0.02,NDY,0.0,,15,0.1.0b1,35f6a6573ef9,1.1.0a5,0.1233282141837545,0.072528079741445,155438.82157618622,144165.14232999235,-0.072528079741445,True,0.05,0.06301930078338117,True,0.06301930078338118
2,0.02,-10%,0.1,,15,0.1.0b1,35f6a6573ef9,1.1.0a5,0.17827127402737608,0.024300490396202842,158136.75801207827,161076.49557330806,0.018589843362068027,False,0.05,2.5610988821779286e-05,False,1.984851499411036e-05
2,0.02,-20%,0.2,,15,0.1.0b1,35f6a6573ef9,1.1.0a5,0.1465482164837374,0.0327678395401987,160863.95987870355,164462.16413540614,0.0223679950401305,False,0.05,0.012414592708011787,False,0.007966756645955664
2,0.02,+/-10%,0.1,0.1,15,0.1.0b1,35f6a6573ef9,1.1.0a5,0.2036193191403007,0.025655900430541653,158358.48709962855,160853.01063660812,0.015752382980333622,False,0.05,0.0024213703413432505,False,0.002262481788754523
2,0.02,+/-20%,0.2,0.2,15,0.1.0b1,35f6a6573ef9,1.1.0a5,0.2655057047966128,0.092365254544455,160695.66542453316,163735.94211723428,0.018919469200797564,True,0.05,0.07380123222412972,True,0.05882557140915169
2,0.04,NHF,,,15,0.1.0b1,35f6a6573ef9,1.1.0a5,0.0,0.0,175450.73654545454,175450.73654545454,0.0,False,0.05,0.0,False,0.0
2,0.04,NDY,0.0,,15,0.1.0b1,35f6a6573ef9,1.1.0a5,0.16194956892332896,0.08823991981640836,155377.48988217153,141666.99263369388,-0.08823991981640858,True,0.05,0.07322065077571734,True,0.0732206507757173
2,0.04,-10%,0.1,,15,0.1.0b1,35f6a6573ef9,1.1.0a5,0.2099088073372909,0.014822696852199353,157868.215063094,159784.336151467,0.012137472306298058,False,0.05,2.2799485457011904e-10,False,1.8678221768139784e-10
2,0.04,-20%,0.2,,15,0.1.0b1,35f6a6573ef9,1.1.0a5,0.19431503356284152,0.03239127532957046,160897.60047444984,162664.97120695878,0.010984444313012631,False,0.05,7.17177912768412e-05,False,5.40941173133977e-05
2,0.04,+/-10%,0.1,0.1,15,0.1.0b1,35f6a6573ef9,1.1.0a5,0.15106711027489736,0.018608339006492378,157986.03491955853,159897.98306323722,0.012102007273314957,False,0.05,0.0019433765468420793,False,0.0012985389338205338
2,0.04,+/-20%,0.2,0.2,15,0.1.0b1,35f6a6573ef9,1.1.0a5,0.08376866397896295,0.01247022229793296,160595.78770539688,161911.37968724378,0.008191945758006244,False,0.05,2.6285846754547714e-05,False,2.0347481123584583e-05
2,0.06,NHF,,,15,0.1.0b1,35f6a6573ef9,1.1.0a5,0.0,0.0,175450.73654545454,175450.73654545454,0.0,False,0.05,0.0,False,0.0
2,0.06,NDY,0.0,,15,0.1.0b1,35f6a6573ef9,1.1.0a5,0.17194812161325884,0.09504084714349226,155386.71753131616,140618.63226229334,-0.09504084714349222,True,0.05,0.07933952181281984,True,0.07933952181281986
2,0.06,-10%,0.1,,15,0.1.0b1,35f6a6573ef9,1.1.0a5,0.21560360950462354,0.014373574387272204,157868.215063094,159758.70505654722,0.011975114767071204,False,0.05,4.703603958708848e-10,False,4.1315428804193626e-10
2,0.06,-20%,0.2,,15,0.1.0b1,35f6a6573ef9,1.1.0a5,0.02594116891051077,0.002558575077047953,160285.6633408301,159987.2934045239,-0.001861488607822353,False,0.05,0.001040727125408741,False,0.0009072488788586
2,0.06,+/-10%,0.1,0.1,15,0.1.0b1,35f6a6573ef9,1.1.0a5,0.15167340258390008,0.02229119530816247,157986.03491955853,159786.26721141583,0.011394882419664026,False,0.05,0.0027429378877516578,False,0.0016429568601173128
2,0.06,+/-20%,0.2,0.2,15,0.1.0b1,35f6a6573ef9,1.1.0a5,0.4825776216165298,0.06620701904247182,155575.63221347818,160671.086348327,0.03275226372120358,True,0.05,0.007011375476767619,False,0.005593868476053526
3,0.0,NHF,,,15,0.1.0b1,35f6a6573ef9,1.1.0a5,1.0,0.5395368103384226,124461.62281818182,69534.496,-0.44131777791794835,True,0.05,0.4093052155076339,True,1.4295242042481897
3,0.0,NDY,0.0,,15,0.1.0b1,35f6a6573ef9,1.1.0a5,0.8970677892867569,0.24205781934039905,102365.67680263257,83389.5304747344,-0.18537606471830753,True,0.05,0.2989368638424577,True,0.26424229136925087
3,0.0,-10%,0.1,,15,0.1.0b1,35f6a6573ef9,1.1.0a5,0.9849723048099726,0.25528974899238444,106342.06738110929,90439.08682493863,-0.1495455274456671,True,0.05,0.32052150820383235,True,0.33465649531718544
3,0.0,-20%,0.2,,15,0.1.0b1,35f6a6573ef9,1.1.0a5,1.0,0.34187865334578166,111451.43168600224,95058.6787797054,-0.1470842739147665,True,0.05,0.42614184318776244,True,0.6737870418783344
3,0.0,+/-10%,0.1,0.1,15,0.1.0b1,35f6a6573ef9,1.1.0a5,0.3683635988055912,0.19226813253832284,107490.2038964996,85137.47688870272,-0.20795129414137056,True,0.05,0.19940580565086236,True,0.22122111565461572
3,0.0,+/-20%,0.2,0.2,15,0.1.0b1,35f6a6573ef9,1.1.0a5,0.35235001032506436,0.17845792483296563,109643.01633148233,88062.50610737118,-0.19682521464811825,True,0.05,0.17706310959255997,True,0.20055011443471363
3,0.02,NHF,,,15,0.1.0b1,35f6a6573ef9,1.1.0a5,1.0,0.2216491525441196,102185.36005454545,99257.25432727273,-0.028654845720656342,True,0.05,0.3041028597200416,True,0.45106097794871186
3,0.02,NDY,0.0,,15,0.1.0b1,35f6a6573ef9,1.1.0a5,0.339884728333787,0.024530806037847647,97781.55186070748,94551.44520311453,-0.03303390666364469,False,0.05,0.0018493302186120748,False,0.0018994943743055274
3,0.02,-10%,0.1,,15,0.1.0b1,35f6a6573ef9,1.1.0a5,0.1871331984956732,0.02187111395188334,96551.08815444428,94231.3599690753,-0.024025914463628967,False,0.05,5.1731849135657536e-05,False,5.474517919006256e-05
3,0.02,-20%,0.2,,15,0.1.0b1,35f6a6573ef9,1.1.0a5,0.5196200908731098,0.09301803700590164,96726.96801761637,94264.040781615,-0.025462673817634927,True,0.05,0.04859978327819987,False,0.03990341985359793
3,0.02,+/-10%,0.1,0.1,15,0.1.0b1,35f6a6573ef9,1.1.0a5,0.20564265069041648,0.08396723456174524,98562.74473756122,95808.8727249088,-0.02794029346468632,True,0.05,0.06693982384472871,True,0.07278026116252632
3,0.02,+/-20%,0.2,0.2,15,0.1.0b1,35f6a6573ef9,1.1.0a5,0.3092402948168926,0.11790857251517459,99074.72264764785,96395.03133618926,-0.027047174494635947,True,0.05,0.11943911764750673,True,0.13644182219352882
3,0.04,NHF,,,15,0.1.0b1,35f6a6573ef9,1.1.0a5,1.3891691157342978e-16,9.261127438228652e-18,101056.26069090911,101056.26069090911,0.0,False,0.05,1.3891691157342977e-17,False,3.647508760666419e-17
3,0.04,NDY,0.0,,15,0.1.0b1,35f6a6573ef9,1.1.0a5,0.25382040991584215,0.10935925139632287,103986.78049077789,92614.8640211927,-0.1093592513963226,True,0.05,0.0875594397501877,True,0.0875594397501877
3,0.04,-10%,0.1,,15,0.1.0b1,35f6a6573ef9,1.1.0a5,0.20470931519710756,0.10289979175723658,102862.91524762523,94401.81197745452,-0.0822561099867919,True,0.05,0.11245814527739581,True,0.10483886485521028
3,0.04,-20%,0.2,,15,0.1.0b1,35f6a6573ef9,1.1.0a5,0.21280716577118292,0.12240501673647038,101947.57027130385,95942.90145916416,-0.058899577460845856,True,0.05,0.13178554400309245,True,0.11283824389103209
3,0.04,+/-10%,0.1,0.1,15,0.1.0b1,35f6a6573ef9,1.1.0a5,0.3015397991653277,0.15543766203896692,101851.25960238032,100111.54521924652,-0.017080931447735825,True,0.05,0.13717152344826247,True,0.14814184009206038
3,0.04,+/-20%,0.2,0.2,15,0.1.0b1,35f6a6573ef9,1.1.0a5,0.41366436793537764,0.18689377038224692,103052.02012680506,101184.45958182597,-0.018122503010431664,True,0.05,0.17698902172606007,True,0.20281205486202428
3,0.06,NHF,,,15,0.1.0b1,35f6a6573ef9,1.1.0a5,1.3891691157342978e-16,9.261127438228652e-18,101056.26069090911,101056.26069090911,0.0,False,0.05,1.3891691157342977e-17,False,3.647508760666419e-17
3,0.06,NDY,0.0,,15,0.1.0b1,35f6a6573ef9,1.1.0a5,0.39010085549703244,0.11927698190369564,103287.2866258438,92013.27522754388,-0.10915197568447901,True,0.05,0.09393962764487285,True,0.09401955269081537
3,0.06,-10%,0.1,,15,0.1.0b1,35f6a6573ef9,1.1.0a5,0.47744409098919766,0.15708384778526568,103534.27019117365,94670.89900954271,-0.08560809058937612,True,0.05,0.137503460351353,True,0.12514590632433195
3,0.06,-20%,0.2,,15,0.1.0b1,35f6a6573ef9,1.1.0a5,0.5018024471122319,0.205277917901701,100136.67487111715,94966.40891695712,-0.0516320914471598,True,0.05,0.18126663718292413,True,0.14405159194003656
3,0.06,+/-10%,0.1,0.1,15,0.1.0b1,35f6a6573ef9,1.1.0a5,0.3300614930859572,0.13754797451891582,99606.375589936,102650.20525484387,0.030558582689915795,True,0.05,0.12295009546024457,True,0.13918044529741408
3,0.06,+/-20%,0.2,0.2,15,0.1.0b1,35f6a6573ef9,1.1.0a5,0.6875005422600958,0.2752304301308799,106116.2109379858,103096.14340276395,-0.028460001620174483,True,0.05,0.2455683048646084,True,0.3168060752723651
4,0.0,NHF,,,15,0.1.0b1,35f6a6573ef9,1.1.0a5,1.0,0.6045560480112849,162436.55430000002,87985.9905,-0.4583362662476768,True,0.05,0.5068340720169274,True,1.0608505703709952
4,0.0,NDY,0.0,,15,0.1.0b1,35f6a6573ef9,1.1.0a5,0.6950919678673333,0.18634242995136568,131281.6436304581,108154.15014001369,-0.1761670013482273,True,0.05,0.22977845502056402,True,0.21847776010089337
4,0.0,-10%,0.1,,15,0.1.0b1,35f6a6573ef9,1.1.0a5,0.6637304768859906,0.20678430199053305,134271.26982968065,114843.62030047865,-0.14468954940133827,True,0.05,0.26086956035399067,True,0.3178996805327774
4,0.0,-20%,0.2,,15,0.1.0b1,35f6a6573ef9,1.1.0a5,1.0,0.31362516061374657,138015.11167601586,120748.7593055115,-0.1251047958504452,True,0.05,0.394481413812483,True,0.45192980213549655
4,0.0,+/-10%,0.1,0.1,15,0.1.0b1,35f6a6573ef9,1.1.0a5,0.31571843511340614,0.17682638933100508,133322.8694299221,109894.40713364826,-0.17572725816997545,True,0.05,0.19759567439378084,True,0.20202011576775905
4,0.0,+/-20%,0.2,0.2,15,0.1.0b1,35f6a6573ef9,1.1.0a5,0.4496968650974533,0.16657448982866718,136436.3374540101,115060.883355503,-0.15666980290871793,True,0.05,0.14198571936590393,True,0.1272154940039095
4,0.02,NHF,,,15,0.1.0b1,35f6a6573ef9,1.1.0a5,1.0,0.17554071327070497,133226.82386363638,130298.71813636365,-0.021978349722348564,True,0.05,0.23335116149987295,True,0.36245371803420934
4,0.02,NDY,0.0,,15,0.1.0b1,35f6a6573ef9,1.1.0a5,0.03654295564630268,0.0202643514272852,127953.36835587912,125360.47633321071,-0.02026435142728524,False,0.05,0.01700527690454056,False,0.017005276904540564
4,0.02,-10%,0.1,,15,0.1.0b1,35f6a6573ef9,1.1.0a5,0.11734228134543713,0.013886877519285383,125589.44697946004,125898.30054548981,0.0024592318340272363,False,0.05,0.002363585466906061,False,0.002235240360880792
4,0.02,-20%,0.2,,15,0.1.0b1,35f6a6573ef9,1.1.0a5,0.024486540999879777,0.0035453944385840496,126449.40056727131,126479.441922868,0.00023757610128577206,False,0.05,0.00011152815777751828,False,0.00011012403752713829
4,0.02,+/-10%,0.1,0.1,15,0.1.0b1,35f6a6573ef9,1.1.0a5,0.11704862721408583,0.020031988165482458,125553.56786998776,125424.58292596432,-0.0010273299772492709,False,0.05,0.027939175284565666,False,0.029911784721168334
4,0.02,+/-20%,0.2,0.2,15,0.1.0b1,35f6a6573ef9,1.1.0a5,0.20972963449918122,0.04146383659167762,126627.96890070185,126621.72304687832,-4.932444133586447e-05,False,0.05,0.05232271134757936,True,0.06455322437420223
4,0.04,NHF,,,15,0.1.0b1,35f6a6573ef9,1.1.0a5,1.216451809784119e-16,8.109678731894126e-18,132097.7245,132097.7245,0.0,False,0.05,1.216451809784119e-17,False,2.918007008533135e-17
4,0.04,NDY,0.0,,15,0.1.0b1,35f6a6573ef9,1.1.0a5,0.0669438760926455,0.03114088888469409,127857.16217916808,123875.57649863431,-0.03114088888469396,False,0.05,0.024604517920763683,False,0.024604517920763683
4,0.04,-10%,0.1,,15,0.1.0b1,35f6a6573ef9,1.1.0a5,0.03174382391617406,0.0028238525066020797,125179.17853942847,124817.44844954881,-0.0028896985433221755,False,0.05,0.0006065122605172309,False,0.0006185172777825095
4,0.04,-20%,0.2,,15,0.1.0b1,35f6a6573ef9,1.1.0a5,0.315971684013697,0.035301504887333,125699.41389371557,126796.86079014593,0.008730724053799542,False,0.05,0.0005127365154866625,False,0.0005242408963968364
4,0.04,+/-10%,0.1,0.1,15,0.1.0b1,35f6a6573ef9,1.1.0a5,0.1763169495999013,0.03968443295592424,121983.73307442944,124023.26232409083,0.01671968219251781,False,0.05,0.02292749511199311,False,0.024008506890213017
4,0.04,+/-20%,0.2,0.2,15,0.1.0b1,35f6a6573ef9,1.1.0a5,0.4980796264137062,0.18185777187512706,127341.41546207205,127271.25333952587,-0.0005509764619122148,True,0.05,0.15525123196905066,True,0.19059882022790683
4,0.06,NHF,,,15,0.1.0b1,35f6a6573ef9,1.1.0a5,1.216451809784119e-16,8.109678731894126e-18,132097.7245,132097.7245,0.0,False,0.05,1.216451809784119e-17,False,2.918007008533135e-17
4,0.06,NDY,0.0,,15,0.1.0b1,35f6a6573ef9,1.1.0a5,0.06831766632835595,0.035181306866886565,127857.16217916811,123358.98012141354,-0.035181306866886385,False,0.05,0.028821431504268823,False,0.02882143150426882
4,0.06,-10%,0.1,,15,0.1.0b1,35f6a6573ef9,1.1.0a5,0.006512896086117506,0.00043419319390429505,124461.99150642191,124531.62984576257,0.0005595149048941945,False,0.05,1.3009017886881473e-10,False,1.1519023861005511e-10
4,0.06,-20%,0.2,,15,0.1.0b1,35f6a6573ef9,1.1.0a5,0.23993018116511933,0.015995345592847432,122355.04871034622,125708.31349242578,0.027406018937704897,False,0.05,1.4531863615733615e-10,False,1.1484620608287701e-10
4,0.06,+/-10%,0.1,0.1,15,0.1.0b1,35f6a6573ef9,1.1.0a5,0.3253092840307031,0.11834280116857657,124476.7731192173,124743.5597432557,0.0021432643002633803,True,0.05,0.08655760403429212,True,0.09078583792975045
4,0.06,+/-20%,0.2,0.2,15,0.1.0b1,35f6a6573ef9,1.1.0a5,0.5822300108116809,0.23657688749676142,128050.03897959045,126075.81897920331,-0.015417566571001247,True,0.05,0.14930337817132858,True,0.20219365800309988
5,0.0,NHF,,,15,0.1.0b1,35f6a6573ef9,1.1.0a5,1.0,0.7333333333333333,117116.98758060895,79494.97800935002,-0.32123443702276383,True,0.05,0.7,True,1.915634185853477
5,0.0,NDY,0.0,,15,0.1.0b1,35f6a6573ef9,1.1.0a5,1.0,0.21380668322017243,99314.38064638895,78829.83520756797,-0.20625961019438518,True,0.05,0.21009742016782157,True,0.19704615830227407
5,0.0,-10%,0.1,,15,0.1.0b1,35f6a6573ef9,1.1.0a5,0.5231941123428686,0.26368563463606354,103979.53191359964,87366.05839769155,-0.1597763830069251,True,0.05,0.2880059379846683,True,0.27988209136227976
5,0.0,-20%,0.2,,15,0.1.0b1,35f6a6573ef9,1.1.0a5,1.0,0.4212347172962806,107040.08213276575,90592.3825268617,-0.15365925808524108,True,0.05,0.48653990185051643,True,0.4840807323569191
5,0.0,+/-10%,0.1,0.1,15,0.1.0b1,35f6a6573ef9,1.1.0a5,0.47101137312325503,0.20387231959671476,105834.98530410705,81232.92624721977,-0.232456772079625,True,0.05,0.1720514857421099,True,0.17802487851319432
5,0.0,+/-20%,0.2,0.2,15,0.1.0b1,35f6a6573ef9,1.1.0a5,0.612152232723273,0.1867182694492782,107604.518902784,85022.89329311303,-0.209857595572473,True,0.05,0.11488047253858547,True,0.12681921315368772
5,0.02,NHF,,,15,0.1.0b1,35f6a6573ef9,1.1.0a5,1.0,0.2432628032528065,98884.88753597214,94701.87935289905,-0.04230179441273477,True,0.05,0.33012857467282447,True,0.6320061796345852
5,0.02,NDY,0.0,,15,0.1.0b1,35f6a6573ef9,1.1.0a5,0.4522335311212166,0.09100401371593118,92807.42957843491,90250.88525256072,-0.027546763631822808,True,0.05,0.10739219660155816,True,0.10599383791971433
5,0.02,-10%,0.1,,15,0.1.0b1,35f6a6573ef9,1.1.0a5,0.9018948090344413,0.15633933439104522,90889.75363372937,87200.71402326124,-0.04058806920452602,True,0.05,0.1860181535101761,True,0.18780393501694756
5,0.02,-20%,0.2,,15,0.1.0b1,35f6a6573ef9,1.1.0a5,0.4025766304226515,0.06763344380423851,89048.73817004694,89436.71552325637,0.004356910172815101,True,0.05,0.09664994861202633,True,0.08294925603763652
5,0.02,+/-10%,0.1,0.1,15,0.1.0b1,35f6a6573ef9,1.1.0a5,0.30690486366225184,0.13990512809377625,92450.6511338569,88913.83873746796,-0.03825621943179263,True,0.05,0.15313225892116641,True,0.1773914537181586
5,0.02,+/-20%,0.2,0.2,15,0.1.0b1,35f6a6573ef9,1.1.0a5,0.3365604353219567,0.11747150231894585,91861.48417847583,89532.94854943572,-0.02534833450454649,True,0.05,0.12291003414517694,True,0.15305670290226342
5,0.04,NHF,,,15,0.1.0b1,35f6a6573ef9,1.1.0a5,1.7070659635119943e-16,1.1380439756746628e-17,98239.6879000924,98239.6879000924,0.0,False,0.05,0.0,False,0.0
5,0.04,NDY,0.0,,15,0.1.0b1,35f6a6573ef9,1.1.0a5,0.1425383790328632,0.08667970955503876,98271.80169178735,89933.71270328137,-0.08484721807235161,True,0.05,0.08716145363865381,True,0.08264874026514797
5,0.04,-10%,0.1,,15,0.1.0b1,35f6a6573ef9,1.1.0a5,0.1342542746256981,0.06579018083099349,94805.71862963763,88976.6719519821,-0.0614841252396064,True,0.05,0.06629155180602811,True,0.06482582423901632
5,0.04,-20%,0.2,,15,0.1.0b1,35f6a6573ef9,1.1.0a5,0.12536108021603348,0.008357405453127657,88632.1094207161,90013.50166734873,0.015585686222083285,False,0.05,1.4571117819365154e-10,False,1.170028604526317e-10
5,0.04,+/-10%,0.1,0.1,15,0.1.0b1,35f6a6573ef9,1.1.0a5,0.3251384181489288,0.14751671953973383,93732.5588234663,94916.34477844894,0.012629399750114083,True,0.05,0.14957726448836156,True,0.16457573862950858
5,0.04,+/-20%,0.2,0.2,15,0.1.0b1,35f6a6573ef9,1.1.0a5,0.37406741625391554,0.15243922111558814,90167.44366920207,93469.78253572251,0.036624514704395456,True,0.05,0.16217023622920282,True,0.20416389407607083
5,0.06,NHF,,,15,0.1.0b1,35f6a6573ef9,1.1.0a5,1.7070659635119943e-16,1.1380439756746628e-17,98239.6879000924,98239.6879000924,0.0,False,0.05,0.0,False,0.0
5,0.06,NDY,0.0,,15,0.1.0b1,35f6a6573ef9,1.1.0a5,0.24349485671502363,0.11219733324417795,99162.70387248119,88479.84286212246,-0.10773063453469774,True,0.05,0.10152982103058292,True,0.09551484529686312
5,0.06,-10%,0.1,,15,0.1.0b1,35f6a6573ef9,1.1.0a5,0.23395735753962837,0.08324360744091476,94913.70587968318,88515.98262274358,-0.06740568390670192,True,0.05,0.08159233745019559,True,0.07583241728562204
5,0.06,-20%,0.2,,15,0.1.0b1,35f6a6573ef9,1.1.0a5,0.1705737379986116,0.03439469022931504,89940.10421368836,90498.48925444193,0.006208409981679582,False,0.05,0.0275189737504061,False,0.02419000971305551
5,0.06,+/-10%,0.1,0.1,15,0.1.0b1,35f6a6573ef9,1.1.0a5,0.4567182290229615,0.1681392770237726,94506.5956246466,95843.98608671142,0.01415129233282892,True,0.05,0.13839256973373207,True,0.16540920256829308
5,0.06,+/-20%,0.2,0.2,15,0.1.0b1,35f6a6573ef9,1.1.0a5,0.46820234497580576,0.15612854314519345,92676.50062095541,97966.84945441548,0.057084037463795326,True,0.05,0.15262483297329837,True,0.18695376509164005
6,0.0,NHF,,,15,0.1.0b1,35f6a6573ef9,1.1.0a5,1.0,0.557312410779898,152451.68176929024,92156.36678394118,-0.3955044266195488,True,0.05,0.5359686161698469,True,1.5055588550781076
6,0.0,NDY,0.0,,15,0.1.0b1,35f6a6573ef9,1.1.0a5,0.8932478834445454,0.21509404756107425,123041.93147693078,102289.40101722977,-0.16866226180456145,True,0.05,0.2983063815920904,True,0.2697897907451009
6,0.0,-10%,0.1,,15,0.1.0b1,35f6a6573ef9,1.1.0a5,0.31082335903296776,0.18084368803371215,125994.55864054715,107591.45936438486,-0.14606265123452614,True,0.05,0.20471965394031827,True,0.21339267798873157
6,0.0,-20%,0.2,,15,0.1.0b1,35f6a6573ef9,1.1.0a5,1.0,0.42235339233045627,128261.95770332671,104073.90892073278,-0.18858318721862588,True,0.05,0.4331028644896864,True,0.5949114517642512
6,0.0,+/-10%,0.1,0.1,15,0.1.0b1,35f6a6573ef9,1.1.0a5,0.25085613200243023,0.17020549194725762,123952.6098212732,102955.22039442262,-0.16939852623616913,True,0.05,0.20182050031016954,True,0.20942453879728773
6,0.0,+/-20%,0.2,0.2,15,0.1.0b1,35f6a6573ef9,1.1.0a5,0.4218184588568861,0.16991388126687587,126293.17955871244,105883.11958052809,-0.16160856864559273,True,0.05,0.142042204293634,True,0.11354264001021473
6,0.02,NHF,,,15,0.1.0b1,35f6a6573ef9,1.1.0a5,1.0,0.23209941792320862,127030.00973241073,122847.00154933766,-0.032929291211459426,True,0.05,0.31825827405049606,True,0.5171338716635391
6,0.02,NDY,0.0,,15,0.1.0b1,35f6a6573ef9,1.1.0a5,0.26442746193050504,0.027477279731781754,117836.14773714654,116184.17915473279,-0.01401920050966662,False,0.05,0.009508510640632722,False,0.009703289686491028
6,0.02,-10%,0.1,,15,0.1.0b1,35f6a6573ef9,1.1.0a5,0.08741100787203282,0.022153057322826523,115741.33647190199,115083.25705087841,-0.005685776932283267,False,0.05,0.02494612644573948,False,0.022866275918269018
6,0.02,-20%,0.2,,15,0.1.0b1,35f6a6573ef9,1.1.0a5,0.35549915936417353,0.09816124286056012,114205.670583178,115590.88704871087,0.012129139108937585,True,0.05,0.09435478659695451,True,0.0894441949872142
6,0.02,+/-10%,0.1,0.1,15,0.1.0b1,35f6a6573ef9,1.1.0a5,0.22318103581345353,0.09340261096295385,116581.70046819195,115784.76484289592,-0.006835855216517991,True,0.05,0.1108635094043829,True,0.12176751894781242
6,0.02,+/-20%,0.2,0.2,15,0.1.0b1,35f6a6573ef9,1.1.0a5,0.27634615099485527,0.14910780861269907,116773.65960067554,117101.318702205,0.002805933312785881,True,0.05,0.17094199282929234,True,0.18706803536728972
6,0.04,NHF,,,15,0.1.0b1,35f6a6573ef9,1.1.0a5,1.3638851119134043e-16,9.092567412756028e-18,125820.26041471281,125820.26041471281,0.0,False,0.05,1.3638851119134043e-17,False,2.918007008533134e-17
6,0.04,NDY,0.0,,15,0.1.0b1,35f6a6573ef9,1.1.0a5,0.22002584339457404,0.018493285496071724,117153.6370209993,114501.3537131756,-0.022639359521960816,False,0.05,0.0035360815260948343,False,0.003536081526094834
6,0.04,-10%,0.1,,15,0.1.0b1,35f6a6573ef9,1.1.0a5,0.0009875552806495587,6.583719221918455e-05,113889.62039118924,113879.14150309624,-9.200915813931174e-05,False,0.05,1.6188164752964953e-10,False,1.4559082251156782e-10
6,0.04,-20%,0.2,,15,0.1.0b1,35f6a6573ef9,1.1.0a5,0.2299772726066719,0.015331818242822922,112029.53429280593,115198.62792677662,0.028288019351109656,False,0.05,8.000206871090158e-11,False,6.272395758130631e-11
6,0.04,+/-10%,0.1,0.1,15,0.1.0b1,35f6a6573ef9,1.1.0a5,0.30906893435459437,0.11118248395727338,114390.06608836901,115192.24796256157,0.0070126882658923225,True,0.05,0.097697513230942,True,0.10639948737335471
6,0.04,+/-20%,0.2,0.2,15,0.1.0b1,35f6a6573ef9,1.1.0a5,0.35037251860062624,0.17156295338978053,117327.99460806434,116698.15946832504,-0.0053681573766198795,True,0.05,0.15333377818066427,True,0.17457763021797326
6,0.06,NHF,,,15,0.1.0b1,35f6a6573ef9,1.1.0a5,1.3638851119134043e-16,9.092567412756028e-18,125820.26041471281,125820.26041471281,0.0,False,0.05,1.3638851119134043e-17,False,2.918007008533134e-17
6,0.06,NDY,0.0,,15,0.1.0b1,35f6a6573ef9,1.1.0a5,0.013269787565839998,0.008028267613251186,114966.4486983247,114044.8814392824,-0.008015967001472966,False,0.05,0.007892842984138755,False,0.007892842984138752
6,0.06,-10%,0.1,,15,0.1.0b1,35f6a6573ef9,1.1.0a5,0.001245317173556488,8.302133074692399e-05,114177.56316025236,114190.79363217871,0.00011587628567426117,False,0.05,1.3909462922660461e-10,False,1.2389528874845742e-10
6,0.06,-20%,0.2,,15,0.1.0b1,35f6a6573ef9,1.1.0a5,0.2665781163342532,0.01777187452278966,110504.55893844833,114361.33413688562,0.034901503028355,False,0.05,8.596441722232391e-11,False,7.287284124309752e-11
6,0.06,+/-10%,0.1,0.1,15,0.1.0b1,35f6a6573ef9,1.1.0a5,0.2977394240809935,0.14192128327354353,115025.85540590514,114753.32710651783,-0.002369278615017547,True,0.05,0.11495167919680724,True,0.13303841150660456
6,0.06,+/-20%,0.2,0.2,15,0.1.0b1,35f6a6573ef9,1.1.0a5,0.6127435190645716,0.16150692418610918,110834.34859694149,115401.70169676613,0.04120882341659452,True,0.05,0.116181908282316,True,0.1524210076586726
7,0.0,NHF,,,15,0.1.0b1,35f6a6573ef9,1.1.0a5,1.0,0.4335986102087539,132855.46357742924,99521.32441278,-0.25090529412229884,True,0.05,0.5236879538487955,True,1.6663503313868058
7,0.0,NDY,0.0,,15,0.1.0b1,35f6a6573ef9,1.1.0a5,1.0,0.20450068309296404,119852.1996965864,92033.31705147351,-0.23210990466206033,True,0.05,0.15807553305546193,True,0.15896027948167302
7,0.0,-10%,0.1,,15,0.1.0b1,35f6a6573ef9,1.1.0a5,0.7247709652305877,0.24479966070247092,121255.93612636313,96222.19634524567,-0.206453725737842,True,0.05,0.18615847072061759,True,0.3300797094987499
7,0.0,-20%,0.2,,15,0.1.0b1,35f6a6573ef9,1.1.0a5,1.0,0.40326230048070333,121617.23109897786,92166.38333737207,-0.24216015687478773,True,0.05,0.3229350946871273,True,0.6673896304126055
7,0.0,+/-10%,0.1,0.1,15,0.1.0b1,35f6a6573ef9,1.1.0a5,0.32089378180717726,0.17153492702941983,118571.88556267305,95072.47356304129,-0.19818704820385752,True,0.05,0.1530023899825515,True,0.16807423972381388
7,0.0,+/-20%,0.2,0.2,15,0.1.0b1,35f6a6573ef9,1.1.0a5,0.5489374350961459,0.20711824924643854,121029.67032069695,93890.56987187965,-0.22423510183003714,True,0.05,0.11522426342788875,True,0.15536082153147104
7,0.02,NHF,,,15,0.1.0b1,35f6a6573ef9,1.1.0a5,1.0,0.23627157505492644,115675.23896214225,111492.23077906917,-0.03616165586173612,True,0.05,0.30366657687921234,True,0.5684539459355297
7,0.02,NDY,0.0,,15,0.1.0b1,35f6a6573ef9,1.1.0a5,0.2955700437087963,0.05181772273980116,111206.52206900099,104442.82064437063,-0.0608210858391349,True,0.05,0.011993997977391663,False,0.012011408122639665
7,0.02,-10%,0.1,,15,0.1.0b1,35f6a6573ef9,1.1.0a5,0.3005540291688038,0.05632301150275034,110206.15362962874,104386.42487920664,-0.052807656911614397,True,0.05,0.015488899417619145,False,0.01859165340301469
7,0.02,-20%,0.2,,15,0.1.0b1,35f6a6573ef9,1.1.0a5,0.28827309582607014,0.10660523499344668,110528.28281536486,105969.18224124664,-0.04124827110300896,True,0.05,0.05391493935941316,True,0.06406892365420434
7,0.02,+/-10%,0.1,0.1,15,0.1.0b1,35f6a6573ef9,1.1.0a5,0.1641411682818161,0.07306341220950192,107726.03308719238,103991.03319157183,-0.03467128407668628,True,0.05,0.058113540225255646,True,0.05600262627198774
7,0.02,+/-20%,0.2,0.2,15,0.1.0b1,35f6a6573ef9,1.1.0a5,0.2305088837103925,0.07330445498158746,109266.4685201926,105527.730151886,-0.03421670361402479,True,0.05,0.060080585093544726,True,0.06818260927097802
7,0.04,NHF,,,15,0.1.0b1,35f6a6573ef9,1.1.0a5,0.0,0.0,112636.72942853736,112636.72942853736,0.0,False,0.05,0.0,False,0.0
7,0.04,NDY,0.0,,15,0.1.0b1,35f6a6573ef9,1.1.0a5,0.18530578249634835,0.0607082628558846,110096.63820629694,103410.61753695992,-0.06072865419204606,True,0.05,0.06371525797399016,True,0.06383765297844449
7,0.04,-10%,0.1,,15,0.1.0b1,35f6a6573ef9,1.1.0a5,0.2227213351711553,0.031959343463589494,110095.83898476935,105775.58252289772,-0.03924086960697299,False,0.05,0.0007810780777689243,False,0.0007549332261206599
7,0.04,-20%,0.2,,15,0.1.0b1,35f6a6573ef9,1.1.0a5,0.2423721501545216,0.031150074597157254,110297.84728967995,107107.3377658814,-0.028926308193660207,False,0.05,0.014028844912100926,False,0.013692569721045555
7,0.04,+/-10%,0.1,0.1,15,0.1.0b1,35f6a6573ef9,1.1.0a5,0.2123131660193806,0.07056433780967629,110117.81551398154,107449.06475240011,-0.024235413217424173,True,0.05,0.04583748929364222,False,0.04516396651773124
7,0.04,+/-20%,0.2,0.2,15,0.1.0b1,35f6a6573ef9,1.1.0a5,0.2968851917290178,0.06865959342870039,107579.39351636525,107249.37720637539,-0.003067653564524518,True,0.05,0.03957350280037565,False,0.042187879531807755
7,0.06,NHF,,,15,0.1.0b1,35f6a6573ef9,1.1.0a5,0.0,0.0,112636.72942853736,112636.72942853736,0.0,False,0.05,0.0,False,0.0
7,0.06,NDY,0.0,,15,0.1.0b1,35f6a6573ef9,1.1.0a5,0.31142524728412513,0.08097089782550533,110124.23356876256,102932.67775155132,-0.06530402604546405,True,0.05,0.06025658912279045,True,0.06037408962640214
7,0.06,-10%,0.1,,15,0.1.0b1,35f6a6573ef9,1.1.0a5,0.13650343662615835,0.03651563669132369,110265.46807602029,107731.53194439248,-0.022980323539558527,False,0.05,0.03737775619200555,False,0.03267683878001393
7,0.06,-20%,0.2,,15,0.1.0b1,35f6a6573ef9,1.1.0a5,0.12493645883851791,0.02105780335856172,110055.67651600156,109201.43206767773,-0.007761929919168077,False,0.05,0.025072368647060434,False,0.019704064559458636
7,0.06,+/-10%,0.1,0.1,15,0.1.0b1,35f6a6573ef9,1.1.0a5,0.38993217639256206,0.11373819089366159,101971.52462420154,109142.75741364366,0.07032583670657527,True,0.05,0.06540555563035752,True,0.06296813548063879
7,0.06,+/-20%,0.2,0.2,15,0.1.0b1,35f6a6573ef9,1.1.0a5,0.38690701190022897,0.07860971613998528,104246.34781811839,109407.19241243014,0.04950623884988306,True,0.05,0.0626594828609314,True,0.06501465531865741
8,0.0,NHF,,,15,0.1.0b1,35f6a6573ef9,1.1.0a5,1.0,0.49557091287630467,163416.5908460517,113678.75499701868,-0.30436221678305025,True,0.05,0.5516770500129897,True,2.3121466861199234
8,0.0,NDY,0.0,,15,0.1.0b1,35f6a6573ef9,1.1.0a5,1.0,0.15671446349063659,137988.28891283667,115416.91754619838,-0.16357454349547002,True,0.05,0.1640179645186209,True,0.15611214378977098
8,0.0,-10%,0.1,,15,0.1.0b1,35f6a6573ef9,1.1.0a5,0.8021285912353312,0.31082793045931467,139672.32421891557,115560.25236988376,-0.1726331396278602,True,0.05,0.33043084463973843,True,0.5854302809542319
8,0.0,-20%,0.2,,15,0.1.0b1,35f6a6573ef9,1.1.0a5,1.0,0.21692607984081794,140067.20917835832,112436.31799562098,-0.1972688064881253,True,0.05,0.09666089908655637,True,0.13336483492976461
8,0.0,+/-10%,0.1,0.1,15,0.1.0b1,35f6a6573ef9,1.1.0a5,0.27731525448107613,0.12514195565304373,136191.26618803642,117939.83971538694,-0.13401319323553473,True,0.05,0.13237865287080297,True,0.14605299245338477
8,0.0,+/-20%,0.2,0.2,15,0.1.0b1,35f6a6573ef9,1.1.0a5,0.4945870713749586,0.21703034862057285,139190.87943671524,117016.19140993647,-0.159311358017971,True,0.05,0.18927704301616716,True,0.27291151897787225
8,0.02,NHF,,,15,0.1.0b1,35f6a6573ef9,1.1.0a5,1.0,0.23407329240707841,130449.10861510546,128357.60452503298,-0.01603310373123008,True,0.05,0.3169452991284122,True,0.2506066363030611
8,0.02,NDY,0.0,,15,0.1.0b1,35f6a6573ef9,1.1.0a5,0.08496696541661988,0.02231516203135886,128458.86894924619,125247.55661272637,-0.024998759235445193,False,0.05,0.0003136773631199812,False,0.00031367891669476406
8,0.02,-10%,0.1,,15,0.1.0b1,35f6a6573ef9,1.1.0a5,0.01969910975505448,0.005774733928900327,127806.6289877465,128517.85923749386,0.005564893271815712,False,0.05,0.0008188646608483011,False,0.000841584925442643
8,0.02,-20%,0.2,,15,0.1.0b1,35f6a6573ef9,1.1.0a5,0.22943097609223945,0.0330377832743782,127065.18393918258,128779.02699412234,0.013487904411015212,False,0.05,0.022583427092809527,False,0.02039654377549789
8,0.02,+/-10%,0.1,0.1,15,0.1.0b1,35f6a6573ef9,1.1.0a5,0.18067836698042689,0.03716894798036696,128702.21922113042,127531.696959453,-0.009094810243064163,False,0.05,0.007739199118595203,False,0.007567503921874266
8,0.02,+/-20%,0.2,0.2,15,0.1.0b1,35f6a6573ef9,1.1.0a5,0.24513759558379053,0.04151196855719668,128492.66496607423,128830.33345285941,0.0026279203320620794,False,0.05,0.007971688363920716,False,0.0070445005103452005
8,0.04,NHF,,,15,0.1.0b1,35f6a6573ef9,1.1.0a5,0.0,0.0,128412.17632830482,128412.17632830482,0.0,False,0.05,0.0,False,0.0
8,0.04,NDY,0.0,,15,0.1.0b1,35f6a6573ef9,1.1.0a5,0.2243600218769529,0.021948251032442332,128635.36094248052,125130.29682727355,-0.027248060638429484,False,0.05,1.9924073971508282e-10,False,1.9894918268938789e-10
8,0.04,-10%,0.1,,15,0.1.0b1,35f6a6573ef9,1.1.0a5,0.015403429278577505,0.004051407082987858,127659.96171152337,128264.26208171643,0.004733671874025868,False,0.05,3.6119836291073905e-05,False,3.691887360219421e-05
8,0.04,-20%,0.2,,15,0.1.0b1,35f6a6573ef9,1.1.0a5,0.14123001252517722,0.009542298985930389,127152.29498561787,128509.40779815492,0.01067312872874648,False,0.05,1.2414214423897358e-10,False,1.0857166532824837e-10
8,0.04,+/-10%,0.1,0.1,15,0.1.0b1,35f6a6573ef9,1.1.0a5,0.1966683389330834,0.046490329807590505,128413.1623896614,127279.82364061144,-0.00882572103949061,False,0.05,0.0181911838228185,False,0.019072638222600177
8,0.04,+/-20%,0.2,0.2,15,0.1.0b1,35f6a6573ef9,1.1.0a5,0.33973602321894575,0.07661059308011889,128231.31987639725,128102.03241475867,-0.0010082362231255387,True,0.05,0.04499542618469622,False,0.046876412006422494
8,0.06,NHF,,,15,0.1.0b1,35f6a6573ef9,1.1.0a5,0.0,0.0,128412.17632830482,128412.17632830482,0.0,False,0.05,0.0,False,0.0
8,0.06,NDY,0.0,,15,0.1.0b1,35f6a6573ef9,1.1.0a5,0.19902578159884546,0.020779853816160352,128329.34878688594,125109.8306652542,-0.02508793313506433,False,0.05,1.992406330722892e-10,False,1.9894907243012893e-10
8,0.06,-10%,0.1,,15,0.1.0b1,35f6a6573ef9,1.1.0a5,0.06310967589792722,0.004552460231123321,127772.81337115566,127056.25441836778,-0.005608070558064722,False,0.05,1.3299255801633453e-10,False,1.1932019624336524e-10
8,0.06,-20%,0.2,,15,0.1.0b1,35f6a6573ef9,1.1.0a5,0.052163625383542744,0.0034775751228695246,127224.4898595658,127783.00335255181,0.004389984142223803,False,0.05,1.3405677040419753e-10,False,1.0778030562297826e-10
8,0.06,+/-10%,0.1,0.1,15,0.1.0b1,35f6a6573ef9,1.1.0a5,0.3306354629892837,0.06943041615512166,121630.29118244123,127205.50788980878,0.04583740327485462,True,0.05,0.05001925222800306,True,0.0512601602089025
8,0.06,+/-20%,0.2,0.2,15,0.1.0b1,35f6a6573ef9,1.1.0a5,0.5398752473408776,0.12788011379938993,117999.55245895949,128061.20434114791,0.08526855968956229,True,0.05,0.09758055928118847,True,0.10049560990577597
9,0.0,NHF,,,15,0.1.0b1,35f6a6573ef9,1.1.0a5,1.0,0.563841198459118,199971.6418246235,144251.3715250608,-0.27864086022972084,True,0.05,0.5044426243289246,True,0.5606500925493977
9,0.0,NDY,0.0,,15,0.1.0b1,35f6a6573ef9,1.1.0a5,0.2637246071165747,0.11461048247980266,176505.19109754695,155751.71916965814,-0.11757995217500002,True,0.05,0.10030284116319446,True,0.09758510469610981
9,0.0,-10%,0.1,,15,0.1.0b1,35f6a6573ef9,1.1.0a5,0.41771514858183273,0.15288163467103064,176925.3915187578,154524.08719570297,-0.12661441148021885,True,0.05,0.09172082785558648,True,0.08902145885117242
9,0.0,-20%,0.2,,15,0.1.0b1,35f6a6573ef9,1.1.0a5,0.5142033027289719,0.13771640974830396,176941.8124749646,155523.45697978424,-0.12104745167686594,True,0.05,0.07891700045547378,True,0.07305427385692859
9,0.0,+/-10%,0.1,0.1,15,0.1.0b1,35f6a6573ef9,1.1.0a5,0.4143755124600978,0.13026500427530008,177883.65781415874,158479.12902427587,-0.10908550582063843,True,0.05,0.07171166569331752,True,0.07953548341379431
9,0.0,+/-20%,0.2,0.2,15,0.1.0b1,35f6a6573ef9,1.1.0a5,0.45115645444494107,0.1419085660652011,177729.32609356008,157361.30984471503,-0.11460132492778906,True,0.05,0.08317309614479336,True,0.0969807245396978
9,0.02,NHF,,,15,0.1.0b1,35f6a6573ef9,1.1.0a5,0.7008330573540666,0.25782261400777845,173915.60380266333,167225.95261302197,-0.038464928064947515,True,0.05,0.22308075812943132,True,0.18317267618695554
9,0.02,NDY,0.0,,15,0.1.0b1,35f6a6573ef9,1.1.0a5,0.0957849501701785,0.05333256983715736,176770.1468975939,167342.5406930534,-0.053332569837157395,True,0.05,0.044644155410604895,False,0.044644155410604895
9,0.02,-10%,0.1,,15,0.1.0b1,35f6a6573ef9,1.1.0a5,0.07757372688881244,0.021026993941383174,167556.3979684152,169043.48632709507,0.008875151153345954,False,0.05,0.006526608158414953,False,0.0054728045470385425
9,0.02,-20%,0.2,,15,0.1.0b1,35f6a6573ef9,1.1.0a5,0.16172089503953502,0.03600017345965714,166301.37828338274,168543.75926609774,0.013483838834419695,False,0.05,0.016438203140771185,False,0.015058277594843865
9,0.02,+/-10%,0.1,0.1,15,0.1.0b1,35f6a6573ef9,1.1.0a5,0.06652468583703555,0.014773444237632001,167480.37025614775,169054.78500963526,0.009400592744568021,False,0.05,0.002556877336232096,False,0.002015273766257076
9,0.02,+/-20%,0.2,0.2,15,0.1.0b1,35f6a6573ef9,1.1.0a5,0.15815330276200606,0.07322977310913246,166419.26045013763,169100.7619261271,0.01611292748649666,True,0.05,0.06327532239162148,True,0.059498227232132606
9,0.04,NHF,,,15,0.1.0b1,35f6a6573ef9,1.1.0a5,1.7792462415224034e-16,1.1861641610149356e-17,164284.06776922103,164284.06776922103,0.0,False,0.05,0.0,False,0.0
9,0.04,NDY,0.0,,15,0.1.0b1,35f6a6573ef9,1.1.0a5,0.1173465248313674,0.06543297720273249,175665.1965616905,164170.89975975588,-0.06543297720273257,True,0.05,0.054721974714539864,True,0.05472197471453987
9,0.04,-10%,0.1,,15,0.1.0b1,35f6a6573ef9,1.1.0a5,0.12301802554496583,0.02909635623434931,167183.66258802023,168742.72949149806,0.009325474028641974,False,0.05,0.00642212347410224,False,0.005158666629273724
9,0.04,-20%,0.2,,15,0.1.0b1,35f6a6573ef9,1.1.0a5,0.19271685587645276,0.02374589771702289,166118.6429116781,167950.01526493428,0.011024484194888882,False,0.05,0.013495980458782017,False,0.01050554106759176
9,0.04,+/-10%,0.1,0.1,15,0.1.0b1,35f6a6573ef9,1.1.0a5,0.04846064831779118,0.012836810825185068,167335.9864509444,168504.71359891194,0.006984314448764279,False,0.05,0.0035622166576921794,False,0.002803702791217123
9,0.04,+/-20%,0.2,0.2,15,0.1.0b1,35f6a6573ef9,1.1.0a5,0.1448357302287332,0.044843507503849064,166419.0224255876,167792.0094198616,0.008250180623960253,False,0.05,0.04222212231085954,False,0.03932231063463977
9,0.06,NHF,,,15,0.1.0b1,35f6a6573ef9,1.1.0a5,1.7792462415224034e-16,1.1861641610149356e-17,164284.06776922103,164284.06776922103,0.0,False,0.05,0.0,False,0.0
9,0.06,NDY,0.0,,15,0.1.0b1,35f6a6573ef9,1.1.0a5,0.12238217118878042,0.07026250159856712,174584.8941518463,162318.1227474165,-0.07026250159856731,True,0.05,0.05975883871597225,True,0.05975883871597226
9,0.06,-10%,0.1,,15,0.1.0b1,35f6a6573ef9,1.1.0a5,0.1276526870029735,0.01647791608372971,167126.22009875128,168053.95167184333,0.005551083322197296,False,0.05,0.006158340308360684,False,0.005537993535468643
9,0.06,-20%,0.2,,15,0.1.0b1,35f6a6573ef9,1.1.0a5,0.1945082063616298,0.0511950197996031,166057.1811284733,166776.90767964124,0.004334209133726645,True,0.05,0.0426700150976145,False,0.04025824681376829
9,0.06,+/-10%,0.1,0.1,15,0.1.0b1,35f6a6573ef9,1.1.0a5,0.13148215576966024,0.017599213872989232,167120.1547716797,167634.03783971505,0.0030749317384095656,False,0.05,0.008780561101129156,False,0.007605721415600275
9,0.06,+/-20%,0.2,0.2,15,0.1.0b1,35f6a6573ef9,1.1.0a5,0.15346783962188126,0.04501839057959434,166251.09775670944,166659.9897789999,0.002459484645862851,False,0.05,0.03711773189181404,False,0.036741520620092796
10,0.0,NHF,,,15,0.1.0b1,35f6a6573ef9,1.1.0a5,1.0,0.5948744499469544,200442.93512076433,144072.98411764498,-0.2812269285976937,True,0.05,0.5469183984042387,True,0.6923806935286946
10,0.0,NDY,0.0,,15,0.1.0b1,35f6a6573ef9,1.1.0a5,0.3011338967273556,0.11253948713085556,176404.54301960324,155647.3588683159,-0.1176680815356363,True,0.05,0.09239627010452232,True,0.09166468626890086
10,0.0,-10%,0.1,,15,0.1.0b1,35f6a6573ef9,1.1.0a5,0.40595449255741145,0.14804337900117942,177102.9332403458,155256.40579358838,-0.1233549724278681,True,0.05,0.07317806879700026,True,0.07773949262306923
10,0.0,-20%,0.2,,15,0.1.0b1,35f6a6573ef9,1.1.0a5,0.5294075179137803,0.21100767354596345,177437.45111628965,154355.38130678792,-0.1300856705520083,True,0.05,0.18708168943640321,True,0.18153564674438247
10,0.0,+/-10%,0.1,0.1,15,0.1.0b1,35f6a6573ef9,1.1.0a5,0.4351358465635879,0.13064438556491215,177836.27508260755,159384.6387389877,-0.10375631369386695,True,0.05,0.07609155330615855,True,0.08491015648101355
10,0.0,+/-20%,0.2,0.2,15,0.1.0b1,35f6a6573ef9,1.1.0a5,0.43436620655892394,0.15857112390592407,177658.05829645286,157477.28630837498,-0.11359333869563522,True,0.05,0.10057184954995424,True,0.11643496884686678
10,0.02,NHF,,,15,0.1.0b1,35f6a6573ef9,1.1.0a5,0.8608597554743824,0.22602723169982658,174028.14453979683,167256.03288032673,-0.03891388762075465,True,0.05,0.17382937144211086,True,0.1430049057896975
10,0.02,NDY,0.0,,15,0.1.0b1,35f6a6573ef9,1.1.0a5,0.09661050566860789,0.05387646655066199,176894.56028827353,167364.1064279083,-0.05387646655066201,True,0.05,0.04503448651686344,False,0.045034486516863446
10,0.02,-10%,0.1,,15,0.1.0b1,35f6a6573ef9,1.1.0a5,0.17543327789144889,0.03388435921732305,167666.37471473063,169075.0418312913,0.00840160776993839,False,0.05,0.008097405876232967,False,0.007162797773431513
10,0.02,-20%,0.2,,15,0.1.0b1,35f6a6573ef9,1.1.0a5,0.2175289592698823,0.06359737899733506,166473.0945610612,168911.72282317394,0.014648783147466869,True,0.05,0.06003299469441088,True,0.05559723812707899
10,0.02,+/-10%,0.1,0.1,15,0.1.0b1,35f6a6573ef9,1.1.0a5,0.09102300192022665,0.010588347860364526,167836.58254353382,169250.97112988192,0.008427176989147942,False,0.05,0.0016470743671442533,False,0.001504026433020537
10,0.02,+/-20%,0.2,0.2,15,0.1.0b1,35f6a6573ef9,1.1.0a5,0.15804977857097827,0.09722870319764015,166514.4474486172,169471.61728034605,0.01775923877501004,True,0.05,0.09252832636316961,True,0.09075051922703009
10,0.04,NHF,,,15,0.1.0b1,35f6a6573ef9,1.1.0a5,3.82264544421736e-16,5.794003203652621e-17,163708.61460064046,163708.61460064052,3.555564931965388e-16,False,0.05,3.162641494463499e-17,False,5.787422267086612e-17
10,0.04,NDY,0.0,,15,0.1.0b1,35f6a6573ef9,1.1.0a5,0.11645123379004027,0.06453553693133432,175723.6461476731,164383.22629200126,-0.06453553693133413,True,0.05,0.053909559199787814,True,0.053909559199787814
10,0.04,-10%,0.1,,15,0.1.0b1,35f6a6573ef9,1.1.0a5,0.047330084613717543,0.01233742382932601,167578.3632459926,169172.3687995528,0.009512000968885846,False,0.05,0.004245508662406658,False,0.0033406922391184366
10,0.04,-20%,0.2,,15,0.1.0b1,35f6a6573ef9,1.1.0a5,0.1431805113312064,0.03181929710935462,166225.61882132068,168206.70471849787,0.01191805397522211,False,0.05,0.015757483519511128,False,0.013956430093383826
10,0.04,+/-10%,0.1,0.1,15,0.1.0b1,35f6a6573ef9,1.1.0a5,0.12853728813054924,0.023341726620767753,168084.12172339592,169227.14186928683,0.0068002862743448255,False,0.05,0.008282745957763394,False,0.006443853129331549
10,0.04,+/-20%,0.2,0.2,15,0.1.0b1,35f6a6573ef9,1.1.0a5,0.12692078264359805,0.03575559932605415,166142.3764880345,167413.0652942616,0.00764819206928,False,0.05,0.03096168854607121,False,0.027359916955111568
10,0.06,NHF,,,15,0.1.0b1,35f6a6573ef9,1.1.0a5,3.82264544421736e-16,5.794003203652621e-17,163708.61460064046,163708.61460064052,3.555564931965388e-16,False,0.05,3.162641494463499e-17,False,5.787422267086612e-17
10,0.06,NDY,0.0,,15,0.1.0b1,35f6a6573ef9,1.1.0a5,0.12343809860888469,0.07053611525565237,174691.67636092025,162369.60414292323,-0.07053611525565251,True,0.05,0.06017515102013431,True,0.06017515102013432
10,0.06,-10%,0.1,,15,0.1.0b1,35f6a6573ef9,1.1.0a5,0.07882791799794149,0.020793649478726035,167418.85465002246,168475.19950026248,0.006309593100778459,False,0.05,0.011486701605560376,False,0.009335489962384008
10,0.06,-20%,0.2,,15,0.1.0b1,35f6a6573ef9,1.1.0a5,0.10388648577069617,0.014512588115396132,165910.26644587168,166719.97967238628,0.0048804287031795944,False,0.05,0.006060258308833846,False,0.005404542607656371
10,0.06,+/-10%,0.1,0.1,15,0.1.0b1,35f6a6573ef9,1.1.0a5,0.286148982754486,0.052216713354424585,167438.0200480282,168107.62783966478,0.003999138256917421,True,0.05,0.003650508938468914,False,0.003793245687706021
10,0.06,+/-20%,0.2,0.2,15,0.1.0b1,35f6a6573ef9,1.1.0a5,0.09699928396800321,0.030068212389514508,166053.42513500256,166115.62355713942,0.00037456873946619486,False,0.05,0.031045141361320017,False,0.028247059544104648
11,0.0,NHF,,,15,0.1.0b1,35f6a6573ef9,1.1.0a5,0.9882216048150032,0.5719228871849642,175104.71306026034,126349.1163152024,-0.27843680442958296,True,0.05,0.5743466846869928,True,0.6643693635558877
11,0.0,NDY,0.0,,15,0.1.0b1,35f6a6573ef9,1.1.0a5,0.27219081763799147,0.1287591397438741,154683.06828186044,133436.7796785478,-0.13735367961927195,True,0.05,0.10145017070117548,True,0.10145017070117547
11,0.0,-10%,0.1,,15,0.1.0b1,35f6a6573ef9,1.1.0a5,0.5746789160157864,0.18634418879297193,155389.58293886104,129157.83506131699,-0.16881278256512916,True,0.05,0.08399993202659692,True,0.07620255324398448
11,0.0,-20%,0.2,,15,0.1.0b1,35f6a6573ef9,1.1.0a5,0.591585075070239,0.18163535359086236,155805.3070673309,132996.41689858868,-0.14639353817957826,True,0.05,0.09890809708960803,True,0.10770008461346585
11,0.0,+/-10%,0.1,0.1,15,0.1.0b1,35f6a6573ef9,1.1.0a5,0.4362502264060052,0.18308870781330147,156627.7378369883,134583.03142378136,-0.14074586479790802,True,0.05,0.1329887054844263,True,0.15105850455188774
11,0.0,+/-20%,0.2,0.2,15,0.1.0b1,35f6a6573ef9,1.1.0a5,0.5103386896807406,0.18606276895171267,156539.1580488361,134592.67579652002,-0.14019803431847613,True,0.05,0.12257314738601473,True,0.1405896031086825
11,0.02,NHF,,,15,0.1.0b1,35f6a6573ef9,1.1.0a5,0.5008179289526642,0.15959108264884078,147933.7457662369,143879.35009451202,-0.027406834395524608,True,0.05,0.13792016932234957,True,0.12638633996545962
11,0.02,NDY,0.0,,15,0.1.0b1,35f6a6573ef9,1.1.0a5,0.09445042350337374,0.05169452865113418,153365.18450022803,145437.04357599455,-0.05169452865113392,True,0.05,0.042875611007224416,False,0.04287561100722442
11,0.02,-10%,0.1,,15,0.1.0b1,35f6a6573ef9,1.1.0a5,0.1478774318212363,0.031233313030177293,145696.7879837295,145074.89288177784,-0.004268420124821951,False,0.05,0.027698404281371002,False,0.02342331536399365
11,0.02,-20%,0.2,,15,0.1.0b1,35f6a6573ef9,1.1.0a5,0.1362982605997176,0.05947985180157256,144912.77243667276,144242.5635375172,-0.004624912544878907,True,0.05,0.06030830369968213,True,0.061230563348320846
11,0.02,+/-10%,0.1,0.1,15,0.1.0b1,35f6a6573ef9,1.1.0a5,0.07833370447263621,0.01732491334730567,145725.13583712128,144895.31317396535,-0.00569443739674012,False,0.05,0.014122575804463555,False,0.012025436769229469
11,0.02,+/-20%,0.2,0.2,15,0.1.0b1,35f6a6573ef9,1.1.0a5,0.19293385530506454,0.05762925149780695,145088.640337095,143876.07750048165,-0.008357393341037071,True,0.05,0.03347229536846773,False,0.03548092752845406
11,0.04,NHF,,,15,0.1.0b1,35f6a6573ef9,1.1.0a5,1.640847058715549e-16,1.0938980391436993e-17,141163.23002121874,141163.23002121874,0.0,False,0.05,1.6408470587155488e-17,False,2.4056022100905544e-17
11,0.04,NDY,0.0,,15,0.1.0b1,35f6a6573ef9,1.1.0a5,0.11142632341470388,0.060313528793978576,152670.37230877278,143462.2834125402,-0.06031352879397859,True,0.05,0.049435292649920706,False,0.04943529264992071
11,0.04,-10%,0.1,,15,0.1.0b1,35f6a6573ef9,1.1.0a5,0.08840552091033937,0.016366440053692526,144916.64735103943,144516.2980039657,-0.0027626180593589254,False,0.05,0.018817231526875488,False,0.016542029671541343
11,0.04,-20%,0.2,,15,0.1.0b1,35f6a6573ef9,1.1.0a5,0.031551260751951984,0.008767972334875617,142085.11161318858,142099.95620267247,0.00010447674154845938,False,0.05,0.008297974101211587,False,0.00782044646528486
11,0.04,+/-10%,0.1,0.1,15,0.1.0b1,35f6a6573ef9,1.1.0a5,0.06686160300179422,0.009384583164833355,144931.82466493838,144135.33619113482,-0.005495607853174615,False,0.05,0.003285925510981012,False,0.0028671479647736555
11,0.04,+/-20%,0.2,0.2,15,0.1.0b1,35f6a6573ef9,1.1.0a5,0.07259154218982879,0.024837786172102996,141998.7786260682,141897.39338005483,-0.000713986746888583,False,0.05,0.027133593766955198,False,0.024888157629354306
11,0.06,NHF,,,15,0.1.0b1,35f6a6573ef9,1.1.0a5,1.640847058715549e-16,1.0938980391436993e-17,141163.23002121874,141163.23002121874,0.0,False,0.05,1.6408470587155488e-17,False,2.4056022100905544e-17
11,0.06,NDY,0.0,,15,0.1.0b1,35f6a6573ef9,1.1.0a5,0.11563607271559487,0.06312012876702586,151240.42060917796,141694.1057855475,-0.0631201287670259,True,0.05,0.052264221527493306,True,0.05226422152749329
11,0.06,-10%,0.1,,15,0.1.0b1,35f6a6573ef9,1.1.0a5,0.06296697296579218,0.023968441994856413,143953.55958811886,142897.4649331012,-0.007336356655850446,False,0.05,0.01670446342270454,False,0.015079505103030695
11,0.06,-20%,0.2,,15,0.1.0b1,35f6a6573ef9,1.1.0a5,0.12606163506191928,0.027152259544476982,142002.95357417583,141789.30263854333,-0.0015045527593262023,False,0.05,0.033706269568184656,False,0.03383299232808069
11,0.06,+/-10%,0.1,0.1,15,0.1.0b1,35f6a6573ef9,1.1.0a5,0.05900795706076341,0.01629221742458699,144299.3135414834,143432.341676725,-0.0060081496126394955,False,0.05,0.01044079427893901,False,0.009872324051723932
11,0.06,+/-20%,0.2,0.2,15,0.1.0b1,35f6a6573ef9,1.1.0a5,0.22220088333981278,0.03436376178660785,139858.02343625232,141731.1895635171,0.01339334048374125,False,0.05,0.01208063117567226,False,0.011306506016333191
12,0.0,NHF,,,15,0.1.0b1,35f6a6573ef9,1.1.0a5,0.9886076417155695,0.5790548621061931,172160.27634770004,121237.4728843178,-0.2957871847309133,True,0.05,0.5855151181403941,True,0.7473788258444125
12,0.0,NDY,0.0,,15,0.1.0b1,35f6a6573ef9,1.1.0a5,0.24906277774586832,0.11913010878267975,151580.0891811598,132428.81554587517,-0.1263442562855081,True,0.05,0.09958773329811006,True,0.09958773329811006
12,0.0,-10%,0.1,,15,0.1.0b1,35f6a6573ef9,1.1.0a5,0.5086529990958926,0.18331797083131243,152177.4835132826,129523.39273719053,-0.14886624652401187,True,0.05,0.11451498555301698,True,0.10789199900604615
12,0.0,-20%,0.2,,15,0.1.0b1,35f6a6573ef9,1.1.0a5,0.5594831175486873,0.21541743880188718,152339.34732374205,130796.50887736883,-0.14141348787973818,True,0.05,0.1498193673554546,True,0.15648465165815753
12,0.0,+/-10%,0.1,0.1,15,0.1.0b1,35f6a6573ef9,1.1.0a5,0.4531660222288215,0.15805223561130569,153373.5995028374,133237.78284781743,-0.13128606696517842,True,0.05,0.09772192435069596,True,0.10706492383076885
12,0.0,+/-20%,0.2,0.2,15,0.1.0b1,35f6a6573ef9,1.1.0a5,0.4501672869852869,0.19305644840131378,153259.04794507058,132009.7010811876,-0.1386498686296089,True,0.05,0.13379144116576963,True,0.14920983364233353
12,0.02,NHF,,,15,0.1.0b1,35f6a6573ef9,1.1.0a5,0.441762746627479,0.16086905377241142,144737.98315306043,141349.19790588986,-0.02341324076339332,True,0.05,0.12589551509701374,True,0.12496043225800339
12,0.02,NDY,0.0,,15,0.1.0b1,35f6a6573ef9,1.1.0a5,0.09431270711936894,0.052504578944606875,150341.55990425308,142447.9396036049,-0.05250457894460675,True,0.05,0.04390142946102145,False,0.04390142946102144
12,0.02,-10%,0.1,,15,0.1.0b1,35f6a6573ef9,1.1.0a5,0.16828107454707164,0.042175369986372495,142770.34769480262,142775.50462652236,3.6120467611149813e-05,False,0.05,0.03350051189164717,False,0.028424411700881728
12,0.02,-20%,0.2,,15,0.1.0b1,35f6a6573ef9,1.1.0a5,0.12005195720356002,0.04621973608766516,141907.1063878114,141945.60189176947,0.0002712725594790104,False,0.05,0.048414378264499756,False,0.04909318685120827
12,0.02,+/-10%,0.1,0.1,15,0.1.0b1,35f6a6573ef9,1.1.0a5,0.026772839668887768,0.006319640424226649,142845.88946177313,142723.96965516507,-0.0008535058801302362,False,0.05,0.0016705501065988125,False,0.0014601084573399822
12,0.02,+/-20%,0.2,0.2,15,0.1.0b1,35f6a6573ef9,1.1.0a5,0.13693313844629443,0.04147320175528838,141977.22394668296,141811.5720469718,-0.0011667498145574275,False,0.05,0.04288021395501017,False,0.043475911174139924
12,0.04,NHF,,,15,0.1.0b1,35f6a6573ef9,1.1.0a5,1.8286190641468532e-16,1.2190793760979022e-17,138277.3487656373,138277.3487656373,0.0,False,0.05,0.0,False,0.0
12,0.04,NDY,0.0,,15,0.1.0b1,35f6a6573ef9,1.1.0a5,0.11327274439773863,0.061785330892084996,149771.51614317638,140517.83346006097,-0.0617853308920851,True,0.05,0.05090900988311629,True,0.05090900988311629
12,0.04,-10%,0.1,,15,0.1.0b1,35f6a6573ef9,1.1.0a5,0.07177102589868813,0.016567475382343506,142743.6853648176,142370.4418937837,-0.0026147809626743362,False,0.05,0.011330462551661624,False,0.00896162367425593
12,0.04,-20%,0.2,,15,0.1.0b1,35f6a6573ef9,1.1.0a5,0.07700976094136065,0.013603130338722458,140680.66388328694,140415.7510373205,-0.0018830792992718262,False,0.05,0.004381268459940612,False,0.004622698414362635
12,0.04,+/-10%,0.1,0.1,15,0.1.0b1,35f6a6573ef9,1.1.0a5,0.09839031193216835,0.019040644622669783,142942.51577043367,141946.25466303178,-0.006969662609002161,False,0.05,0.003785939908103754,False,0.0032970635484496154
12,0.04,+/-20%,0.2,0.2,15,0.1.0b1,35f6a6573ef9,1.1.0a5,0.013280463269003798,0.0010671073115713448,140070.0721038416,139962.22993275672,-0.0007699158675733612,False,0.05,0.0002513642593845259,False,0.0002348269996009833
12,0.06,NHF,,,15,0.1.0b1,35f6a6573ef9,1.1.0a5,1.8286190641468532e-16,1.2190793760979022e-17,138277.3487656373,138277.3487656373,0.0,False,0.05,0.0,False,0.0
12,0.06,NDY,0.0,,15,0.1.0b1,35f6a6573ef9,1.1.0a5,0.11940558185625634,0.06617533509759033,148734.7291147244,138892.1585749082,-0.06617533509759041,True,0.05,0.055475833175334,True,0.055475833175334006
12,0.06,-10%,0.1,,15,0.1.0b1,35f6a6573ef9,1.1.0a5,0.07555279634550599,0.014654144400751174,142580.69865448753,141807.17005586406,-0.005425198543162847,False,0.05,0.011889600184478022,False,0.010525698415256362
12,0.06,-20%,0.2,,15,0.1.0b1,35f6a6573ef9,1.1.0a5,0.17475429197444767,0.030871683573257935,139748.95388300339,139068.16272444633,-0.0048715295509618416,False,0.05,0.037278900698517095,False,0.03724692024340575
12,0.06,+/-10%,0.1,0.1,15,0.1.0b1,35f6a6573ef9,1.1.0a5,0.10516430988542322,0.027291647831432283,142960.44226071067,142037.66286669212,-0.0064547883276390465,False,0.05,0.010078748841894634,False,0.009277402303869137
12,0.06,+/-20%,0.2,0.2,15,0.1.0b1,35f6a6573ef9,1.1.0a5,0.11558646995897646,0.03379073319918412,139450.5399658493,139144.47301949724,-0.0021948064627575446,False,0.05,0.030739378599793688,False,0.030962504580701947
13,0.0,NHF,,,15,0.1.0b1,35f6a6573ef9,1.1.0a5,0.9421230209681788,0.5616915444109931,174466.1005244959,125497.45963986403,-0.28067710997963435,True,0.05,0.5475089582519184,True,0.6260274305971399
13,0.0,NDY,0.0,,15,0.1.0b1,35f6a6573ef9,1.1.0a5,0.26515797430303545,0.12508388444166094,153442.0425969211,133058.9796744951,-0.1328388398476325,True,0.05,0.09870161802035907,True,0.09870161802035907
13,0.0,-10%,0.1,,15,0.1.0b1,35f6a6573ef9,1.1.0a5,0.5123503853148176,0.1572833420482183,154248.26664629715,132677.6221750261,-0.13984367500695588,True,0.05,0.08116519611885804,True,0.07794747920067419
13,0.0,-20%,0.2,,15,0.1.0b1,35f6a6573ef9,1.1.0a5,0.5450801076666995,0.20082310283664992,154504.23426126427,132235.53192788275,-0.1441300456253224,True,0.05,0.12100646790244773,True,0.1225098677189741
13,0.0,+/-10%,0.1,0.1,15,0.1.0b1,35f6a6573ef9,1.1.0a5,0.4090729794637149,0.1539435937549033,155519.07718366405,135399.34366689104,-0.12937148214306926,True,0.05,0.09530642534972891,True,0.10845992439809612
13,0.0,+/-20%,0.2,0.2,15,0.1.0b1,35f6a6573ef9,1.1.0a5,0.47369947699336906,0.14746614819574735,155530.04434115233,134503.0209648683,-0.13519589392105893,True,0.05,0.07121300657263747,True,0.07745166709908367
13,0.02,NHF,,,15,0.1.0b1,35f6a6573ef9,1.1.0a5,0.4174729130752469,0.12515316446176666,146977.56442730463,143959.13177174178,-0.020536689850074178,True,0.05,0.07954010724209355,True,0.08127768340538317
13,0.02,NDY,0.0,,15,0.1.0b1,35f6a6573ef9,1.1.0a5,0.09525459046801751,0.05312151302382615,152230.01609656593,144143.32731387494,-0.05312151302382617,True,0.05,0.04445374233540453,False,0.044453742335404535
13,0.02,-10%,0.1,,15,0.1.0b1,35f6a6573ef9,1.1.0a5,0.1945123158496887,0.03960080810997395,144851.93684838217,144812.5543015331,-0.00027188139631370773,False,0.05,0.03527174926459224,False,0.028782058805795045
13,0.02,-20%,0.2,,15,0.1.0b1,35f6a6573ef9,1.1.0a5,0.10000082096917597,0.03244958653103707,143972.6284085012,143686.05896684257,-0.0019904439116407643,False,0.05,0.037015670488099214,False,0.03445770854627681
13,0.02,+/-10%,0.1,0.1,15,0.1.0b1,35f6a6573ef9,1.1.0a5,0.0618775938664318,0.015141603314201385,144855.10714427597,144388.19665915804,-0.003223293222605436,False,0.05,0.013979871893635856,False,0.011668725102749092
13,0.02,+/-20%,0.2,0.2,15,0.1.0b1,35f6a6573ef9,1.1.0a5,0.12070530674552467,0.05401130229887334,144038.09393623122,143661.8959214116,-0.002611795286503633,True,0.05,0.04065599450260543,False,0.04031297849586097
13,0.04,NHF,,,15,0.1.0b1,35f6a6573ef9,1.1.0a5,1.8859370212053865e-16,3.33793272733404e-17,140651.32341278365,140651.32341278365,0.0,False,0.05,3.1209620697956735e-17,False,5.0042164671602247e-17
13,0.04,NDY,0.0,,15,0.1.0b1,35f6a6573ef9,1.1.0a5,0.11083710530937965,0.06157781656918297,151582.722582454,142248.58949621426,-0.06157781656918325,True,0.05,0.05132410976092122,True,0.05132410976092122
13,0.04,-10%,0.1,,15,0.1.0b1,35f6a6573ef9,1.1.0a5,0.15311528434300342,0.02532542696827873,144696.53705562532,143816.18887681497,-0.006084099845955005,False,0.05,0.023218370434554908,False,0.01943988780537234
13,0.04,-20%,0.2,,15,0.1.0b1,35f6a6573ef9,1.1.0a5,0.036991442701935766,0.013457065603403501,141402.3365394353,141323.4942386016,-0.000557574243560746,False,0.05,0.013948441795136412,False,0.012941021472263513
13,0.04,+/-10%,0.1,0.1,15,0.1.0b1,35f6a6573ef9,1.1.0a5,0.04219520708524189,0.009731064369593609,144452.85689736652,143747.44337254416,-0.004883347688468051,False,0.05,0.0052623421833084445,False,0.004264042264938503
13,0.04,+/-20%,0.2,0.2,15,0.1.0b1,35f6a6573ef9,1.1.0a5,0.056098962103877145,0.02103963891614926,141780.90465584164,141648.49413457222,-0.0009339094117846082,False,0.05,0.018436542549462136,False,0.016560784323069996
13,0.06,NHF,,,15,0.1.0b1,35f6a6573ef9,1.1.0a5,1.8859370212053865e-16,3.33793272733404e-17,140651.32341278365,140651.32341278365,0.0,False,0.05,3.1209620697956735e-17,False,5.0042164671602247e-17
13,0.06,NDY,0.0,,15,0.1.0b1,35f6a6573ef9,1.1.0a5,0.11602735951800328,0.06324307186285545,150152.07781730627,140655.9991695493,-0.06324307186285555,True,0.05,0.05264272682918654,True,0.05264272682918654
13,0.06,-10%,0.1,,15,0.1.0b1,35f6a6573ef9,1.1.0a5,0.11285830123482318,0.019431750776845138,144089.5863741052,143366.3744431339,-0.005019182504234549,False,0.05,0.013277482818399989,False,0.012002107818044339
13,0.06,-20%,0.2,,15,0.1.0b1,35f6a6573ef9,1.1.0a5,0.11430881293432825,0.017909060692807902,141340.31470216217,141026.0457090394,-0.0022234915337849995,False,0.05,0.015817775711790917,False,0.014344285236277045
13,0.06,+/-10%,0.1,0.1,15,0.1.0b1,35f6a6573ef9,1.1.0a5,0.033808913332336626,0.011645657936833802,144264.2191103264,143487.02684012876,-0.005387283659042884,False,0.05,0.005983081267917127,False,0.00521933400733922
13,0.06,+/-20%,0.2,0.2,15,0.1.0b1,35f6a6573ef9,1.1.0a5,0.08358860342201636,0.016213333138041176,141751.85484688616,140984.9066133211,-0.005410498750746337,False,0.05,0.008379469485607688,False,0.007548655487641129
14,0.0,NHF,,,15,0.1.0b1,35f6a6573ef9,1.1.0a5,0.9331017530558944,0.5033875233963159,174052.90865954157,124502.96292883209,-0.2846832386331003,True,0.05,0.45281880986436096,True,0.5326544046410624
14,0.0,NDY,0.0,,15,0.1.0b1,35f6a6573ef9,1.1.0a5,0.2249831004055012,0.11870608965607832,153331.3068892754,134043.12457543585,-0.1257941558390816,True,0.05,0.10496677873848119,True,0.10378703382764053
14,0.0,-10%,0.1,,15,0.1.0b1,35f6a6573ef9,1.1.0a5,0.5254393246263835,0.1757429819910369,154511.45525197953,133060.69173572393,-0.1388295999236651,True,0.05,0.11044270925627893,True,0.11671245343423607
14,0.0,-20%,0.2,,15,0.1.0b1,35f6a6573ef9,1.1.0a5,0.5058071200263864,0.19664013240545758,154705.6295608129,133256.88087107506,-0.13864232834078347,True,0.05,0.11839275121562139,True,0.12602653742225456
14,0.0,+/-10%,0.1,0.1,15,0.1.0b1,35f6a6573ef9,1.1.0a5,0.3831747557070682,0.15106354829543378,155509.2347839331,135827.94501254434,-0.1265602637601184,True,0.05,0.09887286547381814,True,0.11385525165843191
14,0.0,+/-20%,0.2,0.2,15,0.1.0b1,35f6a6573ef9,1.1.0a5,0.46668939304381474,0.16582572169597048,155482.41644282176,134685.07901951473,-0.13376006045645167,True,0.05,0.09605895452657012,True,0.11518683002366133
14,0.02,NHF,,,15,0.1.0b1,35f6a6573ef9,1.1.0a5,0.47691347184703753,0.13756783169080952,146944.539591368,143700.6099356018,-0.022075877503084578,True,0.05,0.13663960080777146,True,0.11928238335312265
14,0.02,NDY,0.0,,15,0.1.0b1,35f6a6573ef9,1.1.0a5,0.09218039807861293,0.05123334028525222,152185.12570002128,144388.1733686782,-0.05123334028525229,True,0.05,0.04285544872818793,False,0.04285544872818794
14,0.02,-10%,0.1,,15,0.1.0b1,35f6a6573ef9,1.1.0a5,0.0909096069225156,0.029314955025929523,144707.50845961508,144139.5264216215,-0.003925035017461424,False,0.05,0.018268060628769227,False,0.015551158640722079
14,0.02,-20%,0.2,,15,0.1.0b1,35f6a6573ef9,1.1.0a5,0.10799940128082615,0.03640248593359176,143986.1772341278,143516.51331297372,-0.00326186811939858,False,0.05,0.03441191596136636,False,0.03135017997966177
14,0.02,+/-10%,0.1,0.1,15,0.1.0b1,35f6a6573ef9,1.1.0a5,0.12953171428058785,0.03660866030007522,144634.2974907691,144160.9447229237,-0.003272756020235058,False,0.05,0.022536260015258283,False,0.019521659819944654
14,0.02,+/-20%,0.2,0.2,15,0.1.0b1,35f6a6573ef9,1.1.0a5,0.1326556376711641,0.04172094495937016,144126.2458929802,143447.66234255873,-0.004708258001289645,False,0.05,0.03520072388260527,False,0.03383013609853267
14,0.04,NHF,,,15,0.1.0b1,35f6a6573ef9,1.1.0a5,2.9103552983878124e-16,4.019422653975803e-17,141539.8736083203,141539.87360832028,-2.056228376836904e-16,False,0.05,4.51677615893543e-17,False,7.55901145681118e-17
14,0.04,NDY,0.0,,15,0.1.0b1,35f6a6573ef9,1.1.0a5,0.11019090278623181,0.06083735224653538,151337.07637836935,142130.1293547777,-0.06083735224653526,True,0.05,0.050657601100581616,True,0.050657601100581616
14,0.04,-10%,0.1,,15,0.1.0b1,35f6a6573ef9,1.1.0a5,0.09534653763781938,0.02315446025523642,144490.38699416636,143668.06354322372,-0.005691198342321836,False,0.05,0.007693359129496443,False,0.006701996042211308
14,0.04,-20%,0.2,,15,0.1.0b1,35f6a6573ef9,1.1.0a5,0.052195828424240046,0.01158256013111632,142059.98475166957,142079.27354467948,0.00013577921357395384,False,0.05,0.006382596925646994,False,0.005935738421720858
14,0.04,+/-10%,0.1,0.1,15,0.1.0b1,35f6a6573ef9,1.1.0a5,0.07119871447478257,0.019006192690373083,144627.99703863956,143564.47516676463,-0.0073534992785026804,False,0.05,0.004548577657470405,False,0.004101983817495111
14,0.04,+/-20%,0.2,0.2,15,0.1.0b1,35f6a6573ef9,1.1.0a5,0.15246615159177634,0.04793531519530914,142536.84294620878,142132.26139574742,-0.0028384349063633983,False,0.05,0.041887897180920744,False,0.039333746235450266
14,0.06,NHF,,,15,0.1.0b1,35f6a6573ef9,1.1.0a5,2.9103552983878124e-16,4.019422653975803e-17,141539.8736083203,141539.87360832028,-2.056228376836904e-16,False,0.05,4.51677615893543e-17,False,7.55901145681118e-17
14,0.06,NDY,0.0,,15,0.1.0b1,35f6a6573ef9,1.1.0a5,0.11384463818443792,0.06395049075358222,150418.01262479415,140798.70689926003,-0.06395049075358232,True,0.05,0.05399787302796767,True,0.053997873027967665
14,0.06,-10%,0.1,,15,0.1.0b1,35f6a6573ef9,1.1.0a5,0.08075087099582132,0.021214766887957866,143694.79626698303,142751.13753409535,-0.006567104428293786,False,0.05,0.013207556969141266,False,0.012344352538077828
14,0.06,-20%,0.2,,15,0.1.0b1,35f6a6573ef9,1.1.0a5,0.1572161351691979,0.030547962101174324,141893.31435584076,141075.80607562175,-0.005761429169022468,False,0.05,0.035655550139381334,False,0.03566406755898174
14,0.06,+/-10%,0.1,0.1,15,0.1.0b1,35f6a6573ef9,1.1.0a5,0.080969061836671,0.023339112685398063,143824.13760437228,142834.8244189678,-0.006878631096859892,False,0.05,0.012943698105237609,False,0.011537486343447482
14,0.06,+/-20%,0.2,0.2,15,0.1.0b1,35f6a6573ef9,1.1.0a5,0.14082778204566743,0.033076367908042234,140576.6560450692,140941.86962244936,0.0025979674553012755,False,0.05,0.03843848814243094,False,0.037867684280420935
15,0.0,NHF,,,15,0.1.0b1,35f6a6573ef9,1.1.0a5,0.988972013646755,0.5887589384086414,171610.0431777653,121630.78992185848,-0.29123734444921107,True,0.05,0.5722657639644053,True,0.5997604562517483
15,0.0,NDY,0.0,,15,0.1.0b1,35f6a6573ef9,1.1.0a5,0.24750295932651326,0.12080970890942985,151041.25231702838,131706.04788789578,-0.1280127391194356,True,0.05,0.10755967320349184,True,0.10678701375604668
15,0.0,-10%,0.1,,15,0.1.0b1,35f6a6573ef9,1.1.0a5,0.5102673466155617,0.19702267733264428,152244.22229314173,129971.02697422684,-0.14629911719098618,True,0.05,0.14316273997546058,True,0.15993930569222714
15,0.0,-20%,0.2,,15,0.1.0b1,35f6a6573ef9,1.1.0a5,0.5570277589659853,0.2047805903934373,152551.6971043883,131055.6187280947,-0.14091012282599663,True,0.05,0.1297616097427912,True,0.13449365270819205
15,0.0,+/-10%,0.1,0.1,15,0.1.0b1,35f6a6573ef9,1.1.0a5,0.38380804375686955,0.15468612107353477,153069.92035572778,133262.54979089182,-0.12940080271032023,True,0.05,0.11255759850648983,True,0.13014881993491867
15,0.0,+/-20%,0.2,0.2,15,0.1.0b1,35f6a6573ef9,1.1.0a5,0.5204354007869406,0.17414690727195772,153302.64238507755,131225.31093130683,-0.14401142152732863,True,0.05,0.09765445730457353,True,0.111734023440538
15,0.02,NHF,,,15,0.1.0b1,35f6a6573ef9,1.1.0a5,0.45025036501990695,0.15211911057787225,143423.58711990024,140140.44361012845,-0.022891238294208374,True,0.05,0.13162958372096928,True,0.1320758190109287
15,0.02,NDY,0.0,,15,0.1.0b1,35f6a6573ef9,1.1.0a5,0.09319658178832439,0.05138426019645161,149724.42946953187,142030.9504279041,-0.051384260196452015,True,0.05,0.04289044374984542,False,0.04289044374984541
15,0.02,-10%,0.1,,15,0.1.0b1,35f6a6573ef9,1.1.0a5,0.20402808108048884,0.04765193169584972,142648.84549607133,142047.429975628,-0.004216055996470596,False,0.05,0.018451248478486525,False,0.016414759798452756
15,0.02,-20%,0.2,,15,0.1.0b1,35f6a6573ef9,1.1.0a5,0.15126826815443037,0.04916058518371729,141962.20700757753,140692.39596064665,-0.008944711932120746,False,0.05,0.027705206142179382,False,0.027002171919345067
15,0.02,+/-10%,0.1,0.1,15,0.1.0b1,35f6a6573ef9,1.1.0a5,0.10421057085397241,0.0364336088555293,142661.6576984762,142025.4144240733,-0.004459805701596637,False,0.05,0.018514621726656,False,0.016318944946379855
15,0.02,+/-20%,0.2,0.2,15,0.1.0b1,35f6a6573ef9,1.1.0a5,0.21452997992240203,0.05964586658144297,142180.3910671383,141219.81411938067,-0.006756043787388626,True,0.05,0.038044297502773904,False,0.03715068464856087
15,0.04,NHF,,,15,0.1.0b1,35f6a6573ef9,1.1.0a5,1.8925923736136783e-16,2.3463287336119844e-17,137991.35804815387,137991.35804815387,0.0,False,0.05,0.0,False,0.0
15,0.04,NDY,0.0,,15,0.1.0b1,35f6a6573ef9,1.1.0a5,0.11129693268592117,0.06101288453412847,148957.84779375425,139869.49982586163,-0.06101288453412855,True,0.05,0.05061213601356355,True,0.05061213601356354
15,0.04,-10%,0.1,,15,0.1.0b1,35f6a6573ef9,1.1.0a5,0.16658976331350658,0.0341891784277985,141789.14542360432,140835.46314980736,-0.00672605981895,False,0.05,0.026948323304048477,False,0.02461440046065645
15,0.04,-20%,0.2,,15,0.1.0b1,35f6a6573ef9,1.1.0a5,0.09916917383066891,0.018213957705938737,139713.76535206204,139707.11071923937,-4.7630473675229956e-05,False,0.05,0.018359908647564063,False,0.01778256558799125
15,0.04,+/-10%,0.1,0.1,15,0.1.0b1,35f6a6573ef9,1.1.0a5,0.07831884593330087,0.01796920000015688,141498.15549203023,140830.37704500393,-0.004719343829636787,False,0.05,0.007875407823868974,False,0.0072434294007052485
15,0.04,+/-20%,0.2,0.2,15,0.1.0b1,35f6a6573ef9,1.1.0a5,0.09950292962051134,0.03765506930319078,139977.16684511025,139388.091006616,-0.004208370920566385,False,0.05,0.03850160293245719,False,0.03609709152192385
15,0.06,NHF,,,15,0.1.0b1,35f6a6573ef9,1.1.0a5,1.8925923736136783e-16,2.3463287336119844e-17,137991.35804815387,137991.35804815387,0.0,False,0.05,0.0,False,0.0
15,0.06,NDY,0.0,,15,0.1.0b1,35f6a6573ef9,1.1.0a5,0.11616335499050542,0.06389478256418787,147982.23064718547,138526.93819662006,-0.06389478256418783,True,0.05,0.053732429298515995,True,0.05373242929851599
15,0.06,-10%,0.1,,15,0.1.0b1,35f6a6573ef9,1.1.0a5,0.14515830649466582,0.027113099500712962,140785.55107349195,140010.23648653485,-0.005507060781772819,False,0.05,0.02285202635287063,False,0.022297767974163312
15,0.06,-20%,0.2,,15,0.1.0b1,35f6a6573ef9,1.1.0a5,0.07825063384568919,0.0192406480598808,139588.42909017325,138959.2641124383,-0.004507286039650901,False,0.05,0.015672134883944668,False,0.01565269312952564
15,0.06,+/-10%,0.1,0.1,15,0.1.0b1,35f6a6573ef9,1.1.0a5,0.12594443101817457,0.01731160560224166,140791.24969819875,139561.8460555312,-0.008732102636370543,False,0.05,0.0071328723154386545,False,0.006871848340764286
15,0.06,+/-20%,0.2,0.2,15,0.1.0b1,35f6a6573ef9,1.1.0a5,0.10652273453377688,0.041955816963560995,138742.60667330047,138112.92674885385,-0.004538475523451434,False,0.05,0.04600637992429938,False,0.043953875395174584
16,0.0,NHF,,,15,0.1.0b1,35f6a6573ef9,1.1.0a5,0.9554643684931733,0.5351495343951752,175040.4190640496,123611.38023310389,-0.2938123612017128,True,0.05,0.49561543297523264,True,0.6461623185600693
16,0.0,NDY,0.0,,15,0.1.0b1,35f6a6573ef9,1.1.0a5,0.37756088534035476,0.13684304994439006,155096.28884933578,132743.1767594125,-0.14412409385009597,True,0.05,0.10177311039763073,True,0.10167774401966742
16,0.0,-10%,0.1,,15,0.1.0b1,35f6a6573ef9,1.1.0a5,0.5166140783579339,0.17858159679188915,156072.78404130196,135403.4928790612,-0.13243366733799652,True,0.05,0.1130558228483047,True,0.1310500992809178
16,0.0,-20%,0.2,,15,0.1.0b1,35f6a6573ef9,1.1.0a5,0.5751402967931909,0.24343165138080042,156449.130452358,131182.63085007988,-0.161499776503854,True,0.05,0.16277490111106144,True,0.16458944247368024
16,0.0,+/-10%,0.1,0.1,15,0.1.0b1,35f6a6573ef9,1.1.0a5,0.4280854951828359,0.16056447780369787,156921.76505196065,137157.32919514968,-0.1259508892871966,True,0.05,0.10389157743783244,True,0.11860024870927158
16,0.0,+/-20%,0.2,0.2,15,0.1.0b1,35f6a6573ef9,1.1.0a5,0.5493036982266425,0.17318007488901055,156989.71807315122,136538.35043916976,-0.13027201962648216,True,0.05,0.10145361644548323,True,0.11649118520075921
16,0.02,NHF,,,15,0.1.0b1,35f6a6573ef9,1.1.0a5,0.548128824120741,0.1543653030532345,148339.64961775916,144617.8923151443,-0.025089430318900343,True,0.05,0.12036444088821115,True,0.09906611474717464
16,0.02,NDY,0.0,,15,0.1.0b1,35f6a6573ef9,1.1.0a5,0.09908787699603448,0.054972380686463755,154664.20491750105,146161.94536620696,-0.054972380686463644,True,0.05,0.04589409069902778,False,0.04589409069902777
16,0.02,-10%,0.1,,15,0.1.0b1,35f6a6573ef9,1.1.0a5,0.1473474475120506,0.029344458460271252,147145.65066803995,146686.1549289862,-0.00312272729073305,False,0.05,0.03375526119801785,False,0.028561345657667735
16,0.02,-20%,0.2,,15,0.1.0b1,35f6a6573ef9,1.1.0a5,0.1332219990646855,0.046518340025039934,146473.08691096498,145460.9570222924,-0.006910005858535758,False,0.05,0.027845091564442148,False,0.026576474330970105
16,0.02,+/-10%,0.1,0.1,15,0.1.0b1,35f6a6573ef9,1.1.0a5,0.09339512580827984,0.02681746047019311,147152.34596172944,146550.58433146804,-0.004089378435175658,False,0.05,0.021909461550634713,False,0.01844855666484052
16,0.02,+/-20%,0.2,0.2,15,0.1.0b1,35f6a6573ef9,1.1.0a5,0.1878241724530066,0.060492198117024894,146513.31363454976,145712.67568297914,-0.005464608858466363,True,0.05,0.055671098524664106,True,0.052384284613001666
16,0.04,NHF,,,15,0.1.0b1,35f6a6573ef9,1.1.0a5,1.2604753200732685e-16,8.403168800488456e-18,142741.38734276118,142741.38734276118,0.0,False,0.05,1.2604753200732685e-17,False,2.5566874235863167e-17
16,0.04,NDY,0.0,,15,0.1.0b1,35f6a6573ef9,1.1.0a5,0.11799828465949984,0.06679075059857606,153517.8505742952,143264.27810415803,-0.06679075059857581,True,0.05,0.05651587125625514,True,0.05651587125625515
16,0.04,-10%,0.1,,15,0.1.0b1,35f6a6573ef9,1.1.0a5,0.09040064811832275,0.023880503237106908,146062.1206160843,145731.57666594346,-0.002263036773303257,False,0.05,0.020804779736056572,False,0.01781997456058491
16,0.04,-20%,0.2,,15,0.1.0b1,35f6a6573ef9,1.1.0a5,0.08764274475302411,0.013670187217243092,144133.52462125054,143937.11123925852,-0.001362718233028389,False,0.05,0.0038478582126970596,False,0.003498173244441781
16,0.04,+/-10%,0.1,0.1,15,0.1.0b1,35f6a6573ef9,1.1.0a5,0.09443830189896706,0.01981180909289573,146087.938382589,145732.32518390304,-0.0024342406541095875,False,0.05,0.02003323178721938,False,0.017188451356449863
16,0.04,+/-20%,0.2,0.2,15,0.1.0b1,35f6a6573ef9,1.1.0a5,0.10268922441253744,0.023627705615763803,144249.97980800673,143849.02674730474,-0.0027795710005342335,False,0.05,0.008919403626086944,False,0.007956226070713243
16,0.06,NHF,,,15,0.1.0b1,35f6a6573ef9,1.1.0a5,1.2604753200732685e-16,8.403168800488456e-18,142741.38734276118,142741.38734276118,0.0,False,0.05,1.2604753200732685e-17,False,2.5566874235863167e-17
16,0.06,NDY,0.0,,15,0.1.0b1,35f6a6573ef9,1.1.0a5,0.11840497424064979,0.06793812090987654,151704.8173547265,141398.27713067035,-0.0679381209098765,True,0.05,0.05798601981088022,True,0.05798601981088022
16,0.06,-10%,0.1,,15,0.1.0b1,35f6a6573ef9,1.1.0a5,0.11686950406792669,0.030299170318974257,146274.97060027023,145201.7675803735,-0.007336887613052395,False,0.05,0.027916411614722726,False,0.02553310720878146
16,0.06,-20%,0.2,,15,0.1.0b1,35f6a6573ef9,1.1.0a5,0.07488190901474986,0.016047132678655002,144016.00288541577,143676.89010704347,-0.0023546881706064016,False,0.05,0.010493096573544206,False,0.009832040761310981
16,0.06,+/-10%,0.1,0.1,15,0.1.0b1,35f6a6573ef9,1.1.0a5,0.09373389303464669,0.022948015938728868,146309.3095624299,145197.50765985312,-0.007598982634132263,False,0.05,0.016143582857762757,False,0.014822824143281295
16,0.06,+/-20%,0.2,0.2,15,0.1.0b1,35f6a6573ef9,1.1.0a5,0.09459202915075225,0.026240069355903492,143284.9920716131,143207.71250838877,-0.0005393416442784011,False,0.05,0.012919722590355575,False,0.011848089203111471
17,0.0,NHF,,,15,0.1.0b1,35f6a6573ef9,1.1.0a5,0.9981152259498465,0.5698819634568635,178770.93854101258,125514.63251377855,-0.2979024804695327,True,0.05,0.5596059015318007,True,0.5768814430592758
17,0.0,NDY,0.0,,15,0.1.0b1,35f6a6573ef9,1.1.0a5,0.3676423822756722,0.13100318566671929,158327.32145575745,136861.37446285685,-0.13557954998246455,True,0.05,0.10355100685889482,True,0.10355100685889483
17,0.0,-10%,0.1,,15,0.1.0b1,35f6a6573ef9,1.1.0a5,0.5738649279330768,0.18184829519011247,158983.12986187226,138284.83212596626,-0.13019178672535317,True,0.05,0.09960610583374141,True,0.11012021192968857
17,0.0,-20%,0.2,,15,0.1.0b1,35f6a6573ef9,1.1.0a5,0.6436498582893021,0.19059922610424807,159223.45214177162,134228.80332753365,-0.15697843802546677,True,0.05,0.08918592719776063,True,0.07827834957851713
17,0.0,+/-10%,0.1,0.1,15,0.1.0b1,35f6a6573ef9,1.1.0a5,0.46851807554269925,0.15857975079199604,159511.13284036494,140590.1847420344,-0.1186183544772776,True,0.05,0.10800620850863336,True,0.11660590858250608
17,0.0,+/-20%,0.2,0.2,15,0.1.0b1,35f6a6573ef9,1.1.0a5,0.6154189119205911,0.15517531640192422,159636.24591185816,137928.98636283455,-0.1359795165880379,True,0.05,0.07151138835772794,True,0.08057599178674753
17,0.02,NHF,,,15,0.1.0b1,35f6a6573ef9,1.1.0a5,0.48118501374941214,0.1732965166375214,149525.48504546584,145454.8400979261,-0.027223753504641714,True,0.05,0.1531115612460084,True,0.15020112005250555
17,0.02,NDY,0.0,,15,0.1.0b1,35f6a6573ef9,1.1.0a5,0.10972863433006917,0.06014096942244133,158080.42421169154,148573.31425288963,-0.060140969422441445,True,0.05,0.04989752907301947,False,0.04989752907301946
17,0.02,-10%,0.1,,15,0.1.0b1,35f6a6573ef9,1.1.0a5,0.08809664626433786,0.012939021494455465,149595.28158187654,148908.5169812278,-0.004590817259653128,False,0.05,0.009784421477778318,False,0.00795082748230234
17,0.02,-20%,0.2,,15,0.1.0b1,35f6a6573ef9,1.1.0a5,0.2122068427124074,0.05857893854422573,148540.18032158323,147246.1081231614,-0.008711933670877657,True,0.05,0.027886407360828768,False,0.02417458750552819
17,0.02,+/-10%,0.1,0.1,15,0.1.0b1,35f6a6573ef9,1.1.0a5,0.10073920079092759,0.017562313320467208,149688.14863532898,149065.52349393058,-0.004159481876653052,False,0.05,0.020205654975772685,False,0.0167005196601314
17,0.02,+/-20%,0.2,0.2,15,0.1.0b1,35f6a6573ef9,1.1.0a5,0.21537918842708903,0.05343495220767058,148465.50686823146,147128.96927084372,-0.009002344218404642,True,0.05,0.03191637885147164,False,0.02943006010730073
17,0.04,NHF,,,15,0.1.0b1,35f6a6573ef9,1.1.0a5,1.8184967994815443e-16,3.569738073489195e-17,143400.10065959505,143400.10065959505,0.0,False,0.05,1.7527297781921284e-17,False,2.5154535239803114e-17
17,0.04,NDY,0.0,,15,0.1.0b1,35f6a6573ef9,1.1.0a5,0.1353693481440648,0.07835478569257734,156663.1370536576,144387.8305238914,-0.07835478569257731,True,0.05,0.06747954984200667,True,0.06747954984200667
17,0.04,-10%,0.1,,15,0.1.0b1,35f6a6573ef9,1.1.0a5,0.09545344977512155,0.017669468825024827,149579.21961417457,148818.9265230214,-0.005082879113250336,False,0.05,0.011225317326195026,False,0.009788130943814265
17,0.04,-20%,0.2,,15,0.1.0b1,35f6a6573ef9,1.1.0a5,0.14600281439769788,0.022399620350249005,146301.1320290105,146081.64498526146,-0.001500241595571,False,0.05,0.027288537510874334,False,0.027226584019802103
17,0.04,+/-10%,0.1,0.1,15,0.1.0b1,35f6a6573ef9,1.1.0a5,0.1406734874098857,0.0328019167397167,150118.25274081284,148849.82780853065,-0.008449505034355738,False,0.05,0.011492144810431232,False,0.009341295263910336
17,0.04,+/-20%,0.2,0.2,15,0.1.0b1,35f6a6573ef9,1.1.0a5,0.1664500306811622,0.03137883274435783,146327.6190847041,144926.1426643818,-0.00957766161363597,False,0.05,0.02621147786475154,False,0.0261220045514172
17,0.06,NHF,,,15,0.1.0b1,35f6a6573ef9,1.1.0a5,1.8184967994815443e-16,3.569738073489195e-17,143400.10065959505,143400.10065959505,0.0,False,0.05,1.7527297781921284e-17,False,2.5154535239803114e-17
17,0.06,NDY,0.0,,15,0.1.0b1,35f6a6573ef9,1.1.0a5,0.1380381211447259,0.08327293470223968,155348.84050876246,142412.48665700763,-0.08327293470223973,True,0.05,0.0730543088964691,True,0.07305430889646909
17,0.06,-10%,0.1,,15,0.1.0b1,35f6a6573ef9,1.1.0a5,0.051740876801383284,0.01554327731191762,149187.11451700618,147958.58255539252,-0.00823483962131067,False,0.05,0.01158357833349215,False,0.010721391430704889
17,0.06,-20%,0.2,,15,0.1.0b1,35f6a6573ef9,1.1.0a5,0.125231033947365,0.022509630838745333,146396.00323446974,145110.38329380035,-0.008781796717566986,False,0.05,0.010517916077861544,False,0.010201903157343309
17,0.06,+/-10%,0.1,0.1,15,0.1.0b1,35f6a6573ef9,1.1.0a5,0.2727652844414084,0.05860505077093699,147442.77643619318,147915.03756488836,0.0032030129933124326,True,0.05,0.015100059159805852,False,0.01282050200236401
17,0.06,+/-20%,0.2,0.2,15,0.1.0b1,35f6a6573ef9,1.1.0a5,0.22670811705442606,0.030358424117173866,146173.51999513587,144206.20442578377,-0.013458768519890345,False,0.05,0.012517116053937849,False,0.012255601363045304
18,0.0,NHF,,,15,0.1.0b1,35f6a6573ef9,1.1.0a5,0.9494556396968328,0.5521763702972657,173441.24169254123,121231.4737643123,-0.3010227983767611,True,0.05,0.5431093501756877,True,0.6080228801552342
18,0.0,NDY,0.0,,15,0.1.0b1,35f6a6573ef9,1.1.0a5,0.277145721035111,0.12880783088837489,153691.15380516587,133137.66402766958,-0.13373241900149913,True,0.05,0.0999840744321111,True,0.0999840744321111
18,0.0,-10%,0.1,,15,0.1.0b1,35f6a6573ef9,1.1.0a5,0.5279313434323847,0.19755486196488373,154154.84093087894,127918.76188026692,-0.17019302729763736,True,0.05,0.09988514138114098,True,0.10364732617007084
18,0.0,-20%,0.2,,15,0.1.0b1,35f6a6573ef9,1.1.0a5,0.6506919045440571,0.24808542042634005,154324.29310717568,129628.68614468494,-0.16002410550709634,True,0.05,0.1577002781367561,True,0.16108903163541913
18,0.0,+/-10%,0.1,0.1,15,0.1.0b1,35f6a6573ef9,1.1.0a5,0.4042832325811093,0.1742403398882998,155484.19444742292,134302.49788699806,-0.1362305450769626,True,0.05,0.12070899991692104,True,0.1386248975874014
18,0.0,+/-20%,0.2,0.2,15,0.1.0b1,35f6a6573ef9,1.1.0a5,0.51251946760711,0.176109621680084,155384.28545419546,133692.0695316851,-0.13960366622083448,True,0.05,0.0881819756687904,True,0.10154708473035977
18,0.02,NHF,,,15,0.1.0b1,35f6a6573ef9,1.1.0a5,0.5205898116877904,0.15737101616770685,143857.43023675255,140852.76644569193,-0.02088639972308496,True,0.05,0.12376795963310123,True,0.11015478725453749
18,0.02,NDY,0.0,,15,0.1.0b1,35f6a6573ef9,1.1.0a5,0.1053717428060825,0.05843675206591154,153097.39037839626,144150.87613491583,-0.058436752065911646,True,0.05,0.04896576283230979,False,0.04896576283230979
18,0.02,-10%,0.1,,15,0.1.0b1,35f6a6573ef9,1.1.0a5,0.26631662921557653,0.036397060147063114,145133.1444655553,144307.38402706792,-0.005689675101632966,False,0.05,0.014298551231880166,False,0.012145955823504742
18,0.02,-20%,0.2,,15,0.1.0b1,35f6a6573ef9,1.1.0a5,0.2126461964627588,0.04443857717597816,144332.38372504624,142863.9597677768,-0.010173904978017881,False,0.05,0.02109194146930197,False,0.019288715942364656
18,0.02,+/-10%,0.1,0.1,15,0.1.0b1,35f6a6573ef9,1.1.0a5,0.08364272225967063,0.020056447747914753,145124.8653675232,143810.44448170642,-0.00905717212889775,False,0.05,0.018306332618741355,False,0.015656319494258532
18,0.02,+/-20%,0.2,0.2,15,0.1.0b1,35f6a6573ef9,1.1.0a5,0.2012446869834297,0.042258679733359505,144428.3865992962,142962.075304723,-0.010152514537473612,False,0.05,0.019607238911986163,False,0.018683856571740008
18,0.04,NHF,,,15,0.1.0b1,35f6a6573ef9,1.1.0a5,1.1443176177679362e-16,7.628784118452908e-18,138077.99671073255,138077.99671073258,2.107781916745575e-16,False,0.05,1.1443176177679362e-17,False,2.5507674264215176e-17
18,0.04,NDY,0.0,,15,0.1.0b1,35f6a6573ef9,1.1.0a5,0.12376281849957588,0.06784087297396303,151967.9278562893,141658.2909664744,-0.06784087297396299,True,0.05,0.05643640864722845,True,0.05643640864722846
18,0.04,-10%,0.1,,15,0.1.0b1,35f6a6573ef9,1.1.0a5,0.09521886989008543,0.021068780519151696,144904.08416346498,143788.14908113965,-0.007701198270343141,False,0.05,0.01057907742948956,False,0.009030558197734287
18,0.04,-20%,0.2,,15,0.1.0b1,35f6a6573ef9,1.1.0a5,0.025901801824354784,0.003813419479108843,142155.80357158525,142146.13961376456,-6.798145118158978e-05,False,0.05,0.0042415383239528415,False,0.003967468285212224
18,0.04,+/-10%,0.1,0.1,15,0.1.0b1,35f6a6573ef9,1.1.0a5,0.17622209234657765,0.02257240162566582,144937.35511765594,142528.23264606722,-0.0166218189205472,False,0.05,0.002092202997451985,False,0.0018159012121753944
18,0.04,+/-20%,0.2,0.2,15,0.1.0b1,35f6a6573ef9,1.1.0a5,0.013519150983131716,0.0021192191674786836,142285.9062070455,142257.97605895644,-0.00019629595673677995,False,0.05,0.002684739514600701,False,0.0025277712965822456
18,0.06,NHF,,,15,0.1.0b1,35f6a6573ef9,1.1.0a5,1.1443176177679362e-16,7.628784118452908e-18,138077.99671073255,138077.99671073258,2.107781916745575e-16,False,0.05,1.1443176177679362e-17,False,2.5507674264215176e-17
18,0.06,NDY,0.0,,15,0.1.0b1,35f6a6573ef9,1.1.0a5,0.13407966698396726,0.07535028063843595,151182.00473784065,139790.39825336298,-0.07535028063843612,True,0.05,0.06415428078713896,True,0.06415428078713895
18,0.06,-10%,0.1,,15,0.1.0b1,35f6a6573ef9,1.1.0a5,0.05655494806721471,0.012193158616191618,144018.82045872696,143546.17333865573,-0.0032818427380932303,False,0.05,0.008715652957559631,False,0.00804194786021628
18,0.06,-20%,0.2,,15,0.1.0b1,35f6a6573ef9,1.1.0a5,0.13853437596236007,0.04239675878196911,141760.28921430692,141132.13304226083,-0.004431115198251818,False,0.05,0.03276595436678055,False,0.03345776952938146
18,0.06,+/-10%,0.1,0.1,15,0.1.0b1,35f6a6573ef9,1.1.0a5,0.09299703734350026,0.019201704112728157,144305.09237864043,143288.20961359362,-0.007046755927217239,False,0.05,0.00835237876067159,False,0.007214510311173251
18,0.06,+/-20%,0.2,0.2,15,0.1.0b1,35f6a6573ef9,1.1.0a5,0.11358136541251969,0.03230525795030558,141824.46864331153,141086.3883109705,-0.005204181897534858,False,0.05,0.023384540043015982,False,0.024635574528929925
