landbase,discount_rate,flow_policy,horizon_institution,flow_history,terminal_rotation,max_decrease,max_increase,horizon,relax_share,numeric_slack_share,fd_version,fd_commit,ws3_version,max_abs_rel_deviation,mean_abs_rel_deviation,total_projected,total_realized,total_rel_change,occurrence,occurrence_tolerance,mean_abs_rel_deviation_2_11,occurrence_2_11,thesis_volume_inconsistency_2_11
1,0.0,NHF,rolling,reset,model,,,15,0.0,0.0,0.1.0b1,545d8ca624cc,1.1.0a5,1.0,0.14661769656871976,153919.5774181818,72681.99,-0.5277924275835855,True,0.05,0.11992654485307966,True,0.3985308970615929
1,0.0,NDY,rolling,reset,model,0.0,,15,0.0,0.0,0.1.0b1,545d8ca624cc,1.1.0a5,0.51280070277144,0.17373858497505007,128626.22321556174,106289.57621698287,-0.17365546807003263,True,0.05,0.20075096532666273,True,0.2007509653266628
1,0.0,-10%,rolling,reset,model,0.1,,15,0.0,0.0,0.1.0b1,545d8ca624cc,1.1.0a5,0.7404071347408887,0.2541686793793149,137151.02316847813,116020.4755578693,-0.15406773586115932,True,0.05,0.2609080376069939,True,0.2247039817242847
1,0.0,-20%,rolling,reset,model,0.2,,15,0.0,0.0,0.1.0b1,545d8ca624cc,1.1.0a5,1.0,0.29041870948960635,142628.58580332086,123950.99531705357,-0.13095264445812388,True,0.05,0.2586351131276544,True,0.18505468279406498
1,0.0,+/-10%,rolling,reset,model,0.1,0.1,15,0.0,0.0,0.1.0b1,545d8ca624cc,1.1.0a5,0.338572018853662,0.1692905077374141,135297.5443302319,114876.64853095617,-0.15093323312234527,True,0.05,0.1904437643670128,True,0.17140752041398322
1,0.0,+/-20%,rolling,reset,model,0.2,0.2,15,0.0,0.0,0.1.0b1,545d8ca624cc,1.1.0a5,0.4236740620534598,0.2010013275140002,140188.42009236806,122018.98473000462,-0.12960724823342662,True,0.05,0.20895641323366507,True,0.16463379303904288
1,0.02,NHF,rolling,reset,model,,,15,0.0,0.0,0.1.0b1,545d8ca624cc,1.1.0a5,0.0,0.0,140360.58923636362,140360.58923636362,0.0,False,0.05,0.0,False,0.0
1,0.02,NDY,rolling,reset,model,0.0,,15,0.0,0.0,0.1.0b1,545d8ca624cc,1.1.0a5,0.16590218872608936,0.07451526459923856,129846.33923684194,120170.80491136802,-0.07451526459922438,True,0.05,0.055427641014498,True,0.05542764101449769
1,0.02,-10%,rolling,reset,model,0.1,,15,0.0,0.0,0.1.0b1,545d8ca624cc,1.1.0a5,0.2960538090880795,0.08491755622621218,140785.5138457251,129643.43173619185,-0.07914224841160088,True,0.05,0.07568372545637284,True,0.07430844832728681
1,0.02,-20%,rolling,reset,model,0.2,,15,0.0,0.0,0.1.0b1,545d8ca624cc,1.1.0a5,0.28058168082949364,0.08044410003124328,143135.78218854332,132716.38991650078,-0.07279376346522332,True,0.05,0.08129244386355161,True,0.09176842995901373
1,0.02,+/-10%,rolling,reset,model,0.1,0.1,15,0.0,0.0,0.1.0b1,545d8ca624cc,1.1.0a5,0.25387680010534736,0.08814696376395749,140412.22498323643,129428.370322083,-0.07822577174077805,True,0.05,0.0813631920980428,True,0.07783621651785896
1,0.02,+/-20%,rolling,reset,model,0.2,0.2,15,0.0,0.0,0.1.0b1,545d8ca624cc,1.1.0a5,0.3686645325747983,0.1334480401259644,142496.40040747737,132022.79067602585,-0.07350087231327654,True,0.05,0.125322289822073,True,0.12201662726563167
1,0.04,NHF,rolling,reset,model,,,15,0.0,0.0,0.1.0b1,545d8ca624cc,1.1.0a5,0.0,0.0,140360.58923636362,140360.58923636362,0.0,False,0.05,0.0,False,0.0
1,0.04,NDY,rolling,reset,model,0.0,,15,0.0,0.0,0.1.0b1,545d8ca624cc,1.1.0a5,0.1949832265499824,0.08677233111515269,129846.33923684203,118579.26969449264,-0.0867723311151503,True,0.05,0.060371725812185625,True,0.060371725812185785
1,0.04,-10%,rolling,reset,model,0.1,,15,0.0,0.0,0.1.0b1,545d8ca624cc,1.1.0a5,0.2889018873568257,0.08963913605433753,138256.7295659114,128834.56913243597,-0.06814974188278909,True,0.05,0.08495938576879093,True,0.08398665486778559
1,0.04,-20%,rolling,reset,model,0.2,,15,0.0,0.0,0.1.0b1,545d8ca624cc,1.1.0a5,0.44537829081910835,0.09327506346487713,140366.49681033552,131360.87381197463,-0.06415792374251081,True,0.05,0.09789804867058985,True,0.0824469791061675
1,0.04,+/-10%,rolling,reset,model,0.1,0.1,15,0.0,0.0,0.1.0b1,545d8ca624cc,1.1.0a5,0.19814410692695147,0.06649019658867332,135946.95024813694,128693.08027164834,-0.053358092721083356,True,0.05,0.07981149608364949,True,0.08033046779594681
1,0.04,+/-20%,rolling,reset,model,0.2,0.2,15,0.0,0.0,0.1.0b1,545d8ca624cc,1.1.0a5,0.4248287592264637,0.0718369168736368,138797.54287349246,133273.13306363102,-0.03980192801321197,True,0.05,0.06170818683307293,True,0.05445152262825696
1,0.06,NHF,rolling,reset,model,,,15,0.0,0.0,0.1.0b1,545d8ca624cc,1.1.0a5,0.0,0.0,140360.58923636362,140360.58923636362,0.0,False,0.05,0.0,False,0.0
1,0.06,NDY,rolling,reset,model,0.0,,15,0.0,0.0,0.1.0b1,545d8ca624cc,1.1.0a5,0.2103467225003275,0.09982847721749406,129846.33923684208,116883.9769185621,-0.09982847721749316,True,0.05,0.07296666154896492,True,0.07296666154896497
1,0.06,-10%,rolling,reset,model,0.1,,15,0.0,0.0,0.1.0b1,545d8ca624cc,1.1.0a5,0.24468292457099725,0.08823816907148516,136832.73410763644,129195.68036737485,-0.055813061034460286,True,0.05,0.096135563890199,True,0.08821840547187548
1,0.06,-20%,rolling,reset,model,0.2,,15,0.0,0.0,0.1.0b1,545d8ca624cc,1.1.0a5,0.4460267950305877,0.10109379595974642,136746.71007953477,129059.10327122295,-0.05621785565327708,True,0.05,0.12596510202459313,True,0.10408955725417714
1,0.06,+/-10%,rolling,reset,model,0.1,0.1,15,0.0,0.0,0.1.0b1,545d8ca624cc,1.1.0a5,0.27840855627693534,0.10153651826853607,134359.84974434794,129806.6236799402,-0.03388829381002851,True,0.05,0.09620726600230939,True,0.08822732869020836
1,0.06,+/-20%,rolling,reset,model,0.2,0.2,15,0.0,0.0,0.1.0b1,545d8ca624cc,1.1.0a5,0.5690461515623205,0.12461134517294,131888.13807671607,135105.525754587,0.024394822193937172,True,0.05,0.06969842133035738,True,0.0575103342809275
2,0.0,NHF,rolling,reset,model,,,15,0.0,0.0,0.1.0b1,545d8ca624cc,1.1.0a5,1.0,0.14661769656871976,192399.47177272727,90852.4875,-0.5277924275835856,True,0.05,0.11992654485307966,True,0.39853089706159295
2,0.0,NDY,rolling,reset,model,0.0,,15,0.0,0.0,0.1.0b1,545d8ca624cc,1.1.0a5,0.13403462994422138,0.016792913644334807,143360.55562499966,140953.11419438676,-0.01679291364432384,False,0.05,1.298004288358726e-14,False,1.2980042883587399e-14
2,0.0,-10%,rolling,reset,model,0.1,,15,0.0,0.0,0.1.0b1,545d8ca624cc,1.1.0a5,0.6236280352522424,0.2674986363384041,168763.34736798593,146256.9148807109,-0.13336090352723395,True,0.05,0.29274145564040943,True,0.2674348143561996
2,0.0,-20%,rolling,reset,model,0.2,,15,0.0,0.0,0.1.0b1,545d8ca624cc,1.1.0a5,1.0,0.3013962838066547,176358.60540657036,153879.56106914708,-0.12746213481106272,True,0.05,0.3228069377243593,True,0.22015291396966982
2,0.0,+/-10%,rolling,reset,model,0.1,0.1,15,0.0,0.0,0.1.0b1,545d8ca624cc,1.1.0a5,0.37551587123452584,0.1918816895045271,167770.46652901103,143452.8104547763,-0.1449459882739832,True,0.05,0.20659705102009718,True,0.1849212273360494
2,0.0,+/-20%,rolling,reset,model,0.2,0.2,15,0.0,0.0,0.1.0b1,545d8ca624cc,1.1.0a5,0.44749112021633053,0.1820535980047208,174150.74424140996,152424.00400362376,-0.12475823937719335,True,0.05,0.23041788897286422,True,0.18417986028487002
2,0.02,NHF,rolling,reset,model,,,15,0.0,0.0,0.1.0b1,545d8ca624cc,1.1.0a5,0.0,0.0,175450.73654545454,175450.73654545454,0.0,False,0.05,0.0,False,0.0
2,0.02,NDY,rolling,reset,model,0.0,,15,0.0,0.0,0.1.0b1,545d8ca624cc,1.1.0a5,0.06407221014611629,0.018785802538067723,143360.55562499998,140667.41253528369,-0.018785802538049377,False,0.05,0.007199458423795271,False,0.007199458423795262
2,0.02,-10%,rolling,reset,model,0.1,,15,0.0,0.0,0.1.0b1,545d8ca624cc,1.1.0a5,0.16296717422860396,0.012495378557314248,162912.81795210496,161169.49724319,-0.010700942570568469,False,0.05,0.00012238043826678463,False,8.131278251021684e-05
2,0.02,-20%,rolling,reset,model,0.2,,15,0.0,0.0,0.1.0b1,545d8ca624cc,1.1.0a5,0.17803143680200148,0.019330050528002497,168082.39303638483,165275.89621252808,-0.0166971493751236,False,0.05,0.003854749607989303,False,0.002992846377898974
2,0.02,+/-10%,rolling,reset,model,0.1,0.1,15,0.0,0.0,0.1.0b1,545d8ca624cc,1.1.0a5,0.14334384813727305,0.020973439912342056,162984.87257908753,161586.2736364236,-0.00858115799664331,False,0.05,0.006570508376611548,False,0.004848807219102444
2,0.02,+/-20%,rolling,reset,model,0.2,0.2,15,0.0,0.0,0.1.0b1,545d8ca624cc,1.1.0a5,0.25334738715084687,0.05561645572612486,166754.79908705363,164435.8941147978,-0.013906076376520155,True,0.05,0.018599051036849154,False,0.014115699735995595
2,0.04,NHF,rolling,reset,model,,,15,0.0,0.0,0.1.0b1,545d8ca624cc,1.1.0a5,0.0,0.0,175450.73654545454,175450.73654545454,0.0,False,0.05,0.0,False,0.0
2,0.04,NDY,rolling,reset,model,0.0,,15,0.0,0.0,0.1.0b1,545d8ca624cc,1.1.0a5,0.09179183471612092,0.0292578697907431,143360.5556250003,139166.13115539556,-0.02925786979074238,False,0.05,0.012943506155709278,False,0.01294350615570923
2,0.04,-10%,rolling,reset,model,0.1,,15,0.0,0.0,0.1.0b1,545d8ca624cc,1.1.0a5,0.08913753475547195,0.0059431623598864385,160636.13152304018,159784.20949888352,-0.0053034271684666,False,0.05,8.428184227228691e-07,False,8.026189200397002e-07
2,0.04,-20%,rolling,reset,model,0.2,,15,0.0,0.0,0.1.0b1,545d8ca624cc,1.1.0a5,0.15339242621493465,0.010226161860776139,164130.9991822871,162664.970946055,-0.008932061850204885,False,0.05,1.4748912657107159e-10,False,1.3526187477760446e-10
2,0.04,+/-10%,rolling,reset,model,0.1,0.1,15,0.0,0.0,0.1.0b1,545d8ca624cc,1.1.0a5,0.0840529331546295,0.014134972506103705,158568.68107469886,159897.93846429916,0.008382849504651629,False,0.05,0.0019399569861795155,False,0.001296747930094945
2,0.04,+/-20%,rolling,reset,model,0.2,0.2,15,0.0,0.0,0.1.0b1,545d8ca624cc,1.1.0a5,0.24958701331952443,0.046422277887060596,164538.9749199722,161907.41215439845,-0.015993552693844674,False,0.05,0.0022237366505806267,False,0.0017081212607572723
2,0.06,NHF,rolling,reset,model,,,15,0.0,0.0,0.1.0b1,545d8ca624cc,1.1.0a5,0.0,0.0,175450.73654545454,175450.73654545454,0.0,False,0.05,0.0,False,0.0
2,0.06,NDY,rolling,reset,model,0.0,,15,0.0,0.0,0.1.0b1,545d8ca624cc,1.1.0a5,0.1198167249484208,0.04251391572259746,143360.55562500004,137265.73704521407,-0.04251391572259722,False,0.05,0.022814827123409074,False,0.022814827123409053
2,0.06,-10%,rolling,reset,model,0.1,,15,0.0,0.0,0.1.0b1,545d8ca624cc,1.1.0a5,0.08255520978245294,0.005503681072460599,160547.71577122615,159758.70505654722,-0.0049144935565651115,False,0.05,4.703600917584718e-10,False,4.1315405200672265e-10
2,0.06,-20%,rolling,reset,model,0.2,,15,0.0,0.0,0.1.0b1,545d8ca624cc,1.1.0a5,0.07786683655767113,0.0060202862535255214,159202.5937158301,159987.2934045239,0.004928937841895059,False,0.05,0.001040727125408977,False,0.000907248878858857
2,0.06,+/-10%,rolling,reset,model,0.1,0.1,15,0.0,0.0,0.1.0b1,545d8ca624cc,1.1.0a5,0.0896415839908836,0.01782589229057605,158568.68107469892,159786.26720881037,0.00767860415978277,False,0.05,0.002742937881691071,False,0.0016429568533344906
2,0.06,+/-20%,rolling,reset,model,0.2,0.2,15,0.0,0.0,0.1.0b1,545d8ca624cc,1.1.0a5,0.4825776216165273,0.06620692924201484,155575.63221347818,160671.082704892,0.03275224030214407,True,0.05,0.007011375476767466,False,0.0055938684760536185
3,0.0,NHF,rolling,reset,model,,,15,0.0,0.0,0.1.0b1,545d8ca624cc,1.1.0a5,1.0,0.5395368103384226,124461.62281818182,69534.496,-0.44131777791794835,True,0.05,0.4093052155076339,True,1.4295242042481897
3,0.0,NDY,rolling,reset,model,0.0,,15,0.0,0.0,0.1.0b1,545d8ca624cc,1.1.0a5,0.811083677081768,0.22818170287530984,102584.71280447365,80600.56193599364,-0.21430240693252,True,0.05,0.2758245490623529,True,0.2568492248152621
3,0.0,-10%,rolling,reset,model,0.1,,15,0.0,0.0,0.1.0b1,545d8ca624cc,1.1.0a5,1.0,0.28066258094421914,105305.85739079371,88640.17511192955,-0.15825978432536028,True,0.05,0.4042514651208666,True,0.4008496797098795
3,0.0,-20%,rolling,reset,model,0.2,,15,0.0,0.0,0.1.0b1,545d8ca624cc,1.1.0a5,1.0,0.40491073234953523,108311.53544014854,91695.49428177043,-0.15340970923230893,True,0.05,0.5408035351772019,True,0.6306633492457727
3,0.0,+/-10%,rolling,reset,model,0.1,0.1,15,0.0,0.0,0.1.0b1,545d8ca624cc,1.1.0a5,0.3883764010456372,0.20877714628828936,104114.68812280316,81672.78613594885,-0.2155498171438031,True,0.05,0.2388078983388792,True,0.2566319029592648
3,0.0,+/-20%,rolling,reset,model,0.2,0.2,15,0.0,0.0,0.1.0b1,545d8ca624cc,1.1.0a5,0.43590744077370763,0.2063926760254204,107113.345276327,86407.38742643913,-0.19330885237942494,True,0.05,0.22607518434217458,True,0.23031819535955125
3,0.02,NHF,rolling,reset,model,,,15,0.0,0.0,0.1.0b1,545d8ca624cc,1.1.0a5,1.0,0.2216491525441196,102185.36005454545,99257.25432727273,-0.028654845720656342,True,0.05,0.3041028597200416,True,0.45106097794871186
3,0.02,NDY,rolling,reset,model,0.0,,15,0.0,0.0,0.1.0b1,545d8ca624cc,1.1.0a5,0.26769523496989805,0.032106990678130796,98418.49205635539,94686.6992601179,-0.03791759778335798,False,0.05,0.011670201514840113,False,0.012099435066202716
3,0.02,-10%,rolling,reset,model,0.1,,15,0.0,0.0,0.1.0b1,545d8ca624cc,1.1.0a5,0.27951707556983235,0.02437896152661743,96417.5982991141,94127.01500620406,-0.02375690053805343,False,0.05,0.0021065691961275742,False,0.0022622797062027216
3,0.02,-20%,rolling,reset,model,0.2,,15,0.0,0.0,0.1.0b1,545d8ca624cc,1.1.0a5,0.23557794007112737,0.06166928471979744,95487.53212276803,95078.27158080717,-0.004286010255607758,True,0.05,0.040224587529760936,False,0.03162770593398072
3,0.02,+/-10%,rolling,reset,model,0.1,0.1,15,0.0,0.0,0.1.0b1,545d8ca624cc,1.1.0a5,0.24400095717755085,0.09557528598186246,99557.36609031954,95276.96034966032,-0.042994365045535526,True,0.05,0.06296362470871644,True,0.068178789997746
3,0.02,+/-20%,rolling,reset,model,0.2,0.2,15,0.0,0.0,0.1.0b1,545d8ca624cc,1.1.0a5,0.45169328980628004,0.15457966343977708,99979.9610065472,96145.13798411918,-0.03835591636384904,True,0.05,0.13539565209233567,True,0.15103096534117
3,0.04,NHF,rolling,reset,model,,,15,0.0,0.0,0.1.0b1,545d8ca624cc,1.1.0a5,1.3891691157342978e-16,9.261127438228652e-18,101056.26069090911,101056.26069090911,0.0,False,0.05,1.3891691157342977e-17,False,3.647508760666419e-17
3,0.04,NDY,rolling,reset,model,0.0,,15,0.0,0.0,0.1.0b1,545d8ca624cc,1.1.0a5,0.193478518964081,0.1061906579307696,103986.78049077778,92944.35585435956,-0.10619065793076969,True,0.05,0.10080969269026363,True,0.10080969269026374
3,0.04,-10%,rolling,reset,model,0.1,,15,0.0,0.0,0.1.0b1,545d8ca624cc,1.1.0a5,0.20470931519711044,0.10371527931661116,101881.42298341477,94401.8119774545,-0.07341486589932954,True,0.05,0.11245814527739598,True,0.10483886485521039
3,0.04,-20%,rolling,reset,model,0.2,,15,0.0,0.0,0.1.0b1,545d8ca624cc,1.1.0a5,0.2708464690695294,0.127923856832357,100966.07800709333,95942.98294128523,-0.04975032372214362,True,0.05,0.13178989259831778,True,0.11284354499495891
3,0.04,+/-10%,rolling,reset,model,0.1,0.1,15,0.0,0.0,0.1.0b1,545d8ca624cc,1.1.0a5,0.3017298557633534,0.15556154762467314,101851.25960238036,100111.44015693937,-0.017081962974568217,True,0.05,0.13729715041571972,True,0.14829092708844946
3,0.04,+/-20%,rolling,reset,model,0.2,0.2,15,0.0,0.0,0.1.0b1,545d8ca624cc,1.1.0a5,0.41366436793538003,0.18689377038224692,103052.02012680507,101184.45958182594,-0.018122503010432087,True,0.05,0.17698902172606015,True,0.2028120548620243
3,0.06,NHF,rolling,reset,model,,,15,0.0,0.0,0.1.0b1,545d8ca624cc,1.1.0a5,1.3891691157342978e-16,9.261127438228652e-18,101056.26069090911,101056.26069090911,0.0,False,0.05,1.3891691157342977e-17,False,3.647508760666419e-17
3,0.06,NDY,rolling,reset,model,0.0,,15,0.0,0.0,0.1.0b1,545d8ca624cc,1.1.0a5,0.390104093737807,0.1192796911463485,103287.28662584383,92015.37771458362,-0.10913161996492829,True,0.05,0.09389761725650579,True,0.09397716515662095
3,0.06,-10%,rolling,reset,model,0.1,,15,0.0,0.0,0.1.0b1,545d8ca624cc,1.1.0a5,0.47744409098919616,0.16003236092553702,102552.7779269631,94670.89900954274,-0.07685680560534146,True,0.05,0.1375034603513585,True,0.12514590632433797
3,0.06,-20%,rolling,reset,model,0.2,,15,0.0,0.0,0.1.0b1,545d8ca624cc,1.1.0a5,0.5018024471122317,0.21028985832488514,99155.18260690663,94966.40891695718,-0.042244626854811326,True,0.05,0.18126663718292454,True,0.14405159194003703
3,0.06,+/-10%,rolling,reset,model,0.1,0.1,15,0.0,0.0,0.1.0b1,545d8ca624cc,1.1.0a5,0.33006149308595695,0.13754797451891604,99606.37558993601,102650.20525484392,0.03055858268991623,True,0.05,0.12295009546024468,True,0.13918044529741447
3,0.06,+/-20%,rolling,reset,model,0.2,0.2,15,0.0,0.0,0.1.0b1,545d8ca624cc,1.1.0a5,0.6822405876434656,0.27544237613697276,106116.21093798385,103086.29008187576,-0.028552855678938883,True,0.05,0.24556830486891137,True,0.31680607527860716
4,0.0,NHF,rolling,reset,model,,,15,0.0,0.0,0.1.0b1,545d8ca624cc,1.1.0a5,1.0,0.6045560480112849,162436.55430000002,87985.9905,-0.4583362662476768,True,0.05,0.5068340720169274,True,1.0608505703709952
4,0.0,NDY,rolling,reset,model,0.0,,15,0.0,0.0,0.1.0b1,545d8ca624cc,1.1.0a5,0.32272747044909184,0.10736694884453545,133732.68590190206,119412.64374522501,-0.10707959733330519,True,0.05,0.1277623247165119,True,0.12714351925644182
4,0.0,-10%,rolling,reset,model,0.1,,15,0.0,0.0,0.1.0b1,545d8ca624cc,1.1.0a5,0.8714779952961117,0.27914841576193195,138383.0789809734,116722.00524418119,-0.15652978598467548,True,0.05,0.36515642229638706,True,0.34214907683436063
4,0.0,-20%,rolling,reset,model,0.2,,15,0.0,0.0,0.1.0b1,545d8ca624cc,1.1.0a5,1.0,0.29218033389858705,142053.18384373584,126984.85721360032,-0.10607524747006922,True,0.05,0.393823245801737,True,0.4377149955653619
4,0.0,+/-10%,rolling,reset,model,0.1,0.1,15,0.0,0.0,0.1.0b1,545d8ca624cc,1.1.0a5,0.3792931399723002,0.17373379763543237,136339.09218954365,112092.92859346648,-0.17783720873224867,True,0.05,0.21742830166268515,True,0.24248937924272573
4,0.0,+/-20%,rolling,reset,model,0.2,0.2,15,0.0,0.0,0.1.0b1,545d8ca624cc,1.1.0a5,0.39074319634321686,0.1909867576597268,141133.29538827663,121216.35215973528,-0.141121506259364,True,0.05,0.2471376685918592,True,0.2634692462617891
4,0.02,NHF,rolling,reset,model,,,15,0.0,0.0,0.1.0b1,545d8ca624cc,1.1.0a5,1.0,0.17554071327070497,133226.82386363638,130298.71813636365,-0.021978349722348564,True,0.05,0.23335116149987295,True,0.36245371803420934
4,0.02,NDY,rolling,reset,model,0.0,,15,0.0,0.0,0.1.0b1,545d8ca624cc,1.1.0a5,0.06529906730194168,0.03760982659482049,130933.84272059373,126009.44360047871,-0.03760982659482042,False,0.05,0.03193470871327753,False,0.03193470871327753
4,0.02,-10%,rolling,reset,model,0.1,,15,0.0,0.0,0.1.0b1,545d8ca624cc,1.1.0a5,0.048903950815270894,0.01591772595022386,128278.58843839976,126505.09105183608,-0.013825357825911306,False,0.05,0.004915429398622258,False,0.004597322097649518
4,0.02,-20%,rolling,reset,model,0.2,,15,0.0,0.0,0.1.0b1,545d8ca624cc,1.1.0a5,0.2586786999149712,0.040819152493097845,128347.26775409395,128006.29318355539,-0.0026566562460203316,False,0.05,0.0015768242034760848,False,0.0017014816213930125
4,0.02,+/-10%,rolling,reset,model,0.1,0.1,15,0.0,0.0,0.1.0b1,545d8ca624cc,1.1.0a5,0.21606007029712684,0.05798567892957402,130183.28321752933,125710.58968183449,-0.034356896101792156,True,0.05,0.01797537773226493,False,0.017406371610450007
4,0.02,+/-20%,rolling,reset,model,0.2,0.2,15,0.0,0.0,0.1.0b1,545d8ca624cc,1.1.0a5,0.25942906376235286,0.0712857724790789,129609.1427567491,126206.08982132513,-0.02625627222773035,True,0.05,0.027355484103956617,False,0.028731240152800947
4,0.04,NHF,rolling,reset,model,,,15,0.0,0.0,0.1.0b1,545d8ca624cc,1.1.0a5,1.216451809784119e-16,8.109678731894126e-18,132097.7245,132097.7245,0.0,False,0.05,1.216451809784119e-17,False,2.918007008533135e-17
4,0.04,NDY,rolling,reset,model,0.0,,15,0.0,0.0,0.1.0b1,545d8ca624cc,1.1.0a5,0.08511588070044009,0.043714194501628834,130489.44839563209,124785.20726805514,-0.043714194501629104,False,0.05,0.03531864564886252,False,0.03531864564886252
4,0.04,-10%,rolling,reset,model,0.1,,15,0.0,0.0,0.1.0b1,545d8ca624cc,1.1.0a5,0.08830009177745643,0.011652428040321964,126583.9884643157,125059.8952933258,-0.012040173401705908,False,0.05,0.005292520267644941,False,0.005481533953223227
4,0.04,-20%,rolling,reset,model,0.2,,15,0.0,0.0,0.1.0b1,545d8ca624cc,1.1.0a5,0.3128604514611711,0.04018842005686075,124634.04666871554,126730.39479458002,0.016820027768469147,False,0.05,0.0016087422699699954,False,0.0018147022079118443
4,0.04,+/-10%,rolling,reset,model,0.1,0.1,15,0.0,0.0,0.1.0b1,545d8ca624cc,1.1.0a5,0.17779086288931828,0.03967644500100617,121983.73307442947,124022.68190704181,0.016714924041292097,False,0.05,0.02297686113713299,False,0.024041084551833392
4,0.04,+/-20%,rolling,reset,model,0.2,0.2,15,0.0,0.0,0.1.0b1,545d8ca624cc,1.1.0a5,0.5002291682169203,0.18207373512827982,127373.73782695594,127273.38236284054,-0.0007878819121390821,True,0.05,0.1543127492268753,True,0.18965021551165867
4,0.06,NHF,rolling,reset,model,,,15,0.0,0.0,0.1.0b1,545d8ca624cc,1.1.0a5,1.216451809784119e-16,8.109678731894126e-18,132097.7245,132097.7245,0.0,False,0.05,1.216451809784119e-17,False,2.918007008533135e-17
4,0.06,NDY,rolling,reset,model,0.0,,15,0.0,0.0,0.1.0b1,545d8ca624cc,1.1.0a5,0.08169296285169869,0.03909812277379287,129656.5892790972,124587.2600330318,-0.03909812277379307,False,0.05,0.030197555906597118,False,0.03019755590659712
4,0.06,-10%,rolling,reset,model,0.1,,15,0.0,0.0,0.1.0b1,545d8ca624cc,1.1.0a5,0.10615092150152623,0.0070767282215981895,123396.62428142191,124531.62984576257,0.009198027668505141,False,0.05,1.3009017547622594e-10,False,1.1519022783982201e-10
4,0.06,-20%,rolling,reset,model,0.2,,15,0.0,0.0,0.1.0b1,545d8ca624cc,1.1.0a5,0.3161585042386718,0.021077233797750897,121289.68148534623,125708.31349242578,0.03643040325415803,False,0.05,1.453186668979912e-10,False,1.1484629299950966e-10
4,0.06,+/-10%,rolling,reset,model,0.1,0.1,15,0.0,0.0,0.1.0b1,545d8ca624cc,1.1.0a5,0.3253092840307026,0.1183428011685761,124476.7731192173,124743.55974325578,0.0021432643002640816,True,0.05,0.086557604034292,True,0.09078583792975033
4,0.06,+/-20%,rolling,reset,model,0.2,0.2,15,0.0,0.0,0.1.0b1,545d8ca624cc,1.1.0a5,0.5822586095342591,0.2265301489118824,130136.76976147605,126075.53833487288,-0.03120740920530677,True,0.05,0.1492969658655388,True,0.20218516829444552
5,0.0,NHF,rolling,reset,model,,,15,0.0,0.0,0.1.0b1,545d8ca624cc,1.1.0a5,1.0,0.7333333333333333,117116.98758060895,79494.97800935002,-0.32123443702276383,True,0.05,0.7,True,1.915634185853477
5,0.0,NDY,rolling,reset,model,0.0,,15,0.0,0.0,0.1.0b1,545d8ca624cc,1.1.0a5,0.6590368027054969,0.2271744217786465,99287.0022629201,76853.00231320401,-0.22595102519370083,True,0.05,0.25016624553060607,True,0.236486271806858
5,0.0,-10%,rolling,reset,model,0.1,,15,0.0,0.0,0.1.0b1,545d8ca624cc,1.1.0a5,1.0,0.3113330945051652,102461.41715033006,81783.31929242848,-0.20181350632270625,True,0.05,0.39286722281156705,True,0.4262984643725246
5,0.0,-20%,rolling,reset,model,0.2,,15,0.0,0.0,0.1.0b1,545d8ca624cc,1.1.0a5,1.0,0.43113240465362485,104429.24542182365,87619.31244793952,-0.16096959147778336,True,0.05,0.5578247527026317,True,0.8529170127439794
5,0.0,+/-10%,rolling,reset,model,0.1,0.1,15,0.0,0.0,0.1.0b1,545d8ca624cc,1.1.0a5,0.3766465693060951,0.1990804167438194,100188.73144911621,77964.3018680431,-0.22182564106384,True,0.05,0.20662400942667825,True,0.22821203242006496
5,0.0,+/-20%,rolling,reset,model,0.2,0.2,15,0.0,0.0,0.1.0b1,545d8ca624cc,1.1.0a5,0.5661496181378141,0.20437460862867207,102807.70389126554,80965.65333619782,-0.21245538737222397,True,0.05,0.16008966814020684,True,0.15242507809685615
5,0.02,NHF,rolling,reset,model,,,15,0.0,0.0,0.1.0b1,545d8ca624cc,1.1.0a5,1.0,0.2432628032528065,98884.88753597214,94701.87935289905,-0.04230179441273477,True,0.05,0.33012857467282447,True,0.6320061796345852
5,0.02,NDY,rolling,reset,model,0.0,,15,0.0,0.0,0.1.0b1,545d8ca624cc,1.1.0a5,0.43605285030270935,0.09687249397542162,94031.85040530495,90366.2996764061,-0.03898201208525895,True,0.05,0.10326832733589646,True,0.10175903222059444
5,0.02,-10%,rolling,reset,model,0.1,,15,0.0,0.0,0.1.0b1,545d8ca624cc,1.1.0a5,0.8380995554332611,0.14278868986474016,89908.26136937585,87293.94912287088,-0.029077553126785775,True,0.05,0.17510073767916942,True,0.17496819067074323
5,0.02,-20%,rolling,reset,model,0.2,,15,0.0,0.0,0.1.0b1,545d8ca624cc,1.1.0a5,0.35442727088881326,0.06191187093407435,88067.24590569346,89499.86922385392,0.01626737958507959,True,0.05,0.07847223134938403,True,0.06328060946657627
5,0.02,+/-10%,rolling,reset,model,0.1,0.1,15,0.0,0.0,0.1.0b1,545d8ca624cc,1.1.0a5,0.3076818514678402,0.14883809192969463,94771.86459147542,88915.38613770063,-0.06179553899271464,True,0.05,0.1329570675508696,True,0.15384301215970783
5,0.02,+/-20%,rolling,reset,model,0.2,0.2,15,0.0,0.0,0.1.0b1,545d8ca624cc,1.1.0a5,0.3255417257994256,0.12872368325318495,92038.76758774767,89833.96526289848,-0.023955148277568873,True,0.05,0.13776004548401102,True,0.16779086907979093
5,0.04,NHF,rolling,reset,model,,,15,0.0,0.0,0.1.0b1,545d8ca624cc,1.1.0a5,1.7070659635119943e-16,1.1380439756746628e-17,98239.6879000924,98239.6879000924,0.0,False,0.05,0.0,False,0.0
5,0.04,NDY,rolling,reset,model,0.0,,15,0.0,0.0,0.1.0b1,545d8ca624cc,1.1.0a5,0.24584266835723723,0.07819374166150897,98127.49790009877,89722.73337993452,-0.0856514707907964,True,0.05,0.05136676778855949,True,0.053222222964469885
5,0.04,-10%,rolling,reset,model,0.1,,15,0.0,0.0,0.1.0b1,545d8ca624cc,1.1.0a5,0.13425427462569797,0.06534684966030603,94403.62310012082,88976.6770613986,-0.05748662880201761,True,0.05,0.066291551806028,True,0.0648258242390162
5,0.04,-20%,rolling,reset,model,0.2,,15,0.0,0.0,0.1.0b1,545d8ca624cc,1.1.0a5,0.2162227882214443,0.01441485265348837,87650.61715636254,90038.6884191931,0.027245344531578272,False,0.05,1.4571116371569697e-10,False,1.1700284487602022e-10
5,0.04,+/-10%,rolling,reset,model,0.1,0.1,15,0.0,0.0,0.1.0b1,545d8ca624cc,1.1.0a5,0.32534853453454743,0.1479182776943286,93732.5588234663,94975.35397374434,0.01325894828731482,True,0.05,0.15017761849245992,True,0.16493716097025732
5,0.04,+/-20%,rolling,reset,model,0.2,0.2,15,0.0,0.0,0.1.0b1,545d8ca624cc,1.1.0a5,0.3669718222578813,0.16589024876881955,90167.44366920208,92219.56152720333,0.02275896681212199,True,0.05,0.18387793817769957,True,0.22119111370527048
5,0.06,NHF,rolling,reset,model,,,15,0.0,0.0,0.1.0b1,545d8ca624cc,1.1.0a5,1.7070659635119943e-16,1.1380439756746628e-17,98239.6879000924,98239.6879000924,0.0,False,0.05,0.0,False,0.0
5,0.06,NDY,rolling,reset,model,0.0,,15,0.0,0.0,0.1.0b1,545d8ca624cc,1.1.0a5,0.24349485671502444,0.11204537617218019,99162.70387248117,88491.33082478281,-0.10761478490361934,True,0.05,0.1017347118515084,True,0.0957317542582306
5,0.06,-10%,rolling,reset,model,0.1,,15,0.0,0.0,0.1.0b1,545d8ca624cc,1.1.0a5,0.23395735753962837,0.08584334376780721,94556.78428999461,88515.98262274358,-0.06388543892022168,True,0.05,0.08159233745019553,True,0.07583241728562201
5,0.06,-20%,rolling,reset,model,0.2,,15,0.0,0.0,0.1.0b1,545d8ca624cc,1.1.0a5,0.25503966968952413,0.04002575234204252,88958.61194933481,90498.48925444193,0.017310041955062597,False,0.05,0.027518973750406066,False,0.024190009713055478
5,0.06,+/-10%,rolling,reset,model,0.1,0.1,15,0.0,0.0,0.1.0b1,545d8ca624cc,1.1.0a5,0.4567182290229539,0.16813927702377168,94506.59562464665,95843.98608671137,0.014151292332827834,True,0.05,0.13839256973373165,True,0.16540920256829228
5,0.06,+/-20%,rolling,reset,model,0.2,0.2,15,0.0,0.0,0.1.0b1,545d8ca624cc,1.1.0a5,0.46820234497583063,0.1561285431452005,92676.50062095479,97966.84945441548,0.057084037463802466,True,0.05,0.15262483297329893,True,0.1869537650916407
6,0.0,NHF,rolling,reset,model,,,15,0.0,0.0,0.1.0b1,545d8ca624cc,1.1.0a5,1.0,0.557312410779898,152451.68176929024,92156.36678394118,-0.3955044266195488,True,0.05,0.5359686161698469,True,1.5055588550781076
6,0.0,NDY,rolling,reset,model,0.0,,15,0.0,0.0,0.1.0b1,545d8ca624cc,1.1.0a5,0.4265708292962673,0.12316859038758061,123897.13374721452,110235.16034609026,-0.11026868005678477,True,0.05,0.14738534694326563,True,0.13729509446012733
6,0.0,-10%,rolling,reset,model,0.1,,15,0.0,0.0,0.1.0b1,545d8ca624cc,1.1.0a5,1.0,0.24764432165983907,128159.4864052459,106912.81008936113,-0.16578309504691566,True,0.05,0.36067812277473255,True,0.36630730655072213
6,0.0,-20%,rolling,reset,model,0.2,,15,0.0,0.0,0.1.0b1,545d8ca624cc,1.1.0a5,1.0,0.38521953786854835,132094.58992389828,111834.3832312034,-0.1533765062170002,True,0.05,0.4893490770027755,True,0.5280464638841161
6,0.0,+/-10%,rolling,reset,model,0.1,0.1,15,0.0,0.0,0.1.0b1,545d8ca624cc,1.1.0a5,0.4124306366295356,0.20149150325719162,127090.71200443106,100087.55022399631,-0.21247155952272323,True,0.05,0.23413908578225479,True,0.2632940039423359
6,0.0,+/-20%,rolling,reset,model,0.2,0.2,15,0.0,0.0,0.1.0b1,545d8ca624cc,1.1.0a5,0.4581429897386394,0.21405970751650685,130885.13556332,104375.42123975456,-0.2025418257731833,True,0.05,0.23225046315997347,True,0.22042342873820778
6,0.02,NHF,rolling,reset,model,,,15,0.0,0.0,0.1.0b1,545d8ca624cc,1.1.0a5,1.0,0.23209941792320862,127030.00973241073,122847.00154933766,-0.032929291211459426,True,0.05,0.31825827405049606,True,0.5171338716635391
6,0.02,NDY,rolling,reset,model,0.0,,15,0.0,0.0,0.1.0b1,545d8ca624cc,1.1.0a5,0.17897532671702224,0.01967986106769793,119205.9141193828,116546.5046647622,-0.02230937512007372,False,0.05,0.003806421369537083,False,0.0038702205394132274
6,0.02,-10%,rolling,reset,model,0.1,,15,0.0,0.0,0.1.0b1,545d8ca624cc,1.1.0a5,0.05404307496824982,0.018139743354104218,117145.95228773463,117115.95834311406,-0.00025603910365504354,False,0.05,0.016642624499097397,False,0.0145296891723154
6,0.02,-20%,rolling,reset,model,0.2,,15,0.0,0.0,0.1.0b1,545d8ca624cc,1.1.0a5,0.34139452221646416,0.07785299179525039,113168.04293405694,116009.0064318415,0.025103937685305618,True,0.05,0.06508313613545616,True,0.05975129641968169
6,0.02,+/-10%,rolling,reset,model,0.1,0.1,15,0.0,0.0,0.1.0b1,545d8ca624cc,1.1.0a5,0.18724679500449734,0.08679296327903324,119630.3972796876,116613.96485823786,-0.025214598380021557,True,0.05,0.08244571029101275,True,0.08712046633423488
6,0.02,+/-20%,rolling,reset,model,0.2,0.2,15,0.0,0.0,0.1.0b1,545d8ca624cc,1.1.0a5,0.3792177791663153,0.1932412006155209,119681.50870707771,118133.53236709346,-0.012934131234700124,True,0.05,0.21846729415407867,True,0.24272800471365405
6,0.04,NHF,rolling,reset,model,,,15,0.0,0.0,0.1.0b1,545d8ca624cc,1.1.0a5,1.3638851119134043e-16,9.092567412756028e-18,125820.26041471281,125820.26041471281,0.0,False,0.05,1.3638851119134043e-17,False,2.918007008533134e-17
6,0.04,NDY,rolling,reset,model,0.0,,15,0.0,0.0,0.1.0b1,545d8ca624cc,1.1.0a5,0.17434919676776164,0.015130181840095812,116651.27326024404,114582.55931281793,-0.017734173743743822,False,0.05,0.00325426398103024,False,0.003254263981030201
6,0.04,-10%,rolling,reset,model,0.1,,15,0.0,0.0,0.1.0b1,545d8ca624cc,1.1.0a5,0.09840016594483758,0.006560011236498539,112836.0547661892,113879.14150309624,0.009244268058365233,False,0.05,1.6188180001344362e-10,False,1.4559099945631537e-10
6,0.04,-20%,rolling,reset,model,0.2,,15,0.0,0.0,0.1.0b1,545d8ca624cc,1.1.0a5,0.30643324935088734,0.020428883359103967,110975.96866780591,115198.62792677661,0.03805021311965977,False,0.05,8.000209869506027e-11,False,6.272400487594404e-11
6,0.04,+/-10%,rolling,reset,model,0.1,0.1,15,0.0,0.0,0.1.0b1,545d8ca624cc,1.1.0a5,0.3081794216689957,0.10396565163937757,114390.06608836899,115145.03597735091,0.006599960248284975,True,0.05,0.08412621309108573,True,0.0939342156150216
6,0.04,+/-20%,rolling,reset,model,0.2,0.2,15,0.0,0.0,0.1.0b1,545d8ca624cc,1.1.0a5,0.3480199105906365,0.172875033427031,117749.64242894003,116735.85057327016,-0.008609723433187307,True,0.05,0.15308147845182146,True,0.17382416649382595
6,0.06,NHF,rolling,reset,model,,,15,0.0,0.0,0.1.0b1,545d8ca624cc,1.1.0a5,1.3638851119134043e-16,9.092567412756028e-18,125820.26041471281,125820.26041471281,0.0,False,0.05,1.3638851119134043e-17,False,2.918007008533134e-17
6,0.06,NDY,rolling,reset,model,0.0,,15,0.0,0.0,0.1.0b1,545d8ca624cc,1.1.0a5,0.013269787565840232,0.00831502658818095,114966.44869832463,114105.57795295499,-0.007488017200814744,False,0.05,0.007892842984140296,False,0.0078928429841403
6,0.06,-10%,rolling,reset,model,0.1,,15,0.0,0.0,0.1.0b1,545d8ca624cc,1.1.0a5,0.10041221457391053,0.006694147824103866,113123.99753525238,114190.79363217871,0.009430325308243243,False,0.05,1.3909467750417303e-10,False,1.2389532430375444e-10
6,0.06,-20%,rolling,reset,model,0.2,,15,0.0,0.0,0.1.0b1,545d8ca624cc,1.1.0a5,0.3393999753345318,0.02262666512280815,109450.99331344834,114361.3341368856,0.04486337377838967,False,0.05,8.596426479261827e-11,False,7.287266271554272e-11
6,0.06,+/-10%,rolling,reset,model,0.1,0.1,15,0.0,0.0,0.1.0b1,545d8ca624cc,1.1.0a5,0.29669201872834716,0.14165018055475798,115025.85540590514,114771.09508345652,-0.002214809197024621,True,0.05,0.11494776692086046,True,0.1330332677331686
6,0.06,+/-20%,rolling,reset,model,0.2,0.2,15,0.0,0.0,0.1.0b1,545d8ca624cc,1.1.0a5,0.6127435190645732,0.16150692418610968,110834.34859694139,115401.70169676609,0.04120882341659508,True,0.05,0.11618190828231587,True,0.1524210076586725
7,0.0,NHF,rolling,reset,model,,,15,0.0,0.0,0.1.0b1,545d8ca624cc,1.1.0a5,1.0,0.4335986102087539,132855.46357742924,99521.32441278,-0.25090529412229884,True,0.05,0.5236879538487955,True,1.6663503313868058
7,0.0,NDY,rolling,reset,model,0.0,,15,0.0,0.0,0.1.0b1,545d8ca624cc,1.1.0a5,1.0,0.22441926306715965,117995.2121145737,92368.64397132031,-0.2171831185689968,True,0.05,0.20616726164694646,True,0.1647078854110498
7,0.0,-10%,rolling,reset,model,0.1,,15,0.0,0.0,0.1.0b1,545d8ca624cc,1.1.0a5,0.9333162223664382,0.2794138482545678,121398.95833827234,95233.83805514648,-0.21553002300248747,True,0.05,0.23187312111400188,True,0.4071793551825877
7,0.0,-20%,rolling,reset,model,0.2,,15,0.0,0.0,0.1.0b1,545d8ca624cc,1.1.0a5,1.0,0.41144618100098923,122431.47083744395,92125.59809926598,-0.24753335503431156,True,0.05,0.3318545116943314,True,0.7236562990739215
7,0.0,+/-10%,rolling,reset,model,0.1,0.1,15,0.0,0.0,0.1.0b1,545d8ca624cc,1.1.0a5,0.26570836556547855,0.1772362225563128,118112.2927269415,94715.82410322288,-0.1980866519779432,True,0.05,0.17824441818205444,True,0.1960448323301525
7,0.0,+/-20%,rolling,reset,model,0.2,0.2,15,0.0,0.0,0.1.0b1,545d8ca624cc,1.1.0a5,0.5093992870145655,0.17321653869970108,120793.44613302867,93998.71220082133,-0.22182274610079883,True,0.05,0.0814259536223998,True,0.10860463262279639
7,0.02,NHF,rolling,reset,model,,,15,0.0,0.0,0.1.0b1,545d8ca624cc,1.1.0a5,1.0,0.23627157505492644,115675.23896214225,111492.23077906917,-0.03616165586173612,True,0.05,0.30366657687921234,True,0.5684539459355297
7,0.02,NDY,rolling,reset,model,0.0,,15,0.0,0.0,0.1.0b1,545d8ca624cc,1.1.0a5,0.29242527657003314,0.06504750924154584,112667.64347459153,104364.87339996196,-0.07369258660763585,True,0.05,0.028704195930140074,False,0.02871032825942558
7,0.02,-10%,rolling,reset,model,0.1,,15,0.0,0.0,0.1.0b1,545d8ca624cc,1.1.0a5,0.24855744688777628,0.04209979479483346,109420.59714570953,104393.4893068261,-0.04594297572868387,False,0.05,0.013164613569851246,False,0.01637774552890328
7,0.02,-20%,rolling,reset,model,0.2,,15,0.0,0.0,0.1.0b1,545d8ca624cc,1.1.0a5,0.23184965401519203,0.03321309863728738,110754.05519369613,106002.70934423209,-0.04289997184441218,False,0.05,0.0012723688747231742,False,0.0011027753304269502
7,0.02,+/-10%,rolling,reset,model,0.1,0.1,15,0.0,0.0,0.1.0b1,545d8ca624cc,1.1.0a5,0.16417389311482714,0.07298491381442607,107726.03308719245,103991.58982023643,-0.03466611700008851,True,0.05,0.057988850999988975,True,0.055898466776648455
7,0.02,+/-20%,rolling,reset,model,0.2,0.2,15,0.0,0.0,0.1.0b1,545d8ca624cc,1.1.0a5,0.21094010151453493,0.0728021133677758,108895.75508333482,105527.73006724121,-0.030928891704880127,True,0.05,0.06400583531601281,True,0.07158629294287208
7,0.04,NHF,rolling,reset,model,,,15,0.0,0.0,0.1.0b1,545d8ca624cc,1.1.0a5,0.0,0.0,112636.72942853736,112636.72942853736,0.0,False,0.05,0.0,False,0.0
7,0.04,NDY,rolling,reset,model,0.0,,15,0.0,0.0,0.1.0b1,545d8ca624cc,1.1.0a5,0.26076203979781004,0.09468632642628486,114899.8025911614,103278.29621180803,-0.10114470275205974,True,0.05,0.06693085583635552,True,0.06708723473883237
7,0.04,-10%,rolling,reset,model,0.1,,15,0.0,0.0,0.1.0b1,545d8ca624cc,1.1.0a5,0.29363199153512093,0.027807669537233227,109308.23441125128,105775.58235487204,-0.032318261066118015,False,0.05,0.00042479327032037657,False,0.0004730597766793005
7,0.04,-20%,rolling,reset,model,0.2,,15,0.0,0.0,0.1.0b1,545d8ca624cc,1.1.0a5,0.23581382180495167,0.04234843674583489,111752.44376323762,107107.3377658814,-0.041566035076579584,False,0.05,0.018801345760942903,False,0.016817035728224586
7,0.04,+/-10%,rolling,reset,model,0.1,0.1,15,0.0,0.0,0.1.0b1,545d8ca624cc,1.1.0a5,0.21231321646138215,0.07056579933960111,110117.81551398154,107449.05712156768,-0.024235482514407585,True,0.05,0.04583966735570708,False,0.0451665637415766
7,0.04,+/-20%,rolling,reset,model,0.2,0.2,15,0.0,0.0,0.1.0b1,545d8ca624cc,1.1.0a5,0.344239201611751,0.06409151962856229,105107.01492741518,107249.61864969082,0.020384973579121068,True,0.05,0.037807906029864544,False,0.040994297183746496
7,0.06,NHF,rolling,reset,model,,,15,0.0,0.0,0.1.0b1,545d8ca624cc,1.1.0a5,0.0,0.0,112636.72942853736,112636.72942853736,0.0,False,0.05,0.0,False,0.0
7,0.06,NDY,rolling,reset,model,0.0,,15,0.0,0.0,0.1.0b1,545d8ca624cc,1.1.0a5,0.2702463330673382,0.09939033268604867,114899.8025911614,103068.78475332275,-0.10296813024071064,True,0.05,0.06564739632370178,True,0.06580077651971579
7,0.06,-10%,rolling,reset,model,0.1,,15,0.0,0.0,0.1.0b1,545d8ca624cc,1.1.0a5,0.1422773131561144,0.03552847639926276,109543.60699399558,107731.53194439248,-0.016542042930012532,False,0.05,0.037766660773215166,False,0.03276322219990546
7,0.06,-20%,rolling,reset,model,0.2,,15,0.0,0.0,0.1.0b1,545d8ca624cc,1.1.0a5,0.12500427244388965,0.040598843384892024,110273.56890494001,109201.43206767774,-0.00972251871331461,False,0.05,0.03461088960218358,False,0.026983258148072266
7,0.06,+/-10%,rolling,reset,model,0.1,0.1,15,0.0,0.0,0.1.0b1,545d8ca624cc,1.1.0a5,0.3899316269180975,0.11375691196671892,101971.52462420156,109142.68476782295,0.0703251242937621,True,0.05,0.06543248729627012,True,0.06299890701539176
7,0.06,+/-20%,rolling,reset,model,0.2,0.2,15,0.0,0.0,0.1.0b1,545d8ca624cc,1.1.0a5,0.38690701190022886,0.07860971613998484,104246.34781811842,109407.19241243016,0.04950623884988291,True,0.05,0.06265948286093101,True,0.06501465531865702
8,0.0,NHF,rolling,reset,model,,,15,0.0,0.0,0.1.0b1,545d8ca624cc,1.1.0a5,1.0,0.49557091287630467,163416.5908460517,113678.75499701868,-0.30436221678305025,True,0.05,0.5516770500129897,True,2.3121466861199234
8,0.0,NDY,rolling,reset,model,0.0,,15,0.0,0.0,0.1.0b1,545d8ca624cc,1.1.0a5,0.48992480574982633,0.1464487456437035,139293.05136311625,117481.87712241778,-0.15658479749890744,True,0.05,0.1669322522261615,True,0.16820096566242815
8,0.0,-10%,rolling,reset,model,0.1,,15,0.0,0.0,0.1.0b1,545d8ca624cc,1.1.0a5,1.0,0.24938415038377387,144569.53323797416,117180.58334221799,-0.18945174188721736,True,0.05,0.26228267696947316,True,0.36265816243347293
8,0.0,-20%,rolling,reset,model,0.2,,15,0.0,0.0,0.1.0b1,545d8ca624cc,1.1.0a5,1.0,0.278351686940822,145270.67145676442,115769.05520723682,-0.2030803324145707,True,0.05,0.2152642171967954,True,0.2490077616340463
8,0.0,+/-10%,rolling,reset,model,0.1,0.1,15,0.0,0.0,0.1.0b1,545d8ca624cc,1.1.0a5,0.3129174460587176,0.15266630584982735,139730.17108445123,116740.14502326002,-0.16453158171041182,True,0.05,0.17896227674602067,True,0.1955811050555479
8,0.0,+/-20%,rolling,reset,model,0.2,0.2,15,0.0,0.0,0.1.0b1,545d8ca624cc,1.1.0a5,0.5953874804472286,0.22086445002922425,143998.3373566077,113780.47825438136,-0.20984866670642646,True,0.05,0.16944137013004473,True,0.27573172401806983
8,0.02,NHF,rolling,reset,model,,,15,0.0,0.0,0.1.0b1,545d8ca624cc,1.1.0a5,1.0,0.23407329240707841,130449.10861510546,128357.60452503298,-0.01603310373123008,True,0.05,0.3169452991284122,True,0.2506066363030611
8,0.02,NDY,rolling,reset,model,0.0,,15,0.0,0.0,0.1.0b1,545d8ca624cc,1.1.0a5,0.2051953300868115,0.05614576900722042,134194.87559956644,125477.97972704974,-0.06495699506833379,True,0.05,0.0037130463239986693,False,0.003733849898785569
8,0.02,-10%,rolling,reset,model,0.1,,15,0.0,0.0,0.1.0b1,545d8ca624cc,1.1.0a5,0.3960535076306194,0.09231785662988594,133968.1858924584,128461.42808623405,-0.041104966597404216,True,0.05,0.08267715879597971,True,0.09030385037447483
8,0.02,-20%,rolling,reset,model,0.2,,15,0.0,0.0,0.1.0b1,545d8ca624cc,1.1.0a5,0.5524989214278456,0.11250998012868475,133511.41542782236,128785.64694271272,-0.035395988200457966,True,0.05,0.1206204867779552,True,0.14184391550725003
8,0.02,+/-10%,rolling,reset,model,0.1,0.1,15,0.0,0.0,0.1.0b1,545d8ca624cc,1.1.0a5,0.29435028472578095,0.07600335123004927,134686.1498461126,127460.06116047516,-0.053651312283361646,True,0.05,0.05124699818673426,True,0.0539451292933581
8,0.02,+/-20%,rolling,reset,model,0.2,0.2,15,0.0,0.0,0.1.0b1,545d8ca624cc,1.1.0a5,0.3882381589362836,0.07339767030318134,134788.24309734962,128549.97089146727,-0.046282020319656655,True,0.05,0.04042828249841757,False,0.03852601340737605
8,0.04,NHF,rolling,reset,model,,,15,0.0,0.0,0.1.0b1,545d8ca624cc,1.1.0a5,0.0,0.0,128412.17632830482,128412.17632830482,0.0,False,0.05,0.0,False,0.0
8,0.04,NDY,rolling,reset,model,0.0,,15,0.0,0.0,0.1.0b1,545d8ca624cc,1.1.0a5,0.20783297471195383,0.026977649604581176,129435.92510044073,125265.23557308494,-0.03222203977851886,False,0.05,5.712257547125229e-05,False,5.9063194687961465e-05
8,0.04,-10%,rolling,reset,model,0.1,,15,0.0,0.0,0.1.0b1,545d8ca624cc,1.1.0a5,0.0299286083051161,0.005875620369651831,129131.34735143949,128248.08763911236,-0.006840010039725494,False,0.05,3.8882725467921025e-05,False,3.9518393393923025e-05
8,0.04,-20%,rolling,reset,model,0.2,,15,0.0,0.0,0.1.0b1,545d8ca624cc,1.1.0a5,0.06996074453216965,0.005463667226860497,129352.30820858532,128509.40779815492,-0.006516315186824469,False,0.05,1.2414205201717167e-10,False,1.0857157155669906e-10
8,0.04,+/-10%,rolling,reset,model,0.1,0.1,15,0.0,0.0,0.1.0b1,545d8ca624cc,1.1.0a5,0.19467748158916182,0.04913216057886306,129284.8514571818,127279.71885849361,-0.015509416424957343,False,0.05,0.02454041833802756,False,0.025174329140931904
8,0.04,+/-20%,rolling,reset,model,0.2,0.2,15,0.0,0.0,0.1.0b1,545d8ca624cc,1.1.0a5,0.3560576335363532,0.07544558943062024,129986.77312962282,128111.33636731721,-0.014427904602535341,True,0.05,0.03762844325355904,False,0.04059416177118758
8,0.06,NHF,rolling,reset,model,,,15,0.0,0.0,0.1.0b1,545d8ca624cc,1.1.0a5,0.0,0.0,128412.17632830482,128412.17632830482,0.0,False,0.05,0.0,False,0.0
8,0.06,NDY,rolling,reset,model,0.0,,15,0.0,0.0,0.1.0b1,545d8ca624cc,1.1.0a5,0.20816235229573074,0.020401534536404312,128471.6011722511,125257.87954861924,-0.025015035185270217,False,0.05,1.992406262529327e-10,False,1.989490724301289e-10
8,0.06,-10%,rolling,reset,model,0.1,,15,0.0,0.0,0.1.0b1,545d8ca624cc,1.1.0a5,0.1113115889157347,0.007765921098977007,128345.3691385728,127056.25441836778,-0.010044107776207956,False,0.05,1.329923614548894e-10,False,1.1932001430664462e-10
8,0.06,-20%,rolling,reset,model,0.2,,15,0.0,0.0,0.1.0b1,545d8ca624cc,1.1.0a5,0.037892442328864455,0.0025261629192242837,128204.69487160275,127783.00335255181,-0.003289204966115095,False,0.05,1.3405674927460468e-10,False,1.0778028218383768e-10
8,0.06,+/-10%,rolling,reset,model,0.1,0.1,15,0.0,0.0,0.1.0b1,545d8ca624cc,1.1.0a5,0.3306500024395287,0.06943158445803581,121630.29118244126,127205.43949092516,0.04583684092411953,True,0.05,0.05001925222800274,True,0.05126016020890216
8,0.06,+/-20%,rolling,reset,model,0.2,0.2,15,0.0,0.0,0.1.0b1,545d8ca624cc,1.1.0a5,0.5398752473408774,0.12788011379938982,117999.55245895949,128061.20434114788,0.08526855968956204,True,0.05,0.09758055928118856,True,0.10049560990577606
9,0.0,NHF,rolling,reset,model,,,15,0.0,0.0,0.1.0b1,545d8ca624cc,1.1.0a5,1.0,0.563841198459118,199971.6418246235,144251.3715250608,-0.27864086022972084,True,0.05,0.5044426243289246,True,0.5606500925493977
9,0.0,NDY,rolling,reset,model,0.0,,15,0.0,0.0,0.1.0b1,545d8ca624cc,1.1.0a5,0.10577185457377883,0.045927722880493606,170298.8193237914,162477.38234301336,-0.04592772288049179,False,0.05,0.02948044668902642,False,0.02948044668902642
9,0.0,-10%,rolling,reset,model,0.1,,15,0.0,0.0,0.1.0b1,545d8ca624cc,1.1.0a5,0.3984080366502242,0.19694874391605482,180326.82796230112,154941.03179589106,-0.1407765913329168,True,0.05,0.15388960659106238,True,0.1542106600516081
9,0.0,-20%,rolling,reset,model,0.2,,15,0.0,0.0,0.1.0b1,545d8ca624cc,1.1.0a5,0.5992042711692867,0.24657351036800337,182765.6957106613,151731.46483270053,-0.16980336904739202,True,0.05,0.16783438186077454,True,0.1361199530279044
9,0.0,+/-10%,rolling,reset,model,0.1,0.1,15,0.0,0.0,0.1.0b1,545d8ca624cc,1.1.0a5,0.39492545381157435,0.15700448737869147,181340.60131967242,158480.86904245187,-0.12605964748579807,True,0.05,0.1191198318274848,True,0.12799961509357147
9,0.0,+/-20%,rolling,reset,model,0.2,0.2,15,0.0,0.0,0.1.0b1,545d8ca624cc,1.1.0a5,0.6736581588769655,0.16793030435360234,182563.38061426923,156278.67196697037,-0.14397579930246118,True,0.05,0.0945018422378959,True,0.11145772907076068
9,0.02,NHF,rolling,reset,model,,,15,0.0,0.0,0.1.0b1,545d8ca624cc,1.1.0a5,0.7008330573540666,0.25782261400777845,173915.60380266333,167225.95261302197,-0.038464928064947515,True,0.05,0.22308075812943132,True,0.18317267618695554
9,0.02,NDY,rolling,reset,model,0.0,,15,0.0,0.0,0.1.0b1,545d8ca624cc,1.1.0a5,0.06660405547951842,0.02385002262997631,170298.8193237914,166237.1886290608,-0.023850022629975806,False,0.05,0.012791502884983924,False,0.012791502884983923
9,0.02,-10%,rolling,reset,model,0.1,,15,0.0,0.0,0.1.0b1,545d8ca624cc,1.1.0a5,0.1817062304156267,0.055764000281584694,174561.52697511856,169185.8444932844,-0.030795345199978535,True,0.05,0.025841340452155644,False,0.019326079605092444
9,0.02,-20%,rolling,reset,model,0.2,,15,0.0,0.0,0.1.0b1,545d8ca624cc,1.1.0a5,0.28734378004447303,0.06595032458299314,173677.61766733672,168953.78292087294,-0.027198868857769815,True,0.05,0.03651469561697233,False,0.029706986207791566
9,0.02,+/-10%,rolling,reset,model,0.1,0.1,15,0.0,0.0,0.1.0b1,545d8ca624cc,1.1.0a5,0.18830510637567144,0.05307893046182789,173342.5303438402,169111.22860014695,-0.024410061023685776,True,0.05,0.03363785001265334,False,0.026898003102855037
9,0.02,+/-20%,rolling,reset,model,0.2,0.2,15,0.0,0.0,0.1.0b1,545d8ca624cc,1.1.0a5,0.21409732181131566,0.08182786975213996,173233.975969998,169568.18310447878,-0.021160934770406002,True,0.05,0.058900749180354484,True,0.05727398068053424
9,0.04,NHF,rolling,reset,model,,,15,0.0,0.0,0.1.0b1,545d8ca624cc,1.1.0a5,1.7792462415224034e-16,1.1861641610149356e-17,164284.06776922103,164284.06776922103,0.0,False,0.05,0.0,False,0.0
9,0.04,NDY,rolling,reset,model,0.0,,15,0.0,0.0,0.1.0b1,545d8ca624cc,1.1.0a5,0.09732190680085362,0.04105698259143733,170298.8193237914,163306.86366347224,-0.04105698259143689,False,0.05,0.0276565497792892,False,0.027656549779289205
9,0.04,-10%,rolling,reset,model,0.1,,15,0.0,0.0,0.1.0b1,545d8ca624cc,1.1.0a5,0.08174593678403135,0.011075421172905523,169034.78424198634,168857.0472237737,-0.0010514819124932456,False,0.05,0.00796197068330185,False,0.006632892712226832
9,0.04,-20%,rolling,reset,model,0.2,,15,0.0,0.0,0.1.0b1,545d8ca624cc,1.1.0a5,0.13102938156697302,0.01982305496650971,169038.72475537352,167949.499956535,-0.00644364065343492,False,0.05,0.013261854860245875,False,0.012153055764531436
9,0.04,+/-10%,rolling,reset,model,0.1,0.1,15,0.0,0.0,0.1.0b1,545d8ca624cc,1.1.0a5,0.03427986713693819,0.009710861850791076,169048.87802995587,168405.52061044044,-0.0038057479411453504,False,0.05,0.004550081330166651,False,0.003731711392018202
9,0.04,+/-20%,rolling,reset,model,0.2,0.2,15,0.0,0.0,0.1.0b1,545d8ca624cc,1.1.0a5,0.1473964762347368,0.04634755791804467,168778.55894795252,167791.98775013935,-0.005845358580869322,False,0.05,0.04163935124371736,False,0.038973120908593506
9,0.06,NHF,rolling,reset,model,,,15,0.0,0.0,0.1.0b1,545d8ca624cc,1.1.0a5,1.7792462415224034e-16,1.1861641610149356e-17,164284.06776922103,164284.06776922103,0.0,False,0.05,0.0,False,0.0
9,0.06,NDY,rolling,reset,model,0.0,,15,0.0,0.0,0.1.0b1,545d8ca624cc,1.1.0a5,0.10382117911949351,0.047761828394523725,170298.81932379142,162165.03633945851,-0.04776182839452362,False,0.05,0.033615906291430374,False,0.03361590629143037
9,0.06,-10%,rolling,reset,model,0.1,,15,0.0,0.0,0.1.0b1,545d8ca624cc,1.1.0a5,0.139552859070469,0.029617217795467835,169817.08304521494,168053.84871566168,-0.010383138715695581,False,0.05,0.006152510548030598,False,0.0055332927481147555
9,0.06,-20%,rolling,reset,model,0.2,,15,0.0,0.0,0.1.0b1,545d8ca624cc,1.1.0a5,0.19450820636162944,0.0508657448424156,168416.36808041093,166776.90767964124,-0.009734566891900467,True,0.05,0.04267001509761436,False,0.04025824681376821
9,0.06,+/-10%,rolling,reset,model,0.1,0.1,15,0.0,0.0,0.1.0b1,545d8ca624cc,1.1.0a5,0.1789462318072625,0.03406053130062275,169786.33804108435,167634.11307166226,-0.012676078618889272,False,0.05,0.008128070784255407,False,0.007075753914777404
9,0.06,+/-20%,rolling,reset,model,0.2,0.2,15,0.0,0.0,0.1.0b1,545d8ca624cc,1.1.0a5,0.17745037879204367,0.06164903305488185,168265.78612556876,166659.9897789999,-0.00954321364754759,True,0.05,0.037117731891814124,False,0.03674152062009287
10,0.0,NHF,rolling,reset,model,,,15,0.0,0.0,0.1.0b1,545d8ca624cc,1.1.0a5,1.0,0.5948744499469544,200442.93512076433,144072.98411764498,-0.2812269285976937,True,0.05,0.5469183984042387,True,0.6923806935286946
10,0.0,NDY,rolling,reset,model,0.0,,15,0.0,0.0,0.1.0b1,545d8ca624cc,1.1.0a5,0.13446389787611804,0.04658323146041215,170298.81928486592,162365.7499686842,-0.0465832314604117,False,0.05,0.02940017818937468,False,0.029400178189374685
10,0.0,-10%,rolling,reset,model,0.1,,15,0.0,0.0,0.1.0b1,545d8ca624cc,1.1.0a5,0.4102728676374413,0.17453754177213862,181082.36074806732,155737.91322521106,-0.13996088530189302,True,0.05,0.12305820137344052,True,0.13607626906328335
10,0.0,-20%,rolling,reset,model,0.2,,15,0.0,0.0,0.1.0b1,545d8ca624cc,1.1.0a5,0.6348263547420364,0.2665437813548797,183015.31666578428,152298.5547646168,-0.16783711036197743,True,0.05,0.19619356542054062,True,0.17892278937131256
10,0.0,+/-10%,rolling,reset,model,0.1,0.1,15,0.0,0.0,0.1.0b1,545d8ca624cc,1.1.0a5,0.4087765685289144,0.15645033872380518,181681.0213398938,159092.18440009613,-0.12433239736988194,True,0.05,0.12064294704158565,True,0.13119135319491332
10,0.0,+/-20%,rolling,reset,model,0.2,0.2,15,0.0,0.0,0.1.0b1,545d8ca624cc,1.1.0a5,0.6466221147521225,0.17298268328542363,182826.00244795487,156573.8126201896,-0.14359111656033993,True,0.05,0.1006015907284343,True,0.1155899709373697
10,0.02,NHF,rolling,reset,model,,,15,0.0,0.0,0.1.0b1,545d8ca624cc,1.1.0a5,0.8608597554743824,0.22602723169982658,174028.14453979683,167256.03288032673,-0.03891388762075465,True,0.05,0.17382937144211086,True,0.1430049057896975
10,0.02,NDY,rolling,reset,model,0.0,,15,0.0,0.0,0.1.0b1,545d8ca624cc,1.1.0a5,0.0657473101878456,0.02358844186947505,170298.8192848657,166281.73548572467,-0.023588441869473474,False,0.05,0.012580777012239683,False,0.012580777012239688
10,0.02,-10%,rolling,reset,model,0.1,,15,0.0,0.0,0.1.0b1,545d8ca624cc,1.1.0a5,0.1806781114638387,0.05971112215518106,175043.70895101404,169194.8940824624,-0.03341345372308376,True,0.05,0.026254013336550676,False,0.0196355791682779
10,0.02,-20%,rolling,reset,model,0.2,,15,0.0,0.0,0.1.0b1,545d8ca624cc,1.1.0a5,0.35566236001464857,0.10382465566415428,174779.850976074,169080.360429532,-0.03260954002828508,True,0.05,0.07797462716782463,True,0.06767753003780519
10,0.02,+/-10%,rolling,reset,model,0.1,0.1,15,0.0,0.0,0.1.0b1,545d8ca624cc,1.1.0a5,0.1870718121106728,0.039965591305082065,172874.8788318789,169137.64123399556,-0.021618164669939117,False,0.05,0.017390496917302968,False,0.013659633535835942
10,0.02,+/-20%,rolling,reset,model,0.2,0.2,15,0.0,0.0,0.1.0b1,545d8ca624cc,1.1.0a5,0.25370184829023695,0.07682161798308293,174070.20313243283,169490.13635588944,-0.026311607007540913,True,0.05,0.048827886505416196,False,0.04913814309957955
10,0.04,NHF,rolling,reset,model,,,15,0.0,0.0,0.1.0b1,545d8ca624cc,1.1.0a5,3.82264544421736e-16,5.794003203652621e-17,163708.61460064046,163708.61460064052,3.555564931965388e-16,False,0.05,3.162641494463499e-17,False,5.787422267086612e-17
10,0.04,NDY,rolling,reset,model,0.0,,15,0.0,0.0,0.1.0b1,545d8ca624cc,1.1.0a5,0.0980680681439401,0.04112928255809812,170298.8192848658,163294.55102718808,-0.04112928255809809,False,0.05,0.02752160522264289,False,0.027521605222643023
10,0.04,-10%,rolling,reset,model,0.1,,15,0.0,0.0,0.1.0b1,545d8ca624cc,1.1.0a5,0.06425138065721614,0.016503513162540062,170925.2412305495,169172.7629991198,-0.010252893129259389,False,0.05,0.005227837283001227,False,0.004095544185062767
10,0.04,-20%,rolling,reset,model,0.2,,15,0.0,0.0,0.1.0b1,545d8ca624cc,1.1.0a5,0.16739205367590737,0.024858725985179107,169710.5275384742,168206.75527195085,-0.00886080721293172,False,0.05,0.0057969876698946874,False,0.004590499223719749
10,0.04,+/-10%,rolling,reset,model,0.1,0.1,15,0.0,0.0,0.1.0b1,545d8ca624cc,1.1.0a5,0.18309772629361545,0.02716333764505763,171036.17007640825,169252.106041976,-0.01043091665134487,False,0.05,0.0026155878173902457,False,0.002173713011651446
10,0.04,+/-20%,rolling,reset,model,0.2,0.2,15,0.0,0.0,0.1.0b1,545d8ca624cc,1.1.0a5,0.23462495707459188,0.05044930484673212,169108.2694393932,167407.07099015426,-0.010059818215150174,True,0.05,0.03957427819756905,False,0.035082929130806136
10,0.06,NHF,rolling,reset,model,,,15,0.0,0.0,0.1.0b1,545d8ca624cc,1.1.0a5,3.82264544421736e-16,5.794003203652621e-17,163708.61460064046,163708.61460064052,3.555564931965388e-16,False,0.05,3.162641494463499e-17,False,5.787422267086612e-17
10,0.06,NDY,rolling,reset,model,0.0,,15,0.0,0.0,0.1.0b1,545d8ca624cc,1.1.0a5,0.10480209817531243,0.04820478083877069,170298.81928486598,162089.60202413757,-0.048204780838770896,False,0.05,0.03420398293875456,False,0.034203982938754575
10,0.06,-10%,rolling,reset,model,0.1,,15,0.0,0.0,0.1.0b1,545d8ca624cc,1.1.0a5,0.1165922767735061,0.02794977208831415,171625.87021269288,168475.19950026248,-0.018357784339422947,False,0.05,0.011486701605560623,False,0.009335489962384213
10,0.06,-20%,rolling,reset,model,0.2,,15,0.0,0.0,0.1.0b1,545d8ca624cc,1.1.0a5,0.1569278028342513,0.024748210038346798,168556.78717249932,166719.97548355433,-0.010897287019746134,False,0.05,0.013098777566628606,False,0.0112333203363575
10,0.06,+/-10%,rolling,reset,model,0.1,0.1,15,0.0,0.0,0.1.0b1,545d8ca624cc,1.1.0a5,0.28627226214606505,0.0518274811854619,167329.69846210312,168106.765215975,0.00464392609927445,True,0.05,0.003765901211383922,False,0.003868252695526339
10,0.06,+/-20%,rolling,reset,model,0.2,0.2,15,0.0,0.0,0.1.0b1,545d8ca624cc,1.1.0a5,0.2433584644784141,0.04440540632879406,168926.60732331825,166115.62355713942,-0.016640266508157187,False,0.05,0.03104514136131999,False,0.028247059544104607
11,0.0,NHF,rolling,reset,model,,,15,0.0,0.0,0.1.0b1,545d8ca624cc,1.1.0a5,0.9882216048150032,0.5719228871849642,175104.71306026034,126349.1163152024,-0.27843680442958296,True,0.05,0.5743466846869928,True,0.6643693635558877
11,0.0,NDY,rolling,reset,model,0.0,,15,0.0,0.0,0.1.0b1,545d8ca624cc,1.1.0a5,0.12094500369845543,0.09997302167570171,154677.74934778363,139214.14735948885,-0.099973021675702,True,0.05,0.10576601917370324,True,0.10576601917370321
11,0.0,-10%,rolling,reset,model,0.1,,15,0.0,0.0,0.1.0b1,545d8ca624cc,1.1.0a5,0.5543905613066922,0.17274601647721255,158858.1717611929,130612.66447764983,-0.17780330070777703,True,0.05,0.074284460664969,True,0.09460734673023954
11,0.0,-20%,rolling,reset,model,0.2,,15,0.0,0.0,0.1.0b1,545d8ca624cc,1.1.0a5,0.5943534159798721,0.2632760231984269,159944.97073663733,129620.4330723949,-0.18959356786637765,True,0.05,0.16926272033052941,True,0.16432689172384254
11,0.0,+/-10%,rolling,reset,model,0.1,0.1,15,0.0,0.0,0.1.0b1,545d8ca624cc,1.1.0a5,0.4843538971627774,0.20505833558871042,159700.2433096316,134377.46770260858,-0.15856441469488847,True,0.05,0.16477074937373876,True,0.19717007225655728
11,0.0,+/-20%,rolling,reset,model,0.2,0.2,15,0.0,0.0,0.1.0b1,545d8ca624cc,1.1.0a5,0.5979035520146869,0.220036510275641,160737.22153002137,133065.81383214873,-0.1721530796319281,True,0.05,0.14514796226688942,True,0.17752039863803573
11,0.02,NHF,rolling,reset,model,,,15,0.0,0.0,0.1.0b1,545d8ca624cc,1.1.0a5,0.5008179289526642,0.15959108264884078,147933.7457662369,143879.35009451202,-0.027406834395524608,True,0.05,0.13792016932234957,True,0.12638633996545962
11,0.02,NDY,rolling,reset,model,0.0,,15,0.0,0.0,0.1.0b1,545d8ca624cc,1.1.0a5,0.10618193002128881,0.055470295642217386,154677.7493477836,146097.72886218922,-0.05547029564221752,True,0.05,0.04429643326128982,False,0.044296433261289826
11,0.02,-10%,rolling,reset,model,0.1,,15,0.0,0.0,0.1.0b1,545d8ca624cc,1.1.0a5,0.2982736792918192,0.06157285359323445,149439.8242119999,144725.3380515481,-0.03154772287314568,True,0.05,0.02913317541769491,False,0.02368902168245702
11,0.02,-20%,rolling,reset,model,0.2,,15,0.0,0.0,0.1.0b1,545d8ca624cc,1.1.0a5,0.31948804901953864,0.05838185425198898,147766.25107160528,144313.96555027412,-0.023363152927648078,True,0.05,0.03161189214494641,False,0.03348956243202041
11,0.02,+/-10%,rolling,reset,model,0.1,0.1,15,0.0,0.0,0.1.0b1,545d8ca624cc,1.1.0a5,0.23003891077842,0.04019883938018209,148871.29237046387,144773.06739759,-0.02752864509750812,False,0.05,0.015388100111886124,False,0.013032735501959528
11,0.02,+/-20%,rolling,reset,model,0.2,0.2,15,0.0,0.0,0.1.0b1,545d8ca624cc,1.1.0a5,0.3479807704832889,0.048407275119366384,148001.20337519312,144483.52285602703,-0.02376791836109956,False,0.05,0.026478249830270268,False,0.026337470862168096
11,0.04,NHF,rolling,reset,model,,,15,0.0,0.0,0.1.0b1,545d8ca624cc,1.1.0a5,1.640847058715549e-16,1.0938980391436993e-17,141163.23002121874,141163.23002121874,0.0,False,0.05,1.6408470587155488e-17,False,2.4056022100905544e-17
11,0.04,NDY,rolling,reset,model,0.0,,15,0.0,0.0,0.1.0b1,545d8ca624cc,1.1.0a5,0.12530956435855625,0.06795473483145237,154677.74934778354,144166.66390652905,-0.06795473483145238,True,0.05,0.05549052187148257,True,0.055490521871482575
11,0.04,-10%,rolling,reset,model,0.1,,15,0.0,0.0,0.1.0b1,545d8ca624cc,1.1.0a5,0.08840552091033937,0.01645980715528554,144916.64735103943,144514.41473638924,-0.0027756135820326943,False,0.05,0.018819873337151138,False,0.016544662302373045
11,0.04,-20%,rolling,reset,model,0.2,,15,0.0,0.0,0.1.0b1,545d8ca624cc,1.1.0a5,0.031551260751951984,0.008767972334875617,142085.11161318858,142099.95620267247,0.00010447674154845938,False,0.05,0.008297974101211547,False,0.007820446465284802
11,0.04,+/-10%,rolling,reset,model,0.1,0.1,15,0.0,0.0,0.1.0b1,545d8ca624cc,1.1.0a5,0.06668905944571521,0.009373080258562594,144931.82466493838,144136.80326867537,-0.005485485317672522,False,0.05,0.003285925507182925,False,0.002867147960344373
11,0.04,+/-20%,rolling,reset,model,0.2,0.2,15,0.0,0.0,0.1.0b1,545d8ca624cc,1.1.0a5,0.07259154218982879,0.02485070071418454,141998.7786260682,141900.0010373384,-0.0006956228052490531,False,0.05,0.02737493416885602,False,0.02511245657495863
11,0.06,NHF,rolling,reset,model,,,15,0.0,0.0,0.1.0b1,545d8ca624cc,1.1.0a5,1.640847058715549e-16,1.0938980391436993e-17,141163.23002121874,141163.23002121874,0.0,False,0.05,1.6408470587155488e-17,False,2.4056022100905544e-17
11,0.06,NDY,rolling,reset,model,0.0,,15,0.0,0.0,0.1.0b1,545d8ca624cc,1.1.0a5,0.1341271591818531,0.07286402349354243,153711.96990252327,142511.89731630715,-0.07286402349354228,True,0.05,0.060645486925278234,True,0.06064548692527824
11,0.06,-10%,rolling,reset,model,0.1,,15,0.0,0.0,0.1.0b1,545d8ca624cc,1.1.0a5,0.0629669729657925,0.02396844199485642,143953.55958811886,142897.4649331012,-0.007336356655850446,False,0.05,0.016704463422704534,False,0.015079505103030676
11,0.06,-20%,rolling,reset,model,0.2,,15,0.0,0.0,0.1.0b1,545d8ca624cc,1.1.0a5,0.12606163506191928,0.027152259544476975,142002.9535741758,141789.30263854333,-0.0015045527593259976,False,0.05,0.033706269568184656,False,0.03383299232808069
11,0.06,+/-10%,rolling,reset,model,0.1,0.1,15,0.0,0.0,0.1.0b1,545d8ca624cc,1.1.0a5,0.05900795706076351,0.016292217424586905,144299.3135414834,143432.341676725,-0.0060081496126394955,False,0.05,0.010440794278938981,False,0.009872324051723913
11,0.06,+/-20%,rolling,reset,model,0.2,0.2,15,0.0,0.0,0.1.0b1,545d8ca624cc,1.1.0a5,0.22220088333981358,0.034363761786608,139858.0234362523,141731.1895635171,0.01339334048374146,False,0.05,0.012080631175672235,False,0.01130650601633314
12,0.0,NHF,rolling,reset,model,,,15,0.0,0.0,0.1.0b1,545d8ca624cc,1.1.0a5,0.9886076417155695,0.5790548621061931,172160.27634770004,121237.4728843178,-0.2957871847309133,True,0.05,0.5855151181403941,True,0.7473788258444125
12,0.0,NDY,rolling,reset,model,0.0,,15,0.0,0.0,0.1.0b1,545d8ca624cc,1.1.0a5,0.11283046472617227,0.08662107294228974,150042.1137592122,137045.30487886016,-0.08662107294228961,True,0.05,0.08800531558506189,True,0.08800531558506187
12,0.0,-10%,rolling,reset,model,0.1,,15,0.0,0.0,0.1.0b1,545d8ca624cc,1.1.0a5,0.5652683164102229,0.16004137990527995,155281.60003878205,130155.15397916619,-0.16181212747254314,True,0.05,0.07960515266021259,True,0.09019398690465852
12,0.0,-20%,rolling,reset,model,0.2,,15,0.0,0.0,0.1.0b1,545d8ca624cc,1.1.0a5,0.7184171333110402,0.2821585157804834,156349.82619494735,126957.99524632058,-0.18798761510600645,True,0.05,0.19083778170477614,True,0.1967751360627521
12,0.0,+/-10%,rolling,reset,model,0.1,0.1,15,0.0,0.0,0.1.0b1,545d8ca624cc,1.1.0a5,0.40808518614518247,0.184709839640798,156463.67079717625,133720.73533514014,-0.14535601361109418,True,0.05,0.1580282137465666,True,0.18403395229528383
12,0.0,+/-20%,rolling,reset,model,0.2,0.2,15,0.0,0.0,0.1.0b1,545d8ca624cc,1.1.0a5,0.5733069080492111,0.24324126527819642,157527.04939381004,130779.28102381238,-0.16979793929314024,True,0.05,0.17564341926616717,True,0.2137360945854818
12,0.02,NHF,rolling,reset,model,,,15,0.0,0.0,0.1.0b1,545d8ca624cc,1.1.0a5,0.441762746627479,0.16086905377241142,144737.98315306043,141349.19790588986,-0.02341324076339332,True,0.05,0.12589551509701374,True,0.12496043225800339
12,0.02,NDY,rolling,reset,model,0.0,,15,0.0,0.0,0.1.0b1,545d8ca624cc,1.1.0a5,0.09486901308629712,0.047560049483099796,150042.11375921214,142906.10340427514,-0.04756004948309965,False,0.05,0.036272408940654866,False,0.036272408940654866
12,0.02,-10%,rolling,reset,model,0.1,,15,0.0,0.0,0.1.0b1,545d8ca624cc,1.1.0a5,0.25984323881138877,0.08063815078310116,147078.88773226924,142658.21239791554,-0.030056491468719464,True,0.05,0.052793259257062686,True,0.04398941896157761
12,0.02,-20%,rolling,reset,model,0.2,,15,0.0,0.0,0.1.0b1,545d8ca624cc,1.1.0a5,0.31878460684180604,0.06752283255136823,145966.8661415499,141934.15728610143,-0.02762756344674679,True,0.05,0.044522257688691426,False,0.04239222195387159
12,0.02,+/-10%,rolling,reset,model,0.1,0.1,15,0.0,0.0,0.1.0b1,545d8ca624cc,1.1.0a5,0.19429191173292112,0.03049075410835033,146029.08484342822,142463.3943586198,-0.024417673291807288,False,0.05,0.0023989075657976484,False,0.0020308360787015763
12,0.02,+/-20%,rolling,reset,model,0.2,0.2,15,0.0,0.0,0.1.0b1,545d8ca624cc,1.1.0a5,0.3071158332271712,0.05533895300454064,145853.94506430594,141760.53472187833,-0.028065132832868225,True,0.05,0.02719174322689666,False,0.02558933567439311
12,0.04,NHF,rolling,reset,model,,,15,0.0,0.0,0.1.0b1,545d8ca624cc,1.1.0a5,1.8286190641468532e-16,1.2190793760979022e-17,138277.3487656373,138277.3487656373,0.0,False,0.05,0.0,False,0.0
12,0.04,NDY,rolling,reset,model,0.0,,15,0.0,0.0,0.1.0b1,545d8ca624cc,1.1.0a5,0.11808192066313368,0.06205827404519708,150042.11375921214,140730.7591452223,-0.06205827404519709,True,0.05,0.049149081191246106,False,0.049149081191246106
12,0.04,-10%,rolling,reset,model,0.1,,15,0.0,0.0,0.1.0b1,545d8ca624cc,1.1.0a5,0.07399626673952527,0.02066268673830843,143284.59628598776,142358.97932714838,-0.00645998929984005,False,0.05,0.01143534181184129,False,0.008998633623325222
12,0.04,-20%,rolling,reset,model,0.2,,15,0.0,0.0,0.1.0b1,545d8ca624cc,1.1.0a5,0.07700976094136047,0.013603130338722425,140680.6638832869,140415.7510373205,-0.0018830792992716196,False,0.05,0.004381268459940574,False,0.004622698414362625
12,0.04,+/-10%,rolling,reset,model,0.1,0.1,15,0.0,0.0,0.1.0b1,545d8ca624cc,1.1.0a5,0.14654054826537247,0.027115712954617108,143963.27703325116,142125.09666439297,-0.012768397654865982,False,0.05,0.004174594620919475,False,0.0035397044785931957
12,0.04,+/-20%,rolling,reset,model,0.2,0.2,15,0.0,0.0,0.1.0b1,545d8ca624cc,1.1.0a5,0.013280463269003798,0.001067107311571415,140070.07210384164,139962.22993275672,-0.0007699158675735688,False,0.05,0.0002513642593846315,False,0.00023482699960108373
12,0.06,NHF,rolling,reset,model,,,15,0.0,0.0,0.1.0b1,545d8ca624cc,1.1.0a5,1.8286190641468532e-16,1.2190793760979022e-17,138277.3487656373,138277.3487656373,0.0,False,0.05,0.0,False,0.0
12,0.06,NDY,rolling,reset,model,0.0,,15,0.0,0.0,0.1.0b1,545d8ca624cc,1.1.0a5,0.1308895954933991,0.06988044552885762,150042.11375921217,139557.1040016269,-0.06988044552885753,True,0.05,0.0572754109061452,True,0.057275410906145206
12,0.06,-10%,rolling,reset,model,0.1,,15,0.0,0.0,0.1.0b1,545d8ca624cc,1.1.0a5,0.07548072828809063,0.01630879835877291,142810.39711837427,141807.2102007311,-0.007024607016614109,False,0.05,0.011875016129004655,False,0.010513401862941552
12,0.06,-20%,rolling,reset,model,0.2,,15,0.0,0.0,0.1.0b1,545d8ca624cc,1.1.0a5,0.17475429197444767,0.030871683573257938,139748.95388300339,139068.16272444633,-0.0048715295509618416,False,0.05,0.03727890069851711,False,0.03724692024340575
12,0.06,+/-10%,rolling,reset,model,0.1,0.1,15,0.0,0.0,0.1.0b1,545d8ca624cc,1.1.0a5,0.1437655164019166,0.03148135755585545,143635.09036059823,142037.66286669212,-0.011121429240554983,False,0.05,0.0100787488418946,False,0.009277402303869128
12,0.06,+/-20%,rolling,reset,model,0.2,0.2,15,0.0,0.0,0.1.0b1,545d8ca624cc,1.1.0a5,0.11558646995897635,0.033790733199184055,139450.53996584928,139144.47301949724,-0.0021948064627573365,False,0.05,0.030739378599793636,False,0.03096250458070189
13,0.0,NHF,rolling,reset,model,,,15,0.0,0.0,0.1.0b1,545d8ca624cc,1.1.0a5,0.9421230209681788,0.5616915444109931,174466.1005244959,125497.45963986403,-0.28067710997963435,True,0.05,0.5475089582519184,True,0.6260274305971399
13,0.0,NDY,rolling,reset,model,0.0,,15,0.0,0.0,0.1.0b1,545d8ca624cc,1.1.0a5,0.12059827249411548,0.09659556352732414,152968.4926193969,138192.41487290093,-0.09659556352732407,True,0.05,0.10283844574721675,True,0.10283844574721675
13,0.0,-10%,rolling,reset,model,0.1,,15,0.0,0.0,0.1.0b1,545d8ca624cc,1.1.0a5,0.4337803210185251,0.16784474127485674,157045.6735783301,131488.44494413154,-0.16273755304345475,True,0.05,0.08810522809163245,True,0.09431710837938946
13,0.0,-20%,rolling,reset,model,0.2,,15,0.0,0.0,0.1.0b1,545d8ca624cc,1.1.0a5,0.6410951065346523,0.27080276273287,158497.7371604012,129569.51873133374,-0.1825150248031101,True,0.05,0.19426450276183727,True,0.16741024525083584
13,0.0,+/-10%,rolling,reset,model,0.1,0.1,15,0.0,0.0,0.1.0b1,545d8ca624cc,1.1.0a5,0.395505056969386,0.17979505785185693,158447.5563909798,134603.9865982901,-0.15048240778074304,True,0.05,0.1412897420835801,True,0.16818996282976212
13,0.0,+/-20%,rolling,reset,model,0.2,0.2,15,0.0,0.0,0.1.0b1,545d8ca624cc,1.1.0a5,0.559665571422372,0.18873815962233312,159317.98382846854,133875.94402390168,-0.15969345828503145,True,0.05,0.10936087142912856,True,0.13281159898021686
13,0.02,NHF,rolling,reset,model,,,15,0.0,0.0,0.1.0b1,545d8ca624cc,1.1.0a5,0.4174729130752469,0.12515316446176666,146977.56442730463,143959.13177174178,-0.020536689850074178,True,0.05,0.07954010724209355,True,0.08127768340538317
13,0.02,NDY,rolling,reset,model,0.0,,15,0.0,0.0,0.1.0b1,545d8ca624cc,1.1.0a5,0.10288233117942838,0.054873748429605546,152968.49261939677,144574.53803774403,-0.05487374842960547,True,0.05,0.044006632658632916,False,0.044006632658632916
13,0.02,-10%,rolling,reset,model,0.1,,15,0.0,0.0,0.1.0b1,545d8ca624cc,1.1.0a5,0.18200855457254442,0.05024286931347724,148861.85474238047,144390.61291861933,-0.03003618241556273,True,0.05,0.022029212527303634,False,0.016887973909577438
13,0.02,-20%,rolling,reset,model,0.2,,15,0.0,0.0,0.1.0b1,545d8ca624cc,1.1.0a5,0.41216491942317796,0.06290900849407202,147907.98108802733,143507.042996399,-0.029754568071679144,True,0.05,0.022938934424649216,False,0.020999290129362237
13,0.02,+/-10%,rolling,reset,model,0.1,0.1,15,0.0,0.0,0.1.0b1,545d8ca624cc,1.1.0a5,0.18553186517086329,0.04792489041810391,147975.33446334914,144482.06765970832,-0.02360708841314384,False,0.05,0.02759447483852756,False,0.022734943448300547
13,0.02,+/-20%,rolling,reset,model,0.2,0.2,15,0.0,0.0,0.1.0b1,545d8ca624cc,1.1.0a5,0.33899369945326474,0.039142521978048885,147891.9723472543,143904.403951301,-0.02696271023142749,False,0.05,0.014927872983939022,False,0.013651494848388072
13,0.04,NHF,rolling,reset,model,,,15,0.0,0.0,0.1.0b1,545d8ca624cc,1.1.0a5,1.8859370212053865e-16,3.33793272733404e-17,140651.32341278365,140651.32341278365,0.0,False,0.05,3.1209620697956735e-17,False,5.0042164671602247e-17
13,0.04,NDY,rolling,reset,model,0.0,,15,0.0,0.0,0.1.0b1,545d8ca624cc,1.1.0a5,0.12122353820624301,0.06631547574068418,152968.49261939677,142824.31425800614,-0.06631547574068415,True,0.05,0.05415364823324501,True,0.05415364823324501
13,0.04,-10%,rolling,reset,model,0.1,,15,0.0,0.0,0.1.0b1,545d8ca624cc,1.1.0a5,0.1531108870849225,0.026047844440242707,144761.29622893425,143816.10767218762,-0.006529290503532516,False,0.05,0.02322276231464712,False,0.019445837153720155
13,0.04,-20%,rolling,reset,model,0.2,,15,0.0,0.0,0.1.0b1,545d8ca624cc,1.1.0a5,0.036991442701935766,0.013457065603403439,141402.3365394353,141323.4942386016,-0.000557574243560746,False,0.05,0.013948441795136402,False,0.012941021472263494
13,0.04,+/-10%,rolling,reset,model,0.1,0.1,15,0.0,0.0,0.1.0b1,545d8ca624cc,1.1.0a5,0.042195207085242215,0.009731064369593664,144452.85689736652,143747.44337254416,-0.004883347688468051,False,0.05,0.005262342183308436,False,0.004264042264938484
13,0.04,+/-20%,rolling,reset,model,0.2,0.2,15,0.0,0.0,0.1.0b1,545d8ca624cc,1.1.0a5,0.056098962103877256,0.02103963890645355,141780.90465584164,141648.4941359499,-0.0009339094020675871,False,0.05,0.01843654253491856,False,0.016560784307995915
13,0.06,NHF,rolling,reset,model,,,15,0.0,0.0,0.1.0b1,545d8ca624cc,1.1.0a5,1.8859370212053865e-16,3.33793272733404e-17,140651.32341278365,140651.32341278365,0.0,False,0.05,3.1209620697956735e-17,False,5.0042164671602247e-17
13,0.06,NDY,rolling,reset,model,0.0,,15,0.0,0.0,0.1.0b1,545d8ca624cc,1.1.0a5,0.13209214613612816,0.07260036713018707,152383.75267828966,141320.6362891702,-0.07260036713018718,True,0.05,0.06073157034167036,True,0.06073157034167036
13,0.06,-10%,rolling,reset,model,0.1,,15,0.0,0.0,0.1.0b1,545d8ca624cc,1.1.0a5,0.11285830123482363,0.019431750779356976,144089.5863741052,143366.3744426713,-0.005019182507444887,False,0.05,0.01327748282216772,False,0.012002107823013137
13,0.06,-20%,rolling,reset,model,0.2,,15,0.0,0.0,0.1.0b1,545d8ca624cc,1.1.0a5,0.11430881293432825,0.01790906069280785,141340.31470216214,141026.0457090394,-0.0022234915337847943,False,0.05,0.015817775711790865,False,0.014344285236277005
13,0.06,+/-10%,rolling,reset,model,0.1,0.1,15,0.0,0.0,0.1.0b1,545d8ca624cc,1.1.0a5,0.033808913332336626,0.01164565793683386,144264.21911032643,143487.02684012876,-0.005387283659043085,False,0.05,0.005983081267917164,False,0.00521933400733923
13,0.06,+/-20%,rolling,reset,model,0.2,0.2,15,0.0,0.0,0.1.0b1,545d8ca624cc,1.1.0a5,0.08358860342201604,0.01621333313804097,141751.85484688618,140984.90661332116,-0.005410498750746131,False,0.05,0.008379469485607437,False,0.0075486554876408605
14,0.0,NHF,rolling,reset,model,,,15,0.0,0.0,0.1.0b1,545d8ca624cc,1.1.0a5,0.9331017530558944,0.5033875233963159,174052.90865954157,124502.96292883209,-0.2846832386331003,True,0.05,0.45281880986436096,True,0.5326544046410624
14,0.0,NDY,rolling,reset,model,0.0,,15,0.0,0.0,0.1.0b1,545d8ca624cc,1.1.0a5,0.11901747421162771,0.09825057121913018,153671.04021499213,138572.77273403123,-0.09825057121913018,True,0.05,0.10427210207100727,True,0.10427210207100727
14,0.0,-10%,rolling,reset,model,0.1,,15,0.0,0.0,0.1.0b1,545d8ca624cc,1.1.0a5,0.43679841089497773,0.1734529268549643,157594.88561408754,132011.16662280206,-0.16233851048906456,True,0.05,0.10540237369771321,True,0.11177694433051447
14,0.0,-20%,rolling,reset,model,0.2,,15,0.0,0.0,0.1.0b1,545d8ca624cc,1.1.0a5,0.5708849033529437,0.2505388772103933,159307.47920333143,130768.5417008258,-0.17914373917171889,True,0.05,0.16871744162828278,True,0.17299204389830938
14,0.0,+/-10%,rolling,reset,model,0.1,0.1,15,0.0,0.0,0.1.0b1,545d8ca624cc,1.1.0a5,0.3954865772599194,0.1746914228161736,158863.14232150186,135236.75212142506,-0.14872165975580737,True,0.05,0.13742991566380297,True,0.16331814832045546
14,0.0,+/-20%,rolling,reset,model,0.2,0.2,15,0.0,0.0,0.1.0b1,545d8ca624cc,1.1.0a5,0.5695845648853837,0.19064536198609322,159710.473559582,134158.20606359103,-0.15999118233444076,True,0.05,0.11235610804824814,True,0.13770525955019494
14,0.02,NHF,rolling,reset,model,,,15,0.0,0.0,0.1.0b1,545d8ca624cc,1.1.0a5,0.47691347184703753,0.13756783169080952,146944.539591368,143700.6099356018,-0.022075877503084578,True,0.05,0.13663960080777146,True,0.11928238335312265
14,0.02,NDY,rolling,reset,model,0.0,,15,0.0,0.0,0.1.0b1,545d8ca624cc,1.1.0a5,0.10461829776097178,0.05621248245196278,153671.0402149921,145032.809563532,-0.05621248245196267,True,0.05,0.045660745289079936,False,0.04566074528907993
14,0.02,-10%,rolling,reset,model,0.1,,15,0.0,0.0,0.1.0b1,545d8ca624cc,1.1.0a5,0.28568375704005344,0.059969121433199435,148923.59300444988,143869.4745150144,-0.03393766150461114,True,0.05,0.02681797753224433,False,0.022053626911316015
14,0.02,-20%,rolling,reset,model,0.2,,15,0.0,0.0,0.1.0b1,545d8ca624cc,1.1.0a5,0.3538113091395222,0.0743836201341512,147330.43002502713,143665.63172627438,-0.024874686771295028,True,0.05,0.05379299035899167,True,0.050271325186360925
14,0.02,+/-10%,rolling,reset,model,0.1,0.1,15,0.0,0.0,0.1.0b1,545d8ca624cc,1.1.0a5,0.1763057089264077,0.04621429973231239,148224.30607372097,144176.44576450603,-0.027309018449387747,False,0.05,0.023170865962268677,False,0.02040508959816213
14,0.02,+/-20%,rolling,reset,model,0.2,0.2,15,0.0,0.0,0.1.0b1,545d8ca624cc,1.1.0a5,0.36166220994623743,0.058554933511663604,147897.21912322394,143853.32029180593,-0.027342629262344348,True,0.05,0.03553356387886264,False,0.03229375497986984
14,0.04,NHF,rolling,reset,model,,,15,0.0,0.0,0.1.0b1,545d8ca624cc,1.1.0a5,2.9103552983878124e-16,4.019422653975803e-17,141539.8736083203,141539.87360832028,-2.056228376836904e-16,False,0.05,4.51677615893543e-17,False,7.55901145681118e-17
14,0.04,NDY,rolling,reset,model,0.0,,15,0.0,0.0,0.1.0b1,545d8ca624cc,1.1.0a5,0.12525317322336443,0.06989818535984063,153671.0402149921,142929.71336160504,-0.06989818535984074,True,0.05,0.05824113848360733,True,0.05824113848360733
14,0.04,-10%,rolling,reset,model,0.1,,15,0.0,0.0,0.1.0b1,545d8ca624cc,1.1.0a5,0.09534653763781958,0.023154460255236455,144490.38699416636,143668.06354322372,-0.005691198342321836,False,0.05,0.007693359129496463,False,0.006701996042211346
14,0.04,-20%,rolling,reset,model,0.2,,15,0.0,0.0,0.1.0b1,545d8ca624cc,1.1.0a5,0.052195828424239935,0.011582560131116297,142059.9847516696,142079.27354467948,0.00013577921357374893,False,0.05,0.006382596925646985,False,0.005935738421720859
14,0.04,+/-10%,rolling,reset,model,0.1,0.1,15,0.0,0.0,0.1.0b1,545d8ca624cc,1.1.0a5,0.08851262955419976,0.021559109195841957,144838.63154222237,143536.97209292627,-0.008986963184035955,False,0.05,0.006685148502776306,False,0.00597831464491069
14,0.04,+/-20%,rolling,reset,model,0.2,0.2,15,0.0,0.0,0.1.0b1,545d8ca624cc,1.1.0a5,0.15246615159177582,0.04793531519530906,142536.84294620875,142132.26139574742,-0.0028384349063631945,False,0.05,0.04188789718092073,False,0.03933374623545025
14,0.06,NHF,rolling,reset,model,,,15,0.0,0.0,0.1.0b1,545d8ca624cc,1.1.0a5,2.9103552983878124e-16,4.019422653975803e-17,141539.8736083203,141539.87360832028,-2.056228376836904e-16,False,0.05,4.51677615893543e-17,False,7.55901145681118e-17
14,0.06,NDY,rolling,reset,model,0.0,,15,0.0,0.0,0.1.0b1,545d8ca624cc,1.1.0a5,0.13234177453935084,0.07413446897484606,152866.45761510136,141533.78395573996,-0.07413446897484641,True,0.05,0.06276348818737397,True,0.06276348818737398
14,0.06,-10%,rolling,reset,model,0.1,,15,0.0,0.0,0.1.0b1,545d8ca624cc,1.1.0a5,0.0807508709958212,0.021214766887957936,143694.79626698303,142751.13753409535,-0.006567104428293786,False,0.05,0.013207556969141295,False,0.012344352538077858
14,0.06,-20%,rolling,reset,model,0.2,,15,0.0,0.0,0.1.0b1,545d8ca624cc,1.1.0a5,0.15721613516919822,0.030547962101174216,141893.31435584076,141075.80607562175,-0.005761429169022468,False,0.05,0.03565555013938124,False,0.03566406755898162
14,0.06,+/-10%,rolling,reset,model,0.1,0.1,15,0.0,0.0,0.1.0b1,545d8ca624cc,1.1.0a5,0.080969061836671,0.023339112685398122,143824.13760437228,142834.8244189678,-0.006878631096859892,False,0.05,0.012943698105237659,False,0.011537486343447513
14,0.06,+/-20%,rolling,reset,model,0.2,0.2,15,0.0,0.0,0.1.0b1,545d8ca624cc,1.1.0a5,0.14082759025316652,0.03306442554827039,140576.65604506916,140941.87164084055,0.0025979818132414183,False,0.05,0.03842589016591408,False,0.037855815028183984
15,0.0,NHF,rolling,reset,model,,,15,0.0,0.0,0.1.0b1,545d8ca624cc,1.1.0a5,0.988972013646755,0.5887589384086414,171610.0431777653,121630.78992185848,-0.29123734444921107,True,0.05,0.5722657639644053,True,0.5997604562517483
15,0.0,NDY,rolling,reset,model,0.0,,15,0.0,0.0,0.1.0b1,545d8ca624cc,1.1.0a5,0.13021004785938525,0.10119159360109639,151182.63127871015,135884.21989481052,-0.1011915936010963,True,0.05,0.1041839714424134,True,0.10418397144241341
15,0.0,-10%,rolling,reset,model,0.1,,15,0.0,0.0,0.1.0b1,545d8ca624cc,1.1.0a5,0.43991938697135885,0.20815325867041984,154816.3107417136,129720.11026296492,-0.1621030778896268,True,0.05,0.16263105740380596,True,0.1568003083316882
15,0.0,-20%,rolling,reset,model,0.2,,15,0.0,0.0,0.1.0b1,545d8ca624cc,1.1.0a5,0.5139061740139104,0.2480558429845527,156673.80836636483,128468.65033367995,-0.18002471712904403,True,0.05,0.17340508716978428,True,0.19301032453536549
15,0.0,+/-10%,rolling,reset,model,0.1,0.1,15,0.0,0.0,0.1.0b1,545d8ca624cc,1.1.0a5,0.37029594445799696,0.17685660947321016,156073.8396178574,133232.3731883078,-0.14635038444287848,True,0.05,0.15127126670015606,True,0.17588032602732023
15,0.0,+/-20%,rolling,reset,model,0.2,0.2,15,0.0,0.0,0.1.0b1,545d8ca624cc,1.1.0a5,0.5120499824640716,0.21264399108609247,157036.31031567295,131459.27100012475,-0.16287340974920686,True,0.05,0.15109998971623212,True,0.1729802413911402
15,0.02,NHF,rolling,reset,model,,,15,0.0,0.0,0.1.0b1,545d8ca624cc,1.1.0a5,0.45025036501990695,0.15211911057787225,143423.58711990024,140140.44361012845,-0.022891238294208374,True,0.05,0.13162958372096928,True,0.1320758190109287
15,0.02,NDY,rolling,reset,model,0.0,,15,0.0,0.0,0.1.0b1,545d8ca624cc,1.1.0a5,0.10542779044843402,0.05695464409305864,151182.63127871015,142572.07832117908,-0.056954644093058726,True,0.05,0.04689668354005512,False,0.04689668354005512
15,0.02,-10%,rolling,reset,model,0.1,,15,0.0,0.0,0.1.0b1,545d8ca624cc,1.1.0a5,0.23407269258719804,0.06403226731096513,146066.97852251094,141892.42047085206,-0.028579752206043783,True,0.05,0.03228931226234603,False,0.02723468739713518
15,0.02,-20%,rolling,reset,model,0.2,,15,0.0,0.0,0.1.0b1,545d8ca624cc,1.1.0a5,0.311249210425652,0.06955414803068619,144356.75763879024,140837.88954076747,-0.024376192397086695,True,0.05,0.04093893504154465,False,0.042522490955538506
15,0.02,+/-10%,rolling,reset,model,0.1,0.1,15,0.0,0.0,0.1.0b1,545d8ca624cc,1.1.0a5,0.18594804691191366,0.036951287881875655,145447.4541055104,141709.93128675388,-0.02569672217187969,False,0.05,0.012064913507227156,False,0.010730289906475452
15,0.02,+/-20%,rolling,reset,model,0.2,0.2,15,0.0,0.0,0.1.0b1,545d8ca624cc,1.1.0a5,0.2958025297763201,0.06764723540226274,144395.63607304083,141036.1441456093,-0.02326588267343611,True,0.05,0.043807629532548846,False,0.042442170859994396
15,0.04,NHF,rolling,reset,model,,,15,0.0,0.0,0.1.0b1,545d8ca624cc,1.1.0a5,1.8925923736136783e-16,2.3463287336119844e-17,137991.35804815387,137991.35804815387,0.0,False,0.05,0.0,False,0.0
15,0.04,NDY,rolling,reset,model,0.0,,15,0.0,0.0,0.1.0b1,545d8ca624cc,1.1.0a5,0.12550394262554393,0.06920007684176728,151182.6312787102,140720.7815770829,-0.0692000768417672,True,0.05,0.05754334470022332,True,0.057543344700223306
15,0.04,-10%,rolling,reset,model,0.1,,15,0.0,0.0,0.1.0b1,545d8ca624cc,1.1.0a5,0.16658976331350658,0.034189178427794245,141789.14542360432,140835.46314980797,-0.006726059818945689,False,0.05,0.026948323304042086,False,0.024614400460649864
15,0.04,-20%,rolling,reset,model,0.2,,15,0.0,0.0,0.1.0b1,545d8ca624cc,1.1.0a5,0.09916917383066855,0.018213957705938654,139713.76535206204,139707.11071923937,-4.7630473675229956e-05,False,0.05,0.018359908647563938,False,0.01778256558799114
15,0.04,+/-10%,rolling,reset,model,0.1,0.1,15,0.0,0.0,0.1.0b1,545d8ca624cc,1.1.0a5,0.07831884487490184,0.017969200067540103,141498.15549203023,140830.3770361265,-0.004719343892375591,False,0.05,0.007875407921618501,False,0.0072434294953569135
15,0.04,+/-20%,rolling,reset,model,0.2,0.2,15,0.0,0.0,0.1.0b1,545d8ca624cc,1.1.0a5,0.09950292962051183,0.03765506930319085,139977.16684511025,139388.091006616,-0.004208370920566385,False,0.05,0.038501602932457225,False,0.036097091521923884
15,0.06,NHF,rolling,reset,model,,,15,0.0,0.0,0.1.0b1,545d8ca624cc,1.1.0a5,1.8925923736136783e-16,2.3463287336119844e-17,137991.35804815387,137991.35804815387,0.0,False,0.05,0.0,False,0.0
15,0.06,NDY,rolling,reset,model,0.0,,15,0.0,0.0,0.1.0b1,545d8ca624cc,1.1.0a5,0.13295606259241877,0.07445766840682393,150162.71808338145,138981.95221326168,-0.0744576684068237,True,0.05,0.06359382837497736,True,0.06359382837497736
15,0.06,-10%,rolling,reset,model,0.1,,15,0.0,0.0,0.1.0b1,545d8ca624cc,1.1.0a5,0.14515830649466593,0.02711309950071298,140785.55107349195,140010.23648653485,-0.005507060781772819,False,0.05,0.022852026352870647,False,0.022297767974163326
15,0.06,-20%,rolling,reset,model,0.2,,15,0.0,0.0,0.1.0b1,545d8ca624cc,1.1.0a5,0.0782506338456893,0.019240648059880832,139588.42909017325,138959.2641124383,-0.004507286039650901,False,0.05,0.01567213488394471,False,0.01565269312952565
15,0.06,+/-10%,rolling,reset,model,0.1,0.1,15,0.0,0.0,0.1.0b1,545d8ca624cc,1.1.0a5,0.12594443101817457,0.01731160560224155,140791.24969819875,139561.84605553123,-0.008732102636370337,False,0.05,0.0071328723154385236,False,0.006871848340764151
15,0.06,+/-20%,rolling,reset,model,0.2,0.2,15,0.0,0.0,0.1.0b1,545d8ca624cc,1.1.0a5,0.10652273453377688,0.041959247736924894,138742.60667330044,138112.72517867092,-0.004539928358941025,False,0.05,0.04600398256597428,False,0.04395015883667456
16,0.0,NHF,rolling,reset,model,,,15,0.0,0.0,0.1.0b1,545d8ca624cc,1.1.0a5,0.9554643684931733,0.5351495343951752,175040.4190640496,123611.38023310389,-0.2938123612017128,True,0.05,0.49561543297523264,True,0.6461623185600693
16,0.0,NDY,rolling,reset,model,0.0,,15,0.0,0.0,0.1.0b1,545d8ca624cc,1.1.0a5,0.12701499053441012,0.08188843981212784,153018.66466853142,140488.2049566902,-0.08188843981212791,True,0.05,0.0801280769310523,True,0.0801280769310523
16,0.0,-10%,rolling,reset,model,0.1,,15,0.0,0.0,0.1.0b1,545d8ca624cc,1.1.0a5,0.5189723397236012,0.19133709451583714,158636.13263265515,132351.1448652666,-0.16569357391140663,True,0.05,0.11778770295838578,True,0.1217797496787675
16,0.0,-20%,rolling,reset,model,0.2,,15,0.0,0.0,0.1.0b1,545d8ca624cc,1.1.0a5,0.6155363600931958,0.2534483008636251,160272.18871329667,130325.18968596362,-0.18685087704707032,True,0.05,0.161892739544453,True,0.1788743011691274
16,0.0,+/-10%,rolling,reset,model,0.1,0.1,15,0.0,0.0,0.1.0b1,545d8ca624cc,1.1.0a5,0.4227863848535762,0.17643499237224844,159714.3731896723,136191.848934195,-0.1472786937437535,True,0.05,0.13385341967562778,True,0.15320512078721246
16,0.0,+/-20%,rolling,reset,model,0.2,0.2,15,0.0,0.0,0.1.0b1,545d8ca624cc,1.1.0a5,0.5600886354836723,0.2083299922774145,160856.24772926545,135462.14276421999,-0.1578683161115748,True,0.05,0.13786918034871135,True,0.15891065176675978
16,0.02,NHF,rolling,reset,model,,,15,0.0,0.0,0.1.0b1,545d8ca624cc,1.1.0a5,0.548128824120741,0.1543653030532345,148339.64961775916,144617.8923151443,-0.025089430318900343,True,0.05,0.12036444088821115,True,0.09906611474717464
16,0.02,NDY,rolling,reset,model,0.0,,15,0.0,0.0,0.1.0b1,545d8ca624cc,1.1.0a5,0.09496765387318806,0.0446789681894024,153018.6646685314,146181.94861742127,-0.04467896818940226,False,0.05,0.032318707034766476,False,0.03231870703476648
16,0.02,-10%,rolling,reset,model,0.1,,15,0.0,0.0,0.1.0b1,545d8ca624cc,1.1.0a5,0.2144973482400262,0.05033191206076274,150760.94464806712,146797.9964395486,-0.02628630523488391,True,0.05,0.023620070845346352,False,0.018629479181230695
16,0.02,-20%,rolling,reset,model,0.2,,15,0.0,0.0,0.1.0b1,545d8ca624cc,1.1.0a5,0.3716578414692582,0.06958420896186232,149490.69290222105,146087.56000842052,-0.0227648479496075,True,0.05,0.03637298412503683,False,0.03438443402206408
16,0.02,+/-10%,rolling,reset,model,0.1,0.1,15,0.0,0.0,0.1.0b1,545d8ca624cc,1.1.0a5,0.18128562198327036,0.04083727571663524,150063.328112762,146471.2523528138,-0.02393706580497142,False,0.05,0.017629290059583115,False,0.014648886578453186
16,0.02,+/-20%,rolling,reset,model,0.2,0.2,15,0.0,0.0,0.1.0b1,545d8ca624cc,1.1.0a5,0.29820351201431267,0.05752609542272833,149358.56834588439,146663.77292466964,-0.018042456158083555,True,0.05,0.044816506324961924,False,0.044976930834958094
16,0.04,NHF,rolling,reset,model,,,15,0.0,0.0,0.1.0b1,545d8ca624cc,1.1.0a5,1.2604753200732685e-16,8.403168800488456e-18,142741.38734276118,142741.38734276118,0.0,False,0.05,1.2604753200732685e-17,False,2.5566874235863167e-17
16,0.04,NDY,rolling,reset,model,0.0,,15,0.0,0.0,0.1.0b1,545d8ca624cc,1.1.0a5,0.11649965542573484,0.0596219040969511,153018.66466853142,143895.40051862068,-0.05962190409695137,True,0.05,0.0470002363116069,False,0.047000236311606915
16,0.04,-10%,rolling,reset,model,0.1,,15,0.0,0.0,0.1.0b1,545d8ca624cc,1.1.0a5,0.09040064811832188,0.023880503237106745,146062.1206160843,145731.57666594346,-0.002263036773303257,False,0.05,0.020804779736056336,False,0.017819974560584702
16,0.04,-20%,rolling,reset,model,0.2,,15,0.0,0.0,0.1.0b1,545d8ca624cc,1.1.0a5,0.0876427447530236,0.013670187217243022,144133.52462125054,143937.11123925852,-0.001362718233028389,False,0.05,0.003847858212696983,False,0.003498173244441713
16,0.04,+/-10%,rolling,reset,model,0.1,0.1,15,0.0,0.0,0.1.0b1,545d8ca624cc,1.1.0a5,0.09443830189896726,0.019811809092895784,146087.938382589,145732.32518390304,-0.0024342406541095875,False,0.05,0.020033231787219444,False,0.01718845135644992
16,0.04,+/-20%,rolling,reset,model,0.2,0.2,15,0.0,0.0,0.1.0b1,545d8ca624cc,1.1.0a5,0.10268922441253857,0.0236277056240871,144249.97980800673,143849.02674579242,-0.002779571011018272,False,0.05,0.008919403638571622,False,0.007956226086751755
16,0.06,NHF,rolling,reset,model,,,15,0.0,0.0,0.1.0b1,545d8ca624cc,1.1.0a5,1.2604753200732685e-16,8.403168800488456e-18,142741.38734276118,142741.38734276118,0.0,False,0.05,1.2604753200732685e-17,False,2.5566874235863167e-17
16,0.06,NDY,rolling,reset,model,0.0,,15,0.0,0.0,0.1.0b1,545d8ca624cc,1.1.0a5,0.1306397159393104,0.07175856040633986,153018.6646685314,142038.26557661712,-0.07175856040633982,True,0.05,0.0596835573006723,True,0.0596835573006723
16,0.06,-10%,rolling,reset,model,0.1,,15,0.0,0.0,0.1.0b1,545d8ca624cc,1.1.0a5,0.11686950406792639,0.030299170318974437,146274.97060027023,145201.76758037347,-0.007336887613052594,False,0.05,0.027916411614723073,False,0.025533107208781807
16,0.06,-20%,rolling,reset,model,0.2,,15,0.0,0.0,0.1.0b1,545d8ca624cc,1.1.0a5,0.07267371557541724,0.015292993654462194,144016.00288541577,143700.9104613031,-0.0021878986904209654,False,0.05,0.009946561699388052,False,0.009222647224601456
16,0.06,+/-10%,rolling,reset,model,0.1,0.1,15,0.0,0.0,0.1.0b1,545d8ca624cc,1.1.0a5,0.09373389303464744,0.022948015938728587,146309.30956242987,145197.50765985315,-0.007598982634131867,False,0.05,0.016143582857762316,False,0.014822824143280901
16,0.06,+/-20%,rolling,reset,model,0.2,0.2,15,0.0,0.0,0.1.0b1,545d8ca624cc,1.1.0a5,0.09459202915075246,0.026240069355903558,143284.99207161312,143207.71250838877,-0.000539341644278604,False,0.05,0.012919722590355601,False,0.011848089203111471
17,0.0,NHF,rolling,reset,model,,,15,0.0,0.0,0.1.0b1,545d8ca624cc,1.1.0a5,0.9981152259498465,0.5698819634568635,178770.93854101258,125514.63251377855,-0.2979024804695327,True,0.05,0.5596059015318007,True,0.5768814430592758
17,0.0,NDY,rolling,reset,model,0.0,,15,0.0,0.0,0.1.0b1,545d8ca624cc,1.1.0a5,0.13239253106215282,0.06118401765358468,152369.19411512697,143046.63465252455,-0.061184017653584846,True,0.05,0.043996497374744786,False,0.043996497374744786
17,0.0,-10%,rolling,reset,model,0.1,,15,0.0,0.0,0.1.0b1,545d8ca624cc,1.1.0a5,0.4845181319247655,0.1828415758540136,161966.10806574905,134811.32838301623,-0.167657172275261,True,0.05,0.10891078260230658,True,0.11577704516728102
17,0.0,-20%,rolling,reset,model,0.2,,15,0.0,0.0,0.1.0b1,545d8ca624cc,1.1.0a5,0.5739304272289586,0.3147873987012075,163774.55784750538,132048.51853501814,-0.19371775280277753,True,0.05,0.2593797804336266,True,0.25543872771156556
17,0.0,+/-10%,rolling,reset,model,0.1,0.1,15,0.0,0.0,0.1.0b1,545d8ca624cc,1.1.0a5,0.43214776321457893,0.17102516789291194,162841.30044782071,138642.3057712624,-0.14860477415747728,True,0.05,0.13404104682109425,True,0.15019075831878276
17,0.0,+/-20%,rolling,reset,model,0.2,0.2,15,0.0,0.0,0.1.0b1,545d8ca624cc,1.1.0a5,0.5756657494845281,0.2017784952800724,163783.51357556082,137011.45971019604,-0.1634600044955905,True,0.05,0.14648355897711404,True,0.1713483974234266
17,0.02,NHF,rolling,reset,model,,,15,0.0,0.0,0.1.0b1,545d8ca624cc,1.1.0a5,0.48118501374941214,0.1732965166375214,149525.48504546584,145454.8400979261,-0.027223753504641714,True,0.05,0.1531115612460084,True,0.15020112005250555
17,0.02,NDY,rolling,reset,model,0.0,,15,0.0,0.0,0.1.0b1,545d8ca624cc,1.1.0a5,0.08235112403265456,0.031066124768217837,152369.19411512688,147635.67371991358,-0.03106612476821762,False,0.05,0.017992771573298167,False,0.017992771573298174
17,0.02,-10%,rolling,reset,model,0.1,,15,0.0,0.0,0.1.0b1,545d8ca624cc,1.1.0a5,0.3403091982062026,0.06699794200544,153363.9220580743,149529.84897966406,-0.024999837164821504,True,0.05,0.036654763005858695,False,0.035126403427537214
17,0.02,-20%,rolling,reset,model,0.2,,15,0.0,0.0,0.1.0b1,545d8ca624cc,1.1.0a5,0.3149860407173762,0.05554471535121914,151802.37776343903,147671.18461027357,-0.027214284875058368,True,0.05,0.024276481048855266,False,0.0223565367747713
17,0.02,+/-10%,rolling,reset,model,0.1,0.1,15,0.0,0.0,0.1.0b1,545d8ca624cc,1.1.0a5,0.23093406435520708,0.03703102392619625,152573.87600751684,149302.02970325784,-0.021444341520810598,False,0.05,0.013245727675479579,False,0.011271890284155745
17,0.02,+/-20%,rolling,reset,model,0.2,0.2,15,0.0,0.0,0.1.0b1,545d8ca624cc,1.1.0a5,0.31501654210034463,0.05688448147896243,151802.37776343903,147314.55734644152,-0.029563571289977383,True,0.05,0.023251243061322063,False,0.021726533395664223
17,0.04,NHF,rolling,reset,model,,,15,0.0,0.0,0.1.0b1,545d8ca624cc,1.1.0a5,1.8184967994815443e-16,3.569738073489195e-17,143400.10065959505,143400.10065959505,0.0,False,0.05,1.7527297781921284e-17,False,2.5154535239803114e-17
17,0.04,NDY,rolling,reset,model,0.0,,15,0.0,0.0,0.1.0b1,545d8ca624cc,1.1.0a5,0.11004607092036338,0.05069477954585412,152369.18891219058,144644.86740972116,-0.050694773383094534,True,0.05,0.036413483782259545,False,0.03641347561523926
17,0.04,-10%,rolling,reset,model,0.1,,15,0.0,0.0,0.1.0b1,545d8ca624cc,1.1.0a5,0.10167242840401569,0.021391904867891404,150025.799994723,148806.95239869124,-0.008124253268935282,False,0.05,0.0118847578301081,False,0.010143799988255094
17,0.04,-20%,rolling,reset,model,0.2,,15,0.0,0.0,0.1.0b1,545d8ca624cc,1.1.0a5,0.14600281439769788,0.022399620350253457,146301.1320290105,146081.6449852609,-0.0015002415955747798,False,0.05,0.027288537510880968,False,0.027226584019807775
17,0.04,+/-10%,rolling,reset,model,0.1,0.1,15,0.0,0.0,0.1.0b1,545d8ca624cc,1.1.0a5,0.2322383695190347,0.03814735097285318,151309.1821236494,148819.93786429308,-0.016451376079226407,False,0.05,0.010742468816977675,False,0.00874129787136356
17,0.04,+/-20%,rolling,reset,model,0.2,0.2,15,0.0,0.0,0.1.0b1,545d8ca624cc,1.1.0a5,0.1634691387954577,0.03191710054932411,146327.6190847041,144947.93146852223,-0.009428757365232776,False,0.05,0.02730606170768457,False,0.027232026189680014
17,0.06,NHF,rolling,reset,model,,,15,0.0,0.0,0.1.0b1,545d8ca624cc,1.1.0a5,1.8184967994815443e-16,3.569738073489195e-17,143400.10065959505,143400.10065959505,0.0,False,0.05,1.7527297781921284e-17,False,2.5154535239803114e-17
17,0.06,NDY,rolling,reset,model,0.0,,15,0.0,0.0,0.1.0b1,545d8ca624cc,1.1.0a5,0.12422246721065981,0.060782134806902206,152369.1941151269,143107.86921800225,-0.06078213480690201,True,0.05,0.046169027846052736,False,0.04616902784605273
17,0.06,-10%,rolling,reset,model,0.1,,15,0.0,0.0,0.1.0b1,545d8ca624cc,1.1.0a5,0.05374230098247525,0.01713298463501682,149369.93680660735,147958.57981439307,-0.009448735283603914,False,0.05,0.011784013953319048,False,0.010896235010263535
17,0.06,-20%,rolling,reset,model,0.2,,15,0.0,0.0,0.1.0b1,545d8ca624cc,1.1.0a5,0.125231033947365,0.022509630838745374,146396.00323446974,145110.38329380035,-0.008781796717566986,False,0.05,0.010517916077861627,False,0.010201903157343364
17,0.06,+/-10%,rolling,reset,model,0.1,0.1,15,0.0,0.0,0.1.0b1,545d8ca624cc,1.1.0a5,0.2727652844414084,0.05860505077093704,147442.77643619318,147915.03756488836,0.0032030129933124326,True,0.05,0.015100059159805931,False,0.012820502002364094
17,0.06,+/-20%,rolling,reset,model,0.2,0.2,15,0.0,0.0,0.1.0b1,545d8ca624cc,1.1.0a5,0.22670811705442606,0.03035842411717389,146173.51999513587,144206.20442578377,-0.013458768519890345,False,0.05,0.012517116053937866,False,0.012255601363045354
18,0.0,NHF,rolling,reset,model,,,15,0.0,0.0,0.1.0b1,545d8ca624cc,1.1.0a5,0.9494556396968328,0.5521763702972657,173441.24169254123,121231.4737643123,-0.3010227983767611,True,0.05,0.5431093501756877,True,0.6080228801552342
18,0.0,NDY,rolling,reset,model,0.0,,15,0.0,0.0,0.1.0b1,545d8ca624cc,1.1.0a5,0.11986195574964298,0.06424487623737093,148635.52186596056,139086.45115920485,-0.06424487623737114,True,0.05,0.052421923841978746,True,0.052421923841978746
18,0.0,-10%,rolling,reset,model,0.1,,15,0.0,0.0,0.1.0b1,545d8ca624cc,1.1.0a5,0.5231662837728774,0.1884997680043272,156945.20076348196,129311.05532914911,-0.1760751223987906,True,0.05,0.09800038763692073,True,0.10333754038269032
18,0.0,-20%,rolling,reset,model,0.2,,15,0.0,0.0,0.1.0b1,545d8ca624cc,1.1.0a5,0.7694257224405883,0.2991523815881375,158590.17732793558,125597.96809993198,-0.20803438008510278,True,0.05,0.1872730331270846,True,0.16237989437359782
18,0.0,+/-10%,rolling,reset,model,0.1,0.1,15,0.0,0.0,0.1.0b1,545d8ca624cc,1.1.0a5,0.40955552888637015,0.18720271977321173,158361.29242892616,133113.01980954077,-0.15943462087313426,True,0.05,0.14297745402404316,True,0.16804119062787945
18,0.0,+/-20%,rolling,reset,model,0.2,0.2,15,0.0,0.0,0.1.0b1,545d8ca624cc,1.1.0a5,0.5737789044584691,0.20853889163676684,159107.68941697967,131944.1203453051,-0.17072442677792873,True,0.05,0.12335017464965178,True,0.14815764212283972
18,0.02,NHF,rolling,reset,model,,,15,0.0,0.0,0.1.0b1,545d8ca624cc,1.1.0a5,0.5205898116877904,0.15737101616770685,143857.43023675255,140852.76644569193,-0.02088639972308496,True,0.05,0.12376795963310123,True,0.11015478725453749
18,0.02,NDY,rolling,reset,model,0.0,,15,0.0,0.0,0.1.0b1,545d8ca624cc,1.1.0a5,0.08333908560613983,0.03333580869146467,148635.52186596056,143680.636544281,-0.03333580869146386,False,0.05,0.020697432558602184,False,0.020697432558602187
18,0.02,-10%,rolling,reset,model,0.1,,15,0.0,0.0,0.1.0b1,545d8ca624cc,1.1.0a5,0.2128501238711876,0.055983241709865454,148411.70469518233,144402.7482206338,-0.027012400961112758,True,0.05,0.02612536342941828,False,0.02171984404576824
18,0.02,-20%,rolling,reset,model,0.2,,15,0.0,0.0,0.1.0b1,545d8ca624cc,1.1.0a5,0.25591249434387253,0.046505355369278405,146453.11109058288,143593.49669007823,-0.01952580166587208,False,0.05,0.011217898011304909,False,0.010266109391205288
18,0.02,+/-10%,rolling,reset,model,0.1,0.1,15,0.0,0.0,0.1.0b1,545d8ca624cc,1.1.0a5,0.2629412800769568,0.03986797198180917,147958.70453947457,143776.54986496968,-0.028265688642800383,False,0.05,0.012995613672899984,False,0.010868065358467242
18,0.02,+/-20%,rolling,reset,model,0.2,0.2,15,0.0,0.0,0.1.0b1,545d8ca624cc,1.1.0a5,0.28259507847745297,0.06067632168765644,146543.6926607661,143251.91801931453,-0.022462752109513838,True,0.05,0.01909070737105671,False,0.018632579446206624
18,0.04,NHF,rolling,reset,model,,,15,0.0,0.0,0.1.0b1,545d8ca624cc,1.1.0a5,1.1443176177679362e-16,7.628784118452908e-18,138077.99671073255,138077.99671073258,2.107781916745575e-16,False,0.05,1.1443176177679362e-17,False,2.5507674264215176e-17
18,0.04,NDY,rolling,reset,model,0.0,,15,0.0,0.0,0.1.0b1,545d8ca624cc,1.1.0a5,0.11048058939866615,0.05104220205725289,148635.52186596056,141048.83752599295,-0.05104220205725306,True,0.05,0.03688920577095748,False,0.03688920577095749
18,0.04,-10%,rolling,reset,model,0.1,,15,0.0,0.0,0.1.0b1,545d8ca624cc,1.1.0a5,0.09521886989008554,0.021068780509133092,144904.08416346498,143788.14908302738,-0.007701198257315678,False,0.05,0.010579077414461709,False,0.009030558177782253
18,0.04,-20%,rolling,reset,model,0.2,,15,0.0,0.0,0.1.0b1,545d8ca624cc,1.1.0a5,0.02590180182435498,0.0038134194791087993,142155.80357158522,142146.13961376456,-6.798145118138507e-05,False,0.05,0.0042415383239528094,False,0.0039674682852121855
18,0.04,+/-10%,rolling,reset,model,0.1,0.1,15,0.0,0.0,0.1.0b1,545d8ca624cc,1.1.0a5,0.17618383583472022,0.02256985119154212,144937.35511765594,142528.51930826966,-0.01661984108534928,False,0.05,0.0020922029974522983,False,0.001815901212175604
18,0.04,+/-20%,rolling,reset,model,0.2,0.2,15,0.0,0.0,0.1.0b1,545d8ca624cc,1.1.0a5,0.013519150983132116,0.002119219167478749,142285.90620704554,142257.97605895644,-0.00019629595673698445,False,0.05,0.0026847395146007754,False,0.0025277712965822946
18,0.06,NHF,rolling,reset,model,,,15,0.0,0.0,0.1.0b1,545d8ca624cc,1.1.0a5,1.1443176177679362e-16,7.628784118452908e-18,138077.99671073255,138077.99671073258,2.107781916745575e-16,False,0.05,1.1443176177679362e-17,False,2.5507674264215176e-17
18,0.06,NDY,rolling,reset,model,0.0,,15,0.0,0.0,0.1.0b1,545d8ca624cc,1.1.0a5,0.1210104717512385,0.055825333164086,148635.52186596053,140337.89433777548,-0.05582533316408612,True,0.05,0.04132339220208833,False,0.041323392202088326
18,0.06,-10%,rolling,reset,model,0.1,,15,0.0,0.0,0.1.0b1,545d8ca624cc,1.1.0a5,0.05655494806721471,0.012193158616191852,144018.820458727,143546.1733386557,-0.0032818427380936336,False,0.05,0.008715652957560004,False,0.008041947860216664
18,0.06,-20%,rolling,reset,model,0.2,,15,0.0,0.0,0.1.0b1,545d8ca624cc,1.1.0a5,0.13853437596236007,0.04239675878196911,141760.28921430692,141132.13304226083,-0.004431115198251818,False,0.05,0.032765954366780536,False,0.03345776952938145
18,0.06,+/-10%,rolling,reset,model,0.1,0.1,15,0.0,0.0,0.1.0b1,545d8ca624cc,1.1.0a5,0.09299703734350005,0.01920170411272806,144305.09237864043,143288.20961359362,-0.007046755927217239,False,0.05,0.008352378760671518,False,0.007214510311173182
18,0.06,+/-20%,rolling,reset,model,0.2,0.2,15,0.0,0.0,0.1.0b1,545d8ca624cc,1.1.0a5,0.11358136541251986,0.03230525795129323,141824.4686433115,141086.38831085572,-0.005204181898344002,False,0.05,0.02338454004449751,False,0.024635574530152117
