landbase,discount_path,path_family,discount_rate,flow_policy,max_decrease,max_increase,horizon,fd_version,fd_commit,ws3_version,max_abs_rel_deviation,mean_abs_rel_deviation,total_projected,total_realized,total_rel_change,occurrence,occurrence_tolerance
1,linear-4pc-0pc,linear,0.04,NHF,,,15,0.1.0b1,45563faf8d52,1.1.0a5,1.0,0.11645383825040365,163278.436,159998.436,-0.020088384482075762,True,0.05
1,linear-4pc-0pc,linear,0.04,NDY,0.0,,15,0.1.0b1,45563faf8d52,1.1.0a5,0.4146698129877629,0.07241226014212697,151066.5923048979,138659.93748761504,-0.08212705819326681,True,0.05
1,linear-4pc-0pc,linear,0.04,-10%,0.1,,15,0.1.0b1,45563faf8d52,1.1.0a5,0.5355136368655607,0.11827510929910806,156518.29977980955,141163.39968691542,-0.09810290627035591,True,0.05
1,linear-4pc-0pc,linear,0.04,-20%,0.2,,15,0.1.0b1,45563faf8d52,1.1.0a5,0.6614940045135095,0.20307096261717256,162248.88168999788,145944.95859439293,-0.10048712154920228,True,0.05
1,linear-4pc-0pc,linear,0.04,+/-10%,0.1,0.1,15,0.1.0b1,45563faf8d52,1.1.0a5,0.41174922968182637,0.14076751574442709,154073.06362399535,146256.84660669006,-0.050730587381453154,True,0.05
1,linear-4pc-0pc,linear,0.04,+/-20%,0.2,0.2,15,0.1.0b1,45563faf8d52,1.1.0a5,0.4547233030076579,0.137899384957895,156978.7702074055,150473.59582472075,-0.041439835298046374,True,0.05
1,linear-6pc-0pc,linear,0.06,NHF,,,15,0.1.0b1,45563faf8d52,1.1.0a5,1.0,0.11645383825040365,163278.436,159998.436,-0.020088384482075762,True,0.05
1,linear-6pc-0pc,linear,0.06,NDY,0.0,,15,0.1.0b1,45563faf8d52,1.1.0a5,0.24026733093678218,0.05158091725200242,148184.2909855274,140540.80933415628,-0.051580917252002256,True,0.05
1,linear-6pc-0pc,linear,0.06,-10%,0.1,,15,0.1.0b1,45563faf8d52,1.1.0a5,0.47789068730181755,0.11801035036218539,156607.81333035498,140126.57537243763,-0.10523892523262013,True,0.05
1,linear-6pc-0pc,linear,0.06,-20%,0.2,,15,0.1.0b1,45563faf8d52,1.1.0a5,0.6874686655823747,0.23680335389334103,162248.88168999788,143971.22970522862,-0.11265194431165085,True,0.05
1,linear-6pc-0pc,linear,0.06,+/-10%,0.1,0.1,15,0.1.0b1,45563faf8d52,1.1.0a5,0.3849093231340713,0.09843953903054461,153114.55017838776,144146.07949518142,-0.05857360174299259,True,0.05
1,linear-6pc-0pc,linear,0.06,+/-20%,0.2,0.2,15,0.1.0b1,45563faf8d52,1.1.0a5,0.5197573632614192,0.17509848141069895,153526.98836646933,144420.33276234777,-0.059316317613056765,True,0.05
1,invj-4pc-k1,inverse-j,0.04,NHF,,,15,0.1.0b1,45563faf8d52,1.1.0a5,1.0,0.2697175458222052,163278.436,159998.436,-0.020088384482075762,True,0.05
1,invj-4pc-k1,inverse-j,0.04,NDY,0.0,,15,0.1.0b1,45563faf8d52,1.1.0a5,0.6570669863078809,0.0783626348486156,147303.87452855508,126272.45134354451,-0.14277576372190806,True,0.05
1,invj-4pc-k1,inverse-j,0.04,-10%,0.1,,15,0.1.0b1,45563faf8d52,1.1.0a5,0.7561491346138914,0.16544883256293474,151788.29082415998,137040.2035337352,-0.09716221989421946,True,0.05
1,invj-4pc-k1,inverse-j,0.04,-20%,0.2,,15,0.1.0b1,45563faf8d52,1.1.0a5,0.7721970258093643,0.18793425709674194,155909.18477388687,141893.077755326,-0.0898991745668368,True,0.05
1,invj-4pc-k1,inverse-j,0.04,+/-10%,0.1,0.1,15,0.1.0b1,45563faf8d52,1.1.0a5,0.32433382229149693,0.09883419559168928,146712.11930438085,139313.09480698165,-0.050432265122205604,True,0.05
1,invj-4pc-k1,inverse-j,0.04,+/-20%,0.2,0.2,15,0.1.0b1,45563faf8d52,1.1.0a5,0.3874267055570269,0.1446143818375757,150133.9632184774,143985.85464363205,-0.0409508178099484,True,0.05
1,invj-4pc-k2,inverse-j,0.04,NHF,,,15,0.1.0b1,45563faf8d52,1.1.0a5,1.0,0.11645383825040365,163278.436,159998.436,-0.020088384482075762,True,0.05
1,invj-4pc-k2,inverse-j,0.04,NDY,0.0,,15,0.1.0b1,45563faf8d52,1.1.0a5,0.6758166906103371,0.0822488877522533,151202.09267625588,127845.10707729394,-0.15447527997494323,True,0.05
1,invj-4pc-k2,inverse-j,0.04,-10%,0.1,,15,0.1.0b1,45563faf8d52,1.1.0a5,0.7583604818537193,0.16704536927702124,151788.29082415998,137643.12884403203,-0.09319007351176047,True,0.05
1,invj-4pc-k2,inverse-j,0.04,-20%,0.2,,15,0.1.0b1,45563faf8d52,1.1.0a5,0.751245031429989,0.22655797177453618,160274.21142723737,143795.16484565602,-0.10281782973590013,True,0.05
1,invj-4pc-k2,inverse-j,0.04,+/-10%,0.1,0.1,15,0.1.0b1,45563faf8d52,1.1.0a5,0.26184211309221145,0.09083192667225942,146576.25785103225,138471.9722306038,-0.05529057528992833,True,0.05
1,invj-4pc-k2,inverse-j,0.04,+/-20%,0.2,0.2,15,0.1.0b1,45563faf8d52,1.1.0a5,0.3414640049196439,0.16068729672936505,157597.1198274728,144234.73029121503,-0.08478828515956421,True,0.05
2,linear-4pc-0pc,linear,0.04,NHF,,,15,0.1.0b1,45563faf8d52,1.1.0a5,1.0,0.11645383825040365,204098.04499999998,199998.04499999998,-0.020088384482075762,True,0.05
2,linear-4pc-0pc,linear,0.04,NDY,0.0,,15,0.1.0b1,45563faf8d52,1.1.0a5,0.49625342300125364,0.037973519810541076,180886.43503627385,170463.62425685566,-0.05762074296686791,False,0.05
2,linear-4pc-0pc,linear,0.04,-10%,0.1,,15,0.1.0b1,45563faf8d52,1.1.0a5,0.5002723881430702,0.05241164938548318,186467.4015596969,174583.89491504163,-0.06372967363333379,True,0.05
2,linear-4pc-0pc,linear,0.04,-20%,0.2,,15,0.1.0b1,45563faf8d52,1.1.0a5,0.6449320415404978,0.12568719073944717,193176.92755364164,178525.06189561886,-0.075846871795568,True,0.05
2,linear-4pc-0pc,linear,0.04,+/-10%,0.1,0.1,15,0.1.0b1,45563faf8d52,1.1.0a5,0.4305740350762596,0.1306226614691428,183220.32231379027,174581.5757500886,-0.04714949987319968,True,0.05
2,linear-4pc-0pc,linear,0.04,+/-20%,0.2,0.2,15,0.1.0b1,45563faf8d52,1.1.0a5,0.4019366529360156,0.1382035539650292,186530.4923877825,178892.55686346293,-0.04094738306078602,True,0.05
2,linear-6pc-0pc,linear,0.06,NHF,,,15,0.1.0b1,45563faf8d52,1.1.0a5,1.0,0.11645383825040365,204098.04499999998,199998.04499999998,-0.020088384482075762,True,0.05
2,linear-6pc-0pc,linear,0.06,NDY,0.0,,15,0.1.0b1,45563faf8d52,1.1.0a5,0.4615787026623507,0.03599047098557544,179419.45610875057,170517.42460695154,-0.04961575346880605,False,0.05
2,linear-6pc-0pc,linear,0.06,-10%,0.1,,15,0.1.0b1,45563faf8d52,1.1.0a5,0.5252996094224136,0.037376812730577295,186048.21386111705,171155.0906374149,-0.08004980491142857,False,0.05
2,linear-6pc-0pc,linear,0.06,-20%,0.2,,15,0.1.0b1,45563faf8d52,1.1.0a5,0.705542241090191,0.16820631019177695,193485.11338849875,177103.2712610424,-0.08466719656391992,True,0.05
2,linear-6pc-0pc,linear,0.06,+/-10%,0.1,0.1,15,0.1.0b1,45563faf8d52,1.1.0a5,0.3926906945933219,0.09953072109603642,180785.61774523582,169973.42833354187,-0.05980669008156696,True,0.05
2,linear-6pc-0pc,linear,0.06,+/-20%,0.2,0.2,15,0.1.0b1,45563faf8d52,1.1.0a5,0.4850770293400873,0.16660772483487307,182429.61227371884,170245.99226720858,-0.06678531985382867,True,0.05
2,invj-4pc-k1,inverse-j,0.04,NHF,,,15,0.1.0b1,45563faf8d52,1.1.0a5,1.0,0.2697175458222052,204098.04499999998,199998.04499999998,-0.020088384482075762,True,0.05
2,invj-4pc-k1,inverse-j,0.04,NDY,0.0,,15,0.1.0b1,45563faf8d52,1.1.0a5,0.6393965622384894,0.0719882171749368,181518.45957871742,157610.55084644497,-0.13171061933733816,True,0.05
2,invj-4pc-k1,inverse-j,0.04,-10%,0.1,,15,0.1.0b1,45563faf8d52,1.1.0a5,0.7561491346227417,0.16544883255934442,189735.36353019997,171300.2544185148,-0.09716221988712644,True,0.05
2,invj-4pc-k1,inverse-j,0.04,-20%,0.2,,15,0.1.0b1,45563faf8d52,1.1.0a5,0.7721970258339352,0.18793425700633035,194886.48096735857,177366.3472018955,-0.08989917452713159,True,0.05
2,invj-4pc-k1,inverse-j,0.04,+/-10%,0.1,0.1,15,0.1.0b1,45563faf8d52,1.1.0a5,0.3243338222334612,0.11329766674943305,183390.1491304761,171274.9930348373,-0.06606219665059135,True,0.05
2,invj-4pc-k1,inverse-j,0.04,+/-20%,0.2,0.2,15,0.1.0b1,45563faf8d52,1.1.0a5,0.38742670593313283,0.15033411984556633,187667.45402309677,178947.08732537634,-0.04646712315203672,True,0.05
2,invj-4pc-k2,inverse-j,0.04,NHF,,,15,0.1.0b1,45563faf8d52,1.1.0a5,1.0,0.11645383825040365,204098.04499999998,199998.04499999998,-0.020088384482075762,True,0.05
2,invj-4pc-k2,inverse-j,0.04,NDY,0.0,,15,0.1.0b1,45563faf8d52,1.1.0a5,0.6149834518352818,0.07142757060107732,181475.59524988724,158815.94489600434,-0.12486334772827797,True,0.05
2,invj-4pc-k2,inverse-j,0.04,-10%,0.1,,15,0.1.0b1,45563faf8d52,1.1.0a5,0.758360481891958,0.16704536927356003,189735.36353019997,172053.91105372214,-0.09319007351870646,True,0.05
2,invj-4pc-k2,inverse-j,0.04,-20%,0.2,,15,0.1.0b1,45563faf8d52,1.1.0a5,0.7796413136204944,0.19022866693406396,194886.48096735857,178821.57866799593,-0.08243210211206668,True,0.05
2,invj-4pc-k2,inverse-j,0.04,+/-10%,0.1,0.1,15,0.1.0b1,45563faf8d52,1.1.0a5,0.261842113690297,0.09083192667883697,183220.32231379033,173089.96525881352,-0.05529057545061599,True,0.05
2,invj-4pc-k2,inverse-j,0.04,+/-20%,0.2,0.2,15,0.1.0b1,45563faf8d52,1.1.0a5,0.33251082780435715,0.1402860012771627,187576.76220108062,178996.41686865813,-0.04574311461472207,True,0.05
3,linear-4pc-0pc,linear,0.04,NHF,,,15,0.1.0b1,45563faf8d52,1.1.0a5,1.0,0.16588705077010837,146529.10333333333,140975.77000000002,-0.037899183213455236,True,0.05
3,linear-4pc-0pc,linear,0.04,NDY,0.0,,15,0.1.0b1,45563faf8d52,1.1.0a5,0.6028312862909407,0.11810773397476346,136449.1030763428,118613.25518467822,-0.13071429191942363,True,0.05
3,linear-4pc-0pc,linear,0.04,-10%,0.1,,15,0.1.0b1,45563faf8d52,1.1.0a5,0.5516793343470711,0.1392591242016965,140738.79325728316,121936.96280170328,-0.13359380182554534,True,0.05
3,linear-4pc-0pc,linear,0.04,-20%,0.2,,15,0.1.0b1,45563faf8d52,1.1.0a5,0.4388032349329419,0.0948671232940028,140317.94615749124,125989.27407982897,-0.10211574834184027,True,0.05
3,linear-4pc-0pc,linear,0.04,+/-10%,0.1,0.1,15,0.1.0b1,45563faf8d52,1.1.0a5,0.3820329012371505,0.16569124570131036,133357.8235666684,127535.9814559812,-0.04365579727519135,True,0.05
3,linear-4pc-0pc,linear,0.04,+/-20%,0.2,0.2,15,0.1.0b1,45563faf8d52,1.1.0a5,0.5201183966211601,0.22984530861010866,135215.42798264034,130633.91505712336,-0.03388306344824182,True,0.05
3,linear-6pc-0pc,linear,0.06,NHF,,,15,0.1.0b1,45563faf8d52,1.1.0a5,1.0,0.09079527671076966,142615.77000000002,140975.77000000002,-0.011499429551163941,True,0.05
3,linear-6pc-0pc,linear,0.06,NDY,0.0,,15,0.1.0b1,45563faf8d52,1.1.0a5,0.5181337574484811,0.1254452851433909,136194.38905876398,116480.1668998712,-0.14475061928128813,True,0.05
3,linear-6pc-0pc,linear,0.06,-10%,0.1,,15,0.1.0b1,45563faf8d52,1.1.0a5,0.5299666133649991,0.16431636578343545,140636.52399059664,121860.50303709501,-0.13350743050757605,True,0.05
3,linear-6pc-0pc,linear,0.06,-20%,0.2,,15,0.1.0b1,45563faf8d52,1.1.0a5,0.462842675675304,0.1456697492666075,144192.6538535418,124564.04917433675,-0.13612763309802214,True,0.05
3,linear-6pc-0pc,linear,0.06,+/-10%,0.1,0.1,15,0.1.0b1,45563faf8d52,1.1.0a5,0.4124361479990922,0.17042943802632576,127230.12612564194,127140.47785211579,-0.0007046151430960877,True,0.05
3,linear-6pc-0pc,linear,0.06,+/-20%,0.2,0.2,15,0.1.0b1,45563faf8d52,1.1.0a5,0.6098662491041615,0.22283193101636367,134616.37723813253,130273.74776034032,-0.03225929539100739,True,0.05
3,invj-4pc-k1,inverse-j,0.04,NHF,,,15,0.1.0b1,45563faf8d52,1.1.0a5,1.0,0.2702207003360667,146529.10333333333,140975.77000000002,-0.037899183213455236,True,0.05
3,invj-4pc-k1,inverse-j,0.04,NDY,0.0,,15,0.1.0b1,45563faf8d52,1.1.0a5,0.7788455787922623,0.1556766532707559,131168.2954983475,113694.63067621533,-0.13321561247513738,True,0.05
3,invj-4pc-k1,inverse-j,0.04,-10%,0.1,,15,0.1.0b1,45563faf8d52,1.1.0a5,0.6935436498269467,0.14439848009890097,135607.20673211434,120768.44057463633,-0.10942461330090879,True,0.05
3,invj-4pc-k1,inverse-j,0.04,-20%,0.2,,15,0.1.0b1,45563faf8d52,1.1.0a5,0.6399643552585633,0.1675798371907616,139299.65975171392,125573.30836928508,-0.0985382979893456,True,0.05
3,invj-4pc-k1,inverse-j,0.04,+/-10%,0.1,0.1,15,0.1.0b1,45563faf8d52,1.1.0a5,0.4133825619142064,0.1825256336330001,126636.69331207925,122080.64021783842,-0.03597735360171677,True,0.05
3,invj-4pc-k1,inverse-j,0.04,+/-20%,0.2,0.2,15,0.1.0b1,45563faf8d52,1.1.0a5,0.47409621264941104,0.20387657708594017,129604.6450543633,122343.81160068068,-0.05602294154377741,True,0.05
3,invj-4pc-k2,inverse-j,0.04,NHF,,,15,0.1.0b1,45563faf8d52,1.1.0a5,1.0,0.2702207003360667,146529.10333333333,140975.77000000002,-0.037899183213455236,True,0.05
3,invj-4pc-k2,inverse-j,0.04,NDY,0.0,,15,0.1.0b1,45563faf8d52,1.1.0a5,0.7711200241558066,0.1594204398137425,131168.2954983475,114696.65940797247,-0.12557635233266054,True,0.05
3,invj-4pc-k2,inverse-j,0.04,-10%,0.1,,15,0.1.0b1,45563faf8d52,1.1.0a5,0.692828421810225,0.1406038623295389,135388.47309535567,119774.13909240307,-0.11532986262394174,True,0.05
3,invj-4pc-k2,inverse-j,0.04,-20%,0.2,,15,0.1.0b1,45563faf8d52,1.1.0a5,0.6340106896610083,0.1541099115109158,139176.4495173104,123888.20912180239,-0.10984789774800584,True,0.05
3,invj-4pc-k2,inverse-j,0.04,+/-10%,0.1,0.1,15,0.1.0b1,45563faf8d52,1.1.0a5,0.42447407869089754,0.20268471923792497,128096.04224308321,125745.19198912916,-0.018352247366807215,True,0.05
3,invj-4pc-k2,inverse-j,0.04,+/-20%,0.2,0.2,15,0.1.0b1,45563faf8d52,1.1.0a5,0.47489835246795215,0.25106811507820814,131692.99158540965,127470.08731302565,-0.032066279469741,True,0.05
4,linear-4pc-0pc,linear,0.04,NHF,,,15,0.1.0b1,45563faf8d52,1.1.0a5,1.0,0.2388100411250736,182235.82883333333,174694.99550000002,-0.04137953212389372,True,0.05
4,linear-4pc-0pc,linear,0.04,NDY,0.0,,15,0.1.0b1,45563faf8d52,1.1.0a5,0.5610760538052566,0.046599722172760906,167796.27469057764,154418.29322044417,-0.07972752371769247,False,0.05
4,linear-4pc-0pc,linear,0.04,-10%,0.1,,15,0.1.0b1,45563faf8d52,1.1.0a5,0.5370375598725756,0.0640815148726658,171193.20867574262,159419.61000172343,-0.06877374847456469,True,0.05
4,linear-4pc-0pc,linear,0.04,-20%,0.2,,15,0.1.0b1,45563faf8d52,1.1.0a5,0.4918516729815947,0.06684923020249994,173848.4922566658,161558.22466991204,-0.07069527855673721,True,0.05
4,linear-4pc-0pc,linear,0.04,+/-10%,0.1,0.1,15,0.1.0b1,45563faf8d52,1.1.0a5,0.424048516581241,0.14886256850894478,165801.1570583769,157226.02923376774,-0.051719348506053864,True,0.05
4,linear-4pc-0pc,linear,0.04,+/-20%,0.2,0.2,15,0.1.0b1,45563faf8d52,1.1.0a5,0.5386444477777406,0.25057411512041683,167931.87108557258,158821.50273884556,-0.054250383133554625,True,0.05
4,linear-6pc-0pc,linear,0.06,NHF,,,15,0.1.0b1,45563faf8d52,1.1.0a5,1.0,0.1661744966442953,178322.49550000002,174694.99550000002,-0.02034235775934394,True,0.05
4,linear-6pc-0pc,linear,0.06,NDY,0.0,,15,0.1.0b1,45563faf8d52,1.1.0a5,0.5425885697253314,0.04275588192077088,167572.8186778141,152483.828439877,-0.09004437806198232,False,0.05
4,linear-6pc-0pc,linear,0.06,-10%,0.1,,15,0.1.0b1,45563faf8d52,1.1.0a5,0.5731049923668989,0.06558972458135506,170444.1213076755,156935.26989257475,-0.07925677524961611,True,0.05
4,linear-6pc-0pc,linear,0.06,-20%,0.2,,15,0.1.0b1,45563faf8d52,1.1.0a5,0.3804714544705686,0.02853210576354921,171837.94739005918,160846.54798448348,-0.06396374940760936,False,0.05
4,linear-6pc-0pc,linear,0.06,+/-10%,0.1,0.1,15,0.1.0b1,45563faf8d52,1.1.0a5,0.41725330144379985,0.14832317446057497,160835.1346813874,152422.25423535207,-0.05230747910088893,True,0.05
4,linear-6pc-0pc,linear,0.06,+/-20%,0.2,0.2,15,0.1.0b1,45563faf8d52,1.1.0a5,0.685450231107646,0.26405456240679664,164894.96097603842,156343.8928760899,-0.05185766775002367,True,0.05
4,invj-4pc-k1,inverse-j,0.04,NHF,,,15,0.1.0b1,45563faf8d52,1.1.0a5,1.0,0.4189683414779854,182235.82883333333,174694.99550000002,-0.04137953212389372,True,0.05
4,invj-4pc-k1,inverse-j,0.04,NDY,0.0,,15,0.1.0b1,45563faf8d52,1.1.0a5,0.7837088916275692,0.17375733554506673,170558.1835299923,149405.82645966313,-0.1240184236988521,True,0.05
4,invj-4pc-k1,inverse-j,0.04,-10%,0.1,,15,0.1.0b1,45563faf8d52,1.1.0a5,0.7501631456856981,0.21050745944145663,174435.8377803057,159277.82671092494,-0.08689734438901034,True,0.05
4,invj-4pc-k1,inverse-j,0.04,-20%,0.2,,15,0.1.0b1,45563faf8d52,1.1.0a5,0.7060247482001702,0.21057101263037967,178464.3773738229,164645.047113486,-0.07743467051348875,True,0.05
4,invj-4pc-k1,inverse-j,0.04,+/-10%,0.1,0.1,15,0.1.0b1,45563faf8d52,1.1.0a5,0.45292186578141647,0.1533855796221007,166458.71315024424,157196.54376618325,-0.0556424425539144,True,0.05
4,invj-4pc-k1,inverse-j,0.04,+/-20%,0.2,0.2,15,0.1.0b1,45563faf8d52,1.1.0a5,0.5476282158631479,0.20334548003255995,169705.91818926652,159102.6683555054,-0.06248014180587228,True,0.05
4,invj-4pc-k2,inverse-j,0.04,NHF,,,15,0.1.0b1,45563faf8d52,1.1.0a5,1.0,0.3294505083605875,182235.82883333333,174694.99550000002,-0.04137953212389372,True,0.05
4,invj-4pc-k2,inverse-j,0.04,NDY,0.0,,15,0.1.0b1,45563faf8d52,1.1.0a5,0.78150504325718,0.17318444611153688,170549.55497995124,149965.36917717464,-0.12069328357494893,True,0.05
4,invj-4pc-k2,inverse-j,0.04,-10%,0.1,,15,0.1.0b1,45563faf8d52,1.1.0a5,0.7512093823263487,0.21220132828833274,174435.8377803057,159642.9350769178,-0.08480426322725557,True,0.05
4,invj-4pc-k2,inverse-j,0.04,-20%,0.2,,15,0.1.0b1,45563faf8d52,1.1.0a5,0.7164352542718107,0.21405818127680867,178464.37737382285,164423.19173324696,-0.07867780588595744,True,0.05
4,invj-4pc-k2,inverse-j,0.04,+/-10%,0.1,0.1,15,0.1.0b1,45563faf8d52,1.1.0a5,0.47478252717021446,0.15161703727585507,166454.3354879794,156553.5817892579,-0.05948029932471472,True,0.05
4,invj-4pc-k2,inverse-j,0.04,+/-20%,0.2,0.2,15,0.1.0b1,45563faf8d52,1.1.0a5,0.590228120281115,0.23027514702532587,169630.84328386068,159003.27783663876,-0.06265113844560521,True,0.05
5,linear-4pc-0pc,linear,0.04,NHF,,,15,0.1.0b1,45563faf8d52,1.1.0a5,1.0,0.3668561258366875,153227.45706786265,147016.26659136184,-0.04053575380912276,True,0.05
5,linear-4pc-0pc,linear,0.04,NDY,0.0,,15,0.1.0b1,45563faf8d52,1.1.0a5,0.6600902402455162,0.06355921876038109,139936.43636461787,120389.71531273513,-0.13968285572852426,True,0.05
5,linear-4pc-0pc,linear,0.04,-10%,0.1,,15,0.1.0b1,45563faf8d52,1.1.0a5,0.620862777238779,0.08376645238748007,144916.82471277774,121906.33967426058,-0.15878408241502312,True,0.05
5,linear-4pc-0pc,linear,0.04,-20%,0.2,,15,0.1.0b1,45563faf8d52,1.1.0a5,0.545414553959667,0.09346961779698398,140289.56440752934,129058.17820467656,-0.08005860058290973,True,0.05
5,linear-4pc-0pc,linear,0.04,+/-10%,0.1,0.1,15,0.1.0b1,45563faf8d52,1.1.0a5,0.4670186396184686,0.2012248830532665,127296.53819351492,131176.30118950072,0.030478150082037782,True,0.05
5,linear-4pc-0pc,linear,0.04,+/-20%,0.2,0.2,15,0.1.0b1,45563faf8d52,1.1.0a5,0.5020878331560427,0.1895058043195317,130320.64830898342,134653.97952594355,0.033251301871105074,True,0.05
5,linear-6pc-0pc,linear,0.06,NHF,,,15,0.1.0b1,45563faf8d52,1.1.0a5,1.0,0.2967222190974019,150991.26659334934,147016.26659136184,-0.02632602594620917,True,0.05
5,linear-6pc-0pc,linear,0.06,NDY,0.0,,15,0.1.0b1,45563faf8d52,1.1.0a5,0.6176609179397058,0.08058051075771283,139132.14411594486,118380.18789908485,-0.14915285284158708,True,0.05
5,linear-6pc-0pc,linear,0.06,-10%,0.1,,15,0.1.0b1,45563faf8d52,1.1.0a5,0.6221137779379565,0.10221759818973207,144612.25025222608,122276.50498355742,-0.1544526499636903,True,0.05
5,linear-6pc-0pc,linear,0.06,-20%,0.2,,15,0.1.0b1,45563faf8d52,1.1.0a5,0.5444392566674273,0.14401909811409527,140289.56440752934,129017.80061608256,-0.08034641663511946,True,0.05
5,linear-6pc-0pc,linear,0.06,+/-10%,0.1,0.1,15,0.1.0b1,45563faf8d52,1.1.0a5,0.4281743242159928,0.1567632787527,130429.07696019986,133286.7441191149,0.021909739956122366,True,0.05
5,linear-6pc-0pc,linear,0.06,+/-20%,0.2,0.2,15,0.1.0b1,45563faf8d52,1.1.0a5,0.47277107449739886,0.1612133469787547,132508.2854459121,139187.58399633516,0.05040664836878785,True,0.05
5,invj-4pc-k1,inverse-j,0.04,NHF,,,15,0.1.0b1,45563faf8d52,1.1.0a5,1.0,0.38547430190807663,153227.45706786268,147016.26659136184,-0.04053575380912294,True,0.05
5,invj-4pc-k1,inverse-j,0.04,NDY,0.0,,15,0.1.0b1,45563faf8d52,1.1.0a5,0.7599991505970374,0.12056127106882877,133445.4491457749,114169.35133298539,-0.14444927074082864,True,0.05
5,invj-4pc-k1,inverse-j,0.04,-10%,0.1,,15,0.1.0b1,45563faf8d52,1.1.0a5,0.6450080136339403,0.13380535713178487,137858.67143314643,122377.65803193394,-0.1122962613833102,True,0.05
5,invj-4pc-k1,inverse-j,0.04,-20%,0.2,,15,0.1.0b1,45563faf8d52,1.1.0a5,0.6257313061266409,0.1395219766713094,142258.89223941695,126857.71223135224,-0.10826163317893013,True,0.05
5,invj-4pc-k1,inverse-j,0.04,+/-10%,0.1,0.1,15,0.1.0b1,45563faf8d52,1.1.0a5,0.43313912594237053,0.2084310692179419,128319.09023718227,125312.55420898712,-0.023430153865944194,True,0.05
5,invj-4pc-k1,inverse-j,0.04,+/-20%,0.2,0.2,15,0.1.0b1,45563faf8d52,1.1.0a5,0.48168172683600363,0.20227703175812534,132103.95025164133,129907.60895033364,-0.016625856358753396,True,0.05
5,invj-4pc-k2,inverse-j,0.04,NHF,,,15,0.1.0b1,45563faf8d52,1.1.0a5,1.0,0.38547430190807663,153227.45706786268,147016.26659136184,-0.04053575380912294,True,0.05
5,invj-4pc-k2,inverse-j,0.04,NDY,0.0,,15,0.1.0b1,45563faf8d52,1.1.0a5,0.7516974927437732,0.12503904864265228,133445.4491457749,115209.1503241701,-0.13665733030493682,True,0.05
5,invj-4pc-k2,inverse-j,0.04,-10%,0.1,,15,0.1.0b1,45563faf8d52,1.1.0a5,0.6460118110980014,0.1313949562288094,137858.67143314643,122582.16366491263,-0.11081281728180613,True,0.05
5,invj-4pc-k2,inverse-j,0.04,-20%,0.2,,15,0.1.0b1,45563faf8d52,1.1.0a5,0.6320980740296754,0.12978338963115207,142429.09859437717,127606.11333530763,-0.10407273096127508,True,0.05
5,invj-4pc-k2,inverse-j,0.04,+/-10%,0.1,0.1,15,0.1.0b1,45563faf8d52,1.1.0a5,0.47658181015879264,0.22513944179085568,129595.6738180437,126860.5424899233,-0.02110511290647402,True,0.05
5,invj-4pc-k2,inverse-j,0.04,+/-20%,0.2,0.2,15,0.1.0b1,45563faf8d52,1.1.0a5,0.503150749850951,0.22784703563784195,132751.42206702032,134103.2197297964,0.010182924158007265,True,0.05
6,linear-4pc-0pc,linear,0.04,NHF,,,15,0.1.0b1,45563faf8d52,1.1.0a5,1.0,0.29899021892702815,187091.94321995683,180015.1575076818,-0.037825176169959965,True,0.05
6,linear-4pc-0pc,linear,0.04,NDY,0.0,,15,0.1.0b1,45563faf8d52,1.1.0a5,0.638306042981353,0.06589919108353753,166114.46705837396,149947.45843271477,-0.09732450708208318,True,0.05
6,linear-4pc-0pc,linear,0.04,-10%,0.1,,15,0.1.0b1,45563faf8d52,1.1.0a5,0.5846701064121266,0.04299210610940143,171793.55380141424,150209.82602199333,-0.12563758826696572,False,0.05
6,linear-4pc-0pc,linear,0.04,-20%,0.2,,15,0.1.0b1,45563faf8d52,1.1.0a5,0.5518545766605896,0.07655364751604019,175991.36463008003,154913.33654744612,-0.11976739953655265,True,0.05
6,linear-4pc-0pc,linear,0.04,+/-10%,0.1,0.1,15,0.1.0b1,45563faf8d52,1.1.0a5,0.43947170098040395,0.20714157241919653,161965.41530814383,151243.91239331843,-0.06619624871413092,True,0.05
6,linear-4pc-0pc,linear,0.04,+/-20%,0.2,0.2,15,0.1.0b1,45563faf8d52,1.1.0a5,0.5313876380723282,0.21558642568268738,166295.59299069137,154274.5596625611,-0.07228714310428631,True,0.05
6,linear-6pc-0pc,linear,0.06,NHF,,,15,0.1.0b1,45563faf8d52,1.1.0a5,1.0,0.225922645415462,182899.08607877683,180015.1575076818,-0.01576786758711784,True,0.05
6,linear-6pc-0pc,linear,0.06,NDY,0.0,,15,0.1.0b1,45563faf8d52,1.1.0a5,0.5840071929311107,0.04371319289205116,165840.63334564227,149733.4926345679,-0.0971242112751954,False,0.05
6,linear-6pc-0pc,linear,0.06,-10%,0.1,,15,0.1.0b1,45563faf8d52,1.1.0a5,0.5887737174613918,0.0431238429497773,171793.55380141424,150026.52744432588,-0.1267045583226602,False,0.05
6,linear-6pc-0pc,linear,0.06,-20%,0.2,,15,0.1.0b1,45563faf8d52,1.1.0a5,0.5216165114247818,0.04628638911568682,175393.74424163305,153596.83541933235,-0.1242741519462174,False,0.05
6,linear-6pc-0pc,linear,0.06,+/-10%,0.1,0.1,15,0.1.0b1,45563faf8d52,1.1.0a5,0.4758487499025824,0.18650441037905977,161179.565847209,150404.64432309804,-0.06685041908057451,True,0.05
6,linear-6pc-0pc,linear,0.06,+/-20%,0.2,0.2,15,0.1.0b1,45563faf8d52,1.1.0a5,0.576381919191072,0.16915205783972057,163646.26997241486,153936.37814797153,-0.059334635773122625,True,0.05
6,invj-4pc-k1,inverse-j,0.04,NHF,,,15,0.1.0b1,45563faf8d52,1.1.0a5,1.0,0.3305154892977353,187091.94321995683,180015.1575076818,-0.037825176169959965,True,0.05
6,invj-4pc-k1,inverse-j,0.04,NDY,0.0,,15,0.1.0b1,45563faf8d52,1.1.0a5,0.7805390779812387,0.16002931068093343,167400.22789500444,145943.5630336396,-0.12817584020747413,True,0.05
6,invj-4pc-k1,inverse-j,0.04,-10%,0.1,,15,0.1.0b1,45563faf8d52,1.1.0a5,0.6787081873843286,0.13128659817583416,172167.56199656794,154475.4661559333,-0.10276091288896404,True,0.05
6,invj-4pc-k1,inverse-j,0.04,-20%,0.2,,15,0.1.0b1,45563faf8d52,1.1.0a5,0.6850508974563803,0.20127752863147508,176685.1543156971,158333.63189881382,-0.10386567274403358,True,0.05
6,invj-4pc-k1,inverse-j,0.04,+/-10%,0.1,0.1,15,0.1.0b1,45563faf8d52,1.1.0a5,0.37279893339810183,0.1557362011728592,161974.41842972086,153358.32854598376,-0.05319413995905489,True,0.05
6,invj-4pc-k1,inverse-j,0.04,+/-20%,0.2,0.2,15,0.1.0b1,45563faf8d52,1.1.0a5,0.457002631004835,0.19756213094420302,166524.5051553029,157431.3872210948,-0.0546052842236507,True,0.05
6,invj-4pc-k2,inverse-j,0.04,NHF,,,15,0.1.0b1,45563faf8d52,1.1.0a5,1.0,0.3305154892977353,187091.94321995683,180015.1575076818,-0.037825176169959965,True,0.05
6,invj-4pc-k2,inverse-j,0.04,NDY,0.0,,15,0.1.0b1,45563faf8d52,1.1.0a5,0.7619899008791006,0.1464420515840205,167202.9870454111,147851.8693833372,-0.11573428204855142,True,0.05
6,invj-4pc-k2,inverse-j,0.04,-10%,0.1,,15,0.1.0b1,45563faf8d52,1.1.0a5,0.6316997587635816,0.07944578635397494,172049.8321220631,150453.64928155055,-0.12552283587926338,True,0.05
6,invj-4pc-k2,inverse-j,0.04,-20%,0.2,,15,0.1.0b1,45563faf8d52,1.1.0a5,0.6747769747657753,0.18784344715055237,176381.02364535478,154658.47160131208,-0.12315696776836796,True,0.05
6,invj-4pc-k2,inverse-j,0.04,+/-10%,0.1,0.1,15,0.1.0b1,45563faf8d52,1.1.0a5,0.46504376207231796,0.20638941141001432,161961.8231008435,150987.2476644967,-0.06776026119138956,True,0.05
6,invj-4pc-k2,inverse-j,0.04,+/-20%,0.2,0.2,15,0.1.0b1,45563faf8d52,1.1.0a5,0.47509105995718925,0.1925122502441459,166524.5051553029,156071.5122924279,-0.06277149932453722,True,0.05
7,linear-4pc-0pc,linear,0.04,NHF,,,15,0.1.0b1,45563faf8d52,1.1.0a5,1.0,0.1867320016748525,166100.00002187752,161898.857163576,-0.025292852846166027,True,0.05
7,linear-4pc-0pc,linear,0.04,NDY,0.0,,15,0.1.0b1,45563faf8d52,1.1.0a5,0.6971431637949337,0.11733017077643945,175599.4177002884,142113.76046608077,-0.19069344120127252,True,0.05
7,linear-4pc-0pc,linear,0.04,-10%,0.1,,15,0.1.0b1,45563faf8d52,1.1.0a5,0.7279959767399499,0.1375131474606724,161198.66872123678,147886.62447003974,-0.08258160167698259,True,0.05
7,linear-4pc-0pc,linear,0.04,-20%,0.2,,15,0.1.0b1,45563faf8d52,1.1.0a5,0.7568912541808569,0.167677269413422,166689.31899706117,151920.4756724995,-0.08860101783019489,True,0.05
7,linear-4pc-0pc,linear,0.04,+/-10%,0.1,0.1,15,0.1.0b1,45563faf8d52,1.1.0a5,0.3920228098611628,0.12870959853049924,160494.33953489398,149468.76761953777,-0.0686975749257442,True,0.05
7,linear-4pc-0pc,linear,0.04,+/-20%,0.2,0.2,15,0.1.0b1,45563faf8d52,1.1.0a5,0.48920576944642585,0.12857820226171113,158889.99131255917,153730.17921342154,-0.032474116566521494,True,0.05
7,linear-6pc-0pc,linear,0.06,NHF,,,15,0.1.0b1,45563faf8d52,1.1.0a5,1.0,0.1867320016748525,166100.00002187752,161898.857163576,-0.025292852846166027,True,0.05
7,linear-6pc-0pc,linear,0.06,NDY,0.0,,15,0.1.0b1,45563faf8d52,1.1.0a5,0.6853229117613242,0.133966720214534,175404.1212546918,140982.34777508082,-0.19624267225528627,True,0.05
7,linear-6pc-0pc,linear,0.06,-10%,0.1,,15,0.1.0b1,45563faf8d52,1.1.0a5,0.7731103229179876,0.19286802160607644,165740.84438759962,149814.17003630448,-0.09609384102116193,True,0.05
7,linear-6pc-0pc,linear,0.06,-20%,0.2,,15,0.1.0b1,45563faf8d52,1.1.0a5,0.7903783509490561,0.2137728440094448,167134.71764947887,150644.9670459486,-0.09866143213951024,True,0.05
7,linear-6pc-0pc,linear,0.06,+/-10%,0.1,0.1,15,0.1.0b1,45563faf8d52,1.1.0a5,0.3692882000060113,0.10246490900119355,159991.95959188938,153547.42599935582,-0.040280359144124464,True,0.05
7,linear-6pc-0pc,linear,0.06,+/-20%,0.2,0.2,15,0.1.0b1,45563faf8d52,1.1.0a5,0.46285718160923944,0.14226463219880323,158591.4009027314,154978.0064444337,-0.022784302539290233,True,0.05
7,invj-4pc-k1,inverse-j,0.04,NHF,,,15,0.1.0b1,45563faf8d52,1.1.0a5,1.0,0.5206187858332234,167767.857165235,155463.142875931,-0.07334369346557885,True,0.05
7,invj-4pc-k1,inverse-j,0.04,NDY,0.0,,15,0.1.0b1,45563faf8d52,1.1.0a5,0.6779476160606843,0.07911638334178193,159900.92315648356,136344.52798552602,-0.14731869401344602,True,0.05
7,invj-4pc-k1,inverse-j,0.04,-10%,0.1,,15,0.1.0b1,45563faf8d52,1.1.0a5,0.7507870207423774,0.20222778535438807,161883.14158124148,147329.59078786155,-0.08990158364375568,True,0.05
7,invj-4pc-k1,inverse-j,0.04,-20%,0.2,,15,0.1.0b1,45563faf8d52,1.1.0a5,0.7532543115107215,0.2694864778438453,162522.62113667553,149699.31359044497,-0.07890167815744634,True,0.05
7,invj-4pc-k1,inverse-j,0.04,+/-10%,0.1,0.1,15,0.1.0b1,45563faf8d52,1.1.0a5,0.42022893260891847,0.17701368096430323,158526.79372706264,145317.43576843952,-0.08332571200150443,True,0.05
7,invj-4pc-k1,inverse-j,0.04,+/-20%,0.2,0.2,15,0.1.0b1,45563faf8d52,1.1.0a5,0.49924097039908294,0.16113296722768863,160287.38241986855,148013.59280285652,-0.07657364810450991,True,0.05
7,invj-4pc-k2,inverse-j,0.04,NHF,,,15,0.1.0b1,45563faf8d52,1.1.0a5,1.0,0.40539315374396867,166100.00002187752,161898.857163576,-0.025292852846166027,True,0.05
7,invj-4pc-k2,inverse-j,0.04,NDY,0.0,,15,0.1.0b1,45563faf8d52,1.1.0a5,0.66984602855854,0.07436331519887363,159900.9231564836,137487.99920215245,-0.14016757071750746,True,0.05
7,invj-4pc-k2,inverse-j,0.04,-10%,0.1,,15,0.1.0b1,45563faf8d52,1.1.0a5,0.7554027998940093,0.13688508782496722,161848.28417625514,147336.3971101225,-0.08966352124146706,True,0.05
7,invj-4pc-k2,inverse-j,0.04,-20%,0.2,,15,0.1.0b1,45563faf8d52,1.1.0a5,0.7955261592959748,0.20924897037708015,162646.20558025173,149026.99562229426,-0.08373518404176714,True,0.05
7,invj-4pc-k2,inverse-j,0.04,+/-10%,0.1,0.1,15,0.1.0b1,45563faf8d52,1.1.0a5,0.4163442092266272,0.14965725578104327,158376.56866067118,146496.17355041517,-0.07501359077749868,True,0.05
7,invj-4pc-k2,inverse-j,0.04,+/-20%,0.2,0.2,15,0.1.0b1,45563faf8d52,1.1.0a5,0.49522052800193644,0.15167571959343382,160141.347309486,151304.00790630069,-0.055184620035114706,True,0.05
8,linear-4pc-0pc,linear,0.04,NHF,,,15,0.1.0b1,45563faf8d52,1.1.0a5,1.0,0.1980769079625561,197736.428569994,180610.714280316,-0.08660879744581765,True,0.05
8,linear-4pc-0pc,linear,0.04,NDY,0.0,,15,0.1.0b1,45563faf8d52,1.1.0a5,0.6604372331944782,0.052868777143257425,191174.58069390024,169599.65909799037,-0.11285455167522829,True,0.05
8,linear-4pc-0pc,linear,0.04,-10%,0.1,,15,0.1.0b1,45563faf8d52,1.1.0a5,0.7184333674644097,0.10425790858138957,192139.11570702528,174254.29292514367,-0.09308267458226714,True,0.05
8,linear-4pc-0pc,linear,0.04,-20%,0.2,,15,0.1.0b1,45563faf8d52,1.1.0a5,0.7533914739842811,0.1309258239486906,191369.2992843056,178390.6284823784,-0.06782002573278788,True,0.05
8,linear-4pc-0pc,linear,0.04,+/-10%,0.1,0.1,15,0.1.0b1,45563faf8d52,1.1.0a5,0.4036624954907431,0.12732264097132312,187338.60414547432,173553.59398268288,-0.07358339315951637,True,0.05
8,linear-4pc-0pc,linear,0.04,+/-20%,0.2,0.2,15,0.1.0b1,45563faf8d52,1.1.0a5,0.600120053681116,0.16246804092225484,190174.79194332304,176295.5530693513,-0.07298148578024007,True,0.05
8,linear-6pc-0pc,linear,0.06,NHF,,,15,0.1.0b1,45563faf8d52,1.1.0a5,0.7513954001045715,0.12691322696896093,188250.714281434,180610.714280316,-0.04058417536571058,True,0.05
8,linear-6pc-0pc,linear,0.06,NDY,0.0,,15,0.1.0b1,45563faf8d52,1.1.0a5,0.6594600063110949,0.05730802664699245,191097.350819202,168924.82973079273,-0.11602735984229724,True,0.05
8,linear-6pc-0pc,linear,0.06,-10%,0.1,,15,0.1.0b1,45563faf8d52,1.1.0a5,0.7136411781226958,0.10206407501649771,192139.11570702528,174601.2898188898,-0.09127670762718217,True,0.05
8,linear-6pc-0pc,linear,0.06,-20%,0.2,,15,0.1.0b1,45563faf8d52,1.1.0a5,0.751447379123566,0.12949003518937538,191369.2992843056,178605.87631825876,-0.06669524847392062,True,0.05
8,linear-6pc-0pc,linear,0.06,+/-10%,0.1,0.1,15,0.1.0b1,45563faf8d52,1.1.0a5,0.3687736677057995,0.1255042289862221,186793.67520410992,174622.67389931876,-0.06515745938127658,True,0.05
8,linear-6pc-0pc,linear,0.06,+/-20%,0.2,0.2,15,0.1.0b1,45563faf8d52,1.1.0a5,0.5490701956793037,0.18086779551428694,189840.89463783224,177097.6199799623,-0.06712607777255183,True,0.05
8,invj-4pc-k1,inverse-j,0.04,NHF,,,15,0.1.0b1,45563faf8d52,1.1.0a5,1.0,0.5211678861137654,199404.2857133515,174174.999992671,-0.12652328725245268,True,0.05
8,invj-4pc-k1,inverse-j,0.04,NDY,0.0,,15,0.1.0b1,45563faf8d52,1.1.0a5,0.77675016190882,0.10270312761293861,192537.08730632142,160735.667744771,-0.16517035759949567,True,0.05
8,invj-4pc-k1,inverse-j,0.04,-10%,0.1,,15,0.1.0b1,45563faf8d52,1.1.0a5,0.931393042468695,0.3132702786515314,195048.84817189915,174119.1452865283,-0.10730492941401644,True,0.05
8,invj-4pc-k1,inverse-j,0.04,-20%,0.2,,15,0.1.0b1,45563faf8d52,1.1.0a5,1.0,0.3115520637405312,195566.55090938043,175036.35552228492,-0.10497805116279098,True,0.05
8,invj-4pc-k1,inverse-j,0.04,+/-10%,0.1,0.1,15,0.1.0b1,45563faf8d52,1.1.0a5,0.4288824102309399,0.13856005288224474,189127.01670652718,171759.5967668145,-0.09182939720696864,True,0.05
8,invj-4pc-k1,inverse-j,0.04,+/-20%,0.2,0.2,15,0.1.0b1,45563faf8d52,1.1.0a5,0.6066271440352076,0.17944553749892858,191314.94922299264,174880.48919963086,-0.0859026442528865,True,0.05
8,invj-4pc-k2,inverse-j,0.04,NHF,,,15,0.1.0b1,45563faf8d52,1.1.0a5,1.0,0.3887389246310561,197736.428569994,180610.714280316,-0.08660879744581765,True,0.05
8,invj-4pc-k2,inverse-j,0.04,NDY,0.0,,15,0.1.0b1,45563faf8d52,1.1.0a5,0.7750402380944399,0.1010345793898483,192497.47137286304,161039.25513477577,-0.16342145179223397,True,0.05
8,invj-4pc-k2,inverse-j,0.04,-10%,0.1,,15,0.1.0b1,45563faf8d52,1.1.0a5,0.7951003734743733,0.21913652884169282,194774.318181597,174116.94358913004,-0.10605799976774728,True,0.05
8,invj-4pc-k2,inverse-j,0.04,-20%,0.2,,15,0.1.0b1,45563faf8d52,1.1.0a5,0.8122556335353703,0.27082491724766555,195500.24207395822,177646.00707972274,-0.09132589711823057,True,0.05
8,invj-4pc-k2,inverse-j,0.04,+/-10%,0.1,0.1,15,0.1.0b1,45563faf8d52,1.1.0a5,0.4055886839014239,0.15515905079951026,188817.61946407778,174380.274099635,-0.07646185459503409,True,0.05
8,invj-4pc-k2,inverse-j,0.04,+/-20%,0.2,0.2,15,0.1.0b1,45563faf8d52,1.1.0a5,0.5692448622038486,0.1712500177894697,190814.56915484756,177175.0609967944,-0.07148043369258972,True,0.05
9,linear-4pc-0pc,linear,0.04,NHF,,,15,0.1.0b1,45563faf8d52,1.1.0a5,1.0,0.34960611973533046,216571.5278950133,199612.239696595,-0.0783080230501934,True,0.05
9,linear-4pc-0pc,linear,0.04,NDY,0.0,,15,0.1.0b1,45563faf8d52,1.1.0a5,0.18905166093340975,0.0745200147846073,203429.8803954521,188123.24894631736,-0.07524278842114954,True,0.05
9,linear-4pc-0pc,linear,0.04,-10%,0.1,,15,0.1.0b1,45563faf8d52,1.1.0a5,0.8120541690478883,0.22415893878483759,216842.77539389787,199024.8520987832,-0.08216978067518359,True,0.05
9,linear-4pc-0pc,linear,0.04,-20%,0.2,,15,0.1.0b1,45563faf8d52,1.1.0a5,0.822846572074834,0.24024469865928222,217164.44533311858,199410.8586768048,-0.08175181084123011,True,0.05
9,linear-4pc-0pc,linear,0.04,+/-10%,0.1,0.1,15,0.1.0b1,45563faf8d52,1.1.0a5,0.31917399866107526,0.06823305180059586,206293.86008342446,198827.72794122767,-0.03619173221722407,True,0.05
9,linear-4pc-0pc,linear,0.04,+/-20%,0.2,0.2,15,0.1.0b1,45563faf8d52,1.1.0a5,0.4417311306188716,0.1254577279111657,209042.001380201,198548.91853111313,-0.050196050457837295,True,0.05
9,linear-6pc-0pc,linear,0.06,NHF,,,15,0.1.0b1,45563faf8d52,1.1.0a5,1.0,0.3030928475643939,212042.18760665494,199612.239696595,-0.05862016446046998,True,0.05
9,linear-6pc-0pc,linear,0.06,NDY,0.0,,15,0.1.0b1,45563faf8d52,1.1.0a5,0.09225577619587609,0.058890601395880655,200156.38056725834,188369.05094242978,-0.05889060139588045,True,0.05
9,linear-6pc-0pc,linear,0.06,-10%,0.1,,15,0.1.0b1,45563faf8d52,1.1.0a5,0.7555082347336602,0.18264600514596116,210915.92705630886,196828.92946485084,-0.06678963408817003,True,0.05
9,linear-6pc-0pc,linear,0.06,-20%,0.2,,15,0.1.0b1,45563faf8d52,1.1.0a5,0.7268339782477987,0.17039207342768167,210514.54656665924,198216.51789497148,-0.05841890202962103,True,0.05
9,linear-6pc-0pc,linear,0.06,+/-10%,0.1,0.1,15,0.1.0b1,45563faf8d52,1.1.0a5,0.36821954245521127,0.09675320388382257,204022.52002602757,195932.99693221826,-0.03965014789924817,True,0.05
9,linear-6pc-0pc,linear,0.06,+/-20%,0.2,0.2,15,0.1.0b1,45563faf8d52,1.1.0a5,0.4171994874934636,0.1264995527833355,207215.52517486413,196983.6796349108,-0.049377794117110296,True,0.05
9,invj-4pc-k1,inverse-j,0.04,NHF,,,15,0.1.0b1,45563faf8d52,1.1.0a5,1.0,0.5754177378935437,219953.55914767834,198111.45844396253,-0.09930323832155348,True,0.05
9,invj-4pc-k1,inverse-j,0.04,NDY,0.0,,15,0.1.0b1,45563faf8d52,1.1.0a5,0.6794298073162871,0.09447727874035655,209784.19220986034,176779.95582950837,-0.15732470608336283,True,0.05
9,invj-4pc-k1,inverse-j,0.04,-10%,0.1,,15,0.1.0b1,45563faf8d52,1.1.0a5,0.8425381242076079,0.2436742236433179,219039.44619741302,198206.74138626232,-0.09510937492224517,True,0.05
9,invj-4pc-k1,inverse-j,0.04,-20%,0.2,,15,0.1.0b1,45563faf8d52,1.1.0a5,0.8646973013966023,0.35784901378563866,219744.14546089916,198881.21569422437,-0.0949419140287726,True,0.05
9,invj-4pc-k1,inverse-j,0.04,+/-10%,0.1,0.1,15,0.1.0b1,45563faf8d52,1.1.0a5,0.3880993613676295,0.13822211436886447,209934.65880975802,198648.6067927038,-0.053759832135586556,True,0.05
9,invj-4pc-k1,inverse-j,0.04,+/-20%,0.2,0.2,15,0.1.0b1,45563faf8d52,1.1.0a5,0.5664753650648297,0.19366637562177058,212480.3566209017,200152.8916956462,-0.05801696270328481,True,0.05
9,invj-4pc-k2,inverse-j,0.04,NHF,,,15,0.1.0b1,45563faf8d52,1.1.0a5,1.0,0.508273313683033,219075.9549805008,199612.239696595,-0.08884459860343047,True,0.05
9,invj-4pc-k2,inverse-j,0.04,NDY,0.0,,15,0.1.0b1,45563faf8d52,1.1.0a5,0.6487628233799937,0.10119595674313574,209832.7910350777,177806.5738922338,-0.1526273228548444,True,0.05
9,invj-4pc-k2,inverse-j,0.04,-10%,0.1,,15,0.1.0b1,45563faf8d52,1.1.0a5,0.852467816909204,0.23806589429590727,219006.3193741166,197772.20936948052,-0.09695660867375705,True,0.05
9,invj-4pc-k2,inverse-j,0.04,-20%,0.2,,15,0.1.0b1,45563faf8d52,1.1.0a5,0.8369857138774423,0.26626535824310005,219827.61894761142,197724.38725987033,-0.1005480193687976,True,0.05
9,invj-4pc-k2,inverse-j,0.04,+/-10%,0.1,0.1,15,0.1.0b1,45563faf8d52,1.1.0a5,0.42691118481559304,0.11848356121759822,209520.7270090988,199244.61956721,-0.04904577980699038,True,0.05
9,invj-4pc-k2,inverse-j,0.04,+/-20%,0.2,0.2,15,0.1.0b1,45563faf8d52,1.1.0a5,0.5128428304161672,0.17781632794904342,212285.48290869268,198412.02744860217,-0.06535282238803725,True,0.05
10,linear-4pc-0pc,linear,0.04,NHF,,,15,0.1.0b1,45563faf8d52,1.1.0a5,1.0,0.3421234387545283,217525.0003446467,199450.81902596084,-0.0830901335021221,True,0.05
10,linear-4pc-0pc,linear,0.04,NDY,0.0,,15,0.1.0b1,45563faf8d52,1.1.0a5,0.22407071492604005,0.07958051192083883,204791.03544053156,188218.06116294896,-0.08092626829066041,True,0.05
10,linear-4pc-0pc,linear,0.04,-10%,0.1,,15,0.1.0b1,45563faf8d52,1.1.0a5,0.8284879995010238,0.23037797423639486,218266.511507932,200391.86238059937,-0.08189368586065965,True,0.05
10,linear-4pc-0pc,linear,0.04,-20%,0.2,,15,0.1.0b1,45563faf8d52,1.1.0a5,0.8305063268735788,0.24659018346332887,217628.86846331914,200178.3689577167,-0.08018467232229201,True,0.05
10,linear-4pc-0pc,linear,0.04,+/-10%,0.1,0.1,15,0.1.0b1,45563faf8d52,1.1.0a5,0.3585706989878988,0.06496421522090474,206839.50816841598,200058.02466778824,-0.032786209755952526,True,0.05
10,linear-4pc-0pc,linear,0.04,+/-20%,0.2,0.2,15,0.1.0b1,45563faf8d52,1.1.0a5,0.4718543518371536,0.11241663427197188,209813.86066189202,199180.36028775587,-0.050680638259984506,True,0.05
10,linear-6pc-0pc,linear,0.06,NHF,,,15,0.1.0b1,45563faf8d52,1.1.0a5,1.0,0.29397982890199853,212914.1725626,199450.81902596084,-0.06323371231983502,True,0.05
10,linear-6pc-0pc,linear,0.06,NDY,0.0,,15,0.1.0b1,45563faf8d52,1.1.0a5,0.10250442576537185,0.06636243317669574,201595.46450390594,188217.09896204056,-0.06636243317669566,True,0.05
10,linear-6pc-0pc,linear,0.06,-10%,0.1,,15,0.1.0b1,45563faf8d52,1.1.0a5,0.7763375530934581,0.1833508767076806,212891.18379227546,198549.43746023733,-0.06736655824147149,True,0.05
10,linear-6pc-0pc,linear,0.06,-20%,0.2,,15,0.1.0b1,45563faf8d52,1.1.0a5,0.7664178919215455,0.21368246016616027,214065.18983141295,199217.15933881653,-0.06936219057517004,True,0.05
10,linear-6pc-0pc,linear,0.06,+/-10%,0.1,0.1,15,0.1.0b1,45563faf8d52,1.1.0a5,0.4186532050761138,0.0934857452850788,206096.69714293786,197559.61673622538,-0.041422693934738866,True,0.05
10,linear-6pc-0pc,linear,0.06,+/-20%,0.2,0.2,15,0.1.0b1,45563faf8d52,1.1.0a5,0.4374650171026395,0.10481517862678581,208152.13252626488,197915.46083081773,-0.0491787980800796,True,0.05
10,invj-4pc-k1,inverse-j,0.04,NHF,,,15,0.1.0b1,45563faf8d52,1.1.0a5,1.0,0.6138836166860582,220961.54420709412,198565.3003236133,-0.10135810719393844,True,0.05
10,invj-4pc-k1,inverse-j,0.04,NDY,0.0,,15,0.1.0b1,45563faf8d52,1.1.0a5,0.6723474186198035,0.10292716428352838,210892.32984124063,176927.10999326615,-0.16105478977610727,True,0.05
10,invj-4pc-k1,inverse-j,0.04,-10%,0.1,,15,0.1.0b1,45563faf8d52,1.1.0a5,0.8364676716906593,0.24613160849660584,219830.69989574887,200105.96341898822,-0.08972694207913082,True,0.05
10,invj-4pc-k1,inverse-j,0.04,-20%,0.2,,15,0.1.0b1,45563faf8d52,1.1.0a5,0.8674712270598923,0.3712548685002383,220452.45590990706,200407.47452470651,-0.09092655059099176,True,0.05
10,invj-4pc-k1,inverse-j,0.04,+/-10%,0.1,0.1,15,0.1.0b1,45563faf8d52,1.1.0a5,0.406053447350014,0.14469847890131854,210703.03433823917,198959.3970322399,-0.05573549210092217,True,0.05
10,invj-4pc-k1,inverse-j,0.04,+/-20%,0.2,0.2,15,0.1.0b1,45563faf8d52,1.1.0a5,0.5669212840149114,0.1798666992924053,213498.70173519,201613.19383680675,-0.05567016474472649,True,0.05
10,invj-4pc-k2,inverse-j,0.04,NHF,,,15,0.1.0b1,45563faf8d52,1.1.0a5,1.0,0.545768488228895,220203.8961668642,199450.81902596084,-0.09424482264917454,True,0.05
10,invj-4pc-k2,inverse-j,0.04,NDY,0.0,,15,0.1.0b1,45563faf8d52,1.1.0a5,0.6314835409615843,0.10594723465673339,210801.57472198686,178647.1377059178,-0.15253414049907155,True,0.05
10,invj-4pc-k2,inverse-j,0.04,-10%,0.1,,15,0.1.0b1,45563faf8d52,1.1.0a5,0.8491232778148061,0.24085658594660758,219777.6058973312,198775.42986687092,-0.09556103746198517,True,0.05
10,invj-4pc-k2,inverse-j,0.04,-20%,0.2,,15,0.1.0b1,45563faf8d52,1.1.0a5,0.8550668573545067,0.2885366353406244,220632.81074228036,199334.54121156948,-0.09653264833574204,True,0.05
10,invj-4pc-k2,inverse-j,0.04,+/-10%,0.1,0.1,15,0.1.0b1,45563faf8d52,1.1.0a5,0.4070303104665911,0.11173194348924305,210281.7378685872,199783.99774025212,-0.04992226255470412,True,0.05
10,invj-4pc-k2,inverse-j,0.04,+/-20%,0.2,0.2,15,0.1.0b1,45563faf8d52,1.1.0a5,0.5355304895137442,0.16990865100740404,213138.48035419028,199763.1777251067,-0.06275404894909964,True,0.05
11,linear-4pc-0pc,linear,0.04,NHF,,,15,0.1.0b1,45563faf8d52,1.1.0a5,1.0,0.304017548645392,192401.4266253114,179113.9200864525,-0.06906137221495456,True,0.05
11,linear-4pc-0pc,linear,0.04,NDY,0.0,,15,0.1.0b1,45563faf8d52,1.1.0a5,0.09998660405511584,0.0640946400676897,184731.48705800297,172891.18888585115,-0.0640946400676899,True,0.05
11,linear-4pc-0pc,linear,0.04,-10%,0.1,,15,0.1.0b1,45563faf8d52,1.1.0a5,0.7473593463704243,0.1803334792090744,192590.43174377788,178346.0476984226,-0.07396205468974698,True,0.05
11,linear-4pc-0pc,linear,0.04,-20%,0.2,,15,0.1.0b1,45563faf8d52,1.1.0a5,0.7726171092205671,0.21521928552465283,193200.59373214698,178298.56058157477,-0.07713243972341187,True,0.05
11,linear-4pc-0pc,linear,0.04,+/-10%,0.1,0.1,15,0.1.0b1,45563faf8d52,1.1.0a5,0.29611369431571677,0.1072333523253069,185660.78680905447,178938.6819049825,-0.03620637949243099,True,0.05
11,linear-4pc-0pc,linear,0.04,+/-20%,0.2,0.2,15,0.1.0b1,45563faf8d52,1.1.0a5,0.4259788618367914,0.15293681252549987,186975.9980486691,177616.56564057723,-0.050056865617883486,True,0.05
11,linear-6pc-0pc,linear,0.06,NHF,,,15,0.1.0b1,45563faf8d52,1.1.0a5,1.0,0.2651115610403591,187593.36037927822,179113.9200864525,-0.0452011749012966,True,0.05
11,linear-6pc-0pc,linear,0.06,NDY,0.0,,15,0.1.0b1,45563faf8d52,1.1.0a5,0.09208909970925487,0.06069259347507138,182622.9864952241,171539.123816666,-0.06069259347507146,True,0.05
11,linear-6pc-0pc,linear,0.06,-10%,0.1,,15,0.1.0b1,45563faf8d52,1.1.0a5,0.723700568422045,0.15280403387012165,189201.39062612923,177421.1087243319,-0.06226318877896476,True,0.05
11,linear-6pc-0pc,linear,0.06,-20%,0.2,,15,0.1.0b1,45563faf8d52,1.1.0a5,0.7504095953706323,0.18167640565169207,188499.1553574641,176920.16597458834,-0.06142727462580783,True,0.05
11,linear-6pc-0pc,linear,0.06,+/-10%,0.1,0.1,15,0.1.0b1,45563faf8d52,1.1.0a5,0.3167683247654964,0.08933771289556539,183359.71937847094,176895.3924173407,-0.035254891221704325,True,0.05
11,linear-6pc-0pc,linear,0.06,+/-20%,0.2,0.2,15,0.1.0b1,45563faf8d52,1.1.0a5,0.45327047903659,0.14670264128349744,185695.04397891462,176215.8256934138,-0.05104723358463557,True,0.05
11,invj-4pc-k1,inverse-j,0.04,NHF,,,15,0.1.0b1,45563faf8d52,1.1.0a5,0.963023276907851,0.5428471835588985,196378.94933925185,179106.636704191,-0.08795399248838165,True,0.05
11,invj-4pc-k1,inverse-j,0.04,NDY,0.0,,15,0.1.0b1,45563faf8d52,1.1.0a5,0.7371584314509558,0.1138617356360471,194301.78545563808,154878.0963926437,-0.20289926297149433,True,0.05
11,invj-4pc-k1,inverse-j,0.04,-10%,0.1,,15,0.1.0b1,45563faf8d52,1.1.0a5,0.7980659149958355,0.27558434796560094,196772.87392301354,176746.6580298948,-0.1017732550928432,True,0.05
11,invj-4pc-k1,inverse-j,0.04,-20%,0.2,,15,0.1.0b1,45563faf8d52,1.1.0a5,0.7668595141045698,0.37779954312099334,196653.95279941816,177549.08321279509,-0.09714968509231814,True,0.05
11,invj-4pc-k1,inverse-j,0.04,+/-10%,0.1,0.1,15,0.1.0b1,45563faf8d52,1.1.0a5,0.4176203327360947,0.1542276814384963,191280.86974509145,178348.42263180355,-0.06760972558584763,True,0.05
11,invj-4pc-k1,inverse-j,0.04,+/-20%,0.2,0.2,15,0.1.0b1,45563faf8d52,1.1.0a5,0.5773790309559167,0.2507695807012142,192769.68193881877,178024.10768178216,-0.07649322294216661,True,0.05
11,invj-4pc-k2,inverse-j,0.04,NHF,,,15,0.1.0b1,45563faf8d52,1.1.0a5,1.0,0.43922652681320307,195699.97929736786,179113.9200864525,-0.08475248321673395,True,0.05
11,invj-4pc-k2,inverse-j,0.04,NDY,0.0,,15,0.1.0b1,45563faf8d52,1.1.0a5,0.7175532560074441,0.11233966119462829,194095.70693551764,157203.46357321966,-0.19007243356780834,True,0.05
11,invj-4pc-k2,inverse-j,0.04,-10%,0.1,,15,0.1.0b1,45563faf8d52,1.1.0a5,0.8056737883473878,0.229041139051295,196665.5808912331,176755.6525701054,-0.10123748258796239,True,0.05
11,invj-4pc-k2,inverse-j,0.04,-20%,0.2,,15,0.1.0b1,45563faf8d52,1.1.0a5,0.7416981718651733,0.22324716725064941,196706.30588087236,178283.6920715114,-0.09365543075430383,True,0.05
11,invj-4pc-k2,inverse-j,0.04,+/-10%,0.1,0.1,15,0.1.0b1,45563faf8d52,1.1.0a5,0.4529335256253153,0.15329588217135048,191207.56081830402,177635.43850904366,-0.07098109641259083,True,0.05
11,invj-4pc-k2,inverse-j,0.04,+/-20%,0.2,0.2,15,0.1.0b1,45563faf8d52,1.1.0a5,0.6300950982234143,0.23267221522773157,192465.0344157903,178234.26650726362,-0.07393949738311088,True,0.05
12,linear-4pc-0pc,linear,0.04,NHF,,,15,0.1.0b1,45563faf8d52,1.1.0a5,1.0,0.31957086711316496,191525.14449118468,177785.69918067637,-0.0717370314326571,True,0.05
12,linear-4pc-0pc,linear,0.04,NDY,0.0,,15,0.1.0b1,45563faf8d52,1.1.0a5,0.16617479051593337,0.06083593670532954,182414.64950659566,171203.51576783412,-0.061459612860512984,True,0.05
12,linear-4pc-0pc,linear,0.04,-10%,0.1,,15,0.1.0b1,45563faf8d52,1.1.0a5,0.7765686789269072,0.20085052390192532,191674.41407957004,176783.5613072347,-0.07768826550920714,True,0.05
12,linear-4pc-0pc,linear,0.04,-20%,0.2,,15,0.1.0b1,45563faf8d52,1.1.0a5,0.7729904233473555,0.2202623209895407,191571.92126098112,177779.24065335593,-0.07199740189918143,True,0.05
12,linear-4pc-0pc,linear,0.04,+/-10%,0.1,0.1,15,0.1.0b1,45563faf8d52,1.1.0a5,0.3587515815259249,0.09934909473434014,184069.68258063484,175499.36983508788,-0.046560153879727485,True,0.05
12,linear-4pc-0pc,linear,0.04,+/-20%,0.2,0.2,15,0.1.0b1,45563faf8d52,1.1.0a5,0.4391678684485813,0.13124749605730407,185345.07535535726,176197.93374324727,-0.049351953886945285,True,0.05
12,linear-6pc-0pc,linear,0.06,NHF,,,15,0.1.0b1,45563faf8d52,1.1.0a5,1.0,0.27501168910667567,186087.8831985595,177785.69918067637,-0.04461431811239705,True,0.05
12,linear-6pc-0pc,linear,0.06,NDY,0.0,,15,0.1.0b1,45563faf8d52,1.1.0a5,0.08625714816910275,0.05628831226093996,179941.0856136781,169812.50559808282,-0.05628831226094013,True,0.05
12,linear-6pc-0pc,linear,0.06,-10%,0.1,,15,0.1.0b1,45563faf8d52,1.1.0a5,0.7268771126146237,0.1644842872918197,187343.43590206144,175555.2048907148,-0.06292310672421542,True,0.05
12,linear-6pc-0pc,linear,0.06,-20%,0.2,,15,0.1.0b1,45563faf8d52,1.1.0a5,0.7560687798883768,0.19506908680588103,187188.50266575205,176078.6685994486,-0.059351049386518216,True,0.05
12,linear-6pc-0pc,linear,0.06,+/-10%,0.1,0.1,15,0.1.0b1,45563faf8d52,1.1.0a5,0.3181609854996964,0.07445612477961652,181885.2716020355,175295.79376602164,-0.0362287599098822,True,0.05
12,linear-6pc-0pc,linear,0.06,+/-20%,0.2,0.2,15,0.1.0b1,45563faf8d52,1.1.0a5,0.480629941329013,0.13175058285090951,184275.05875529716,174638.2737817446,-0.05229565541123752,True,0.05
12,invj-4pc-k1,inverse-j,0.04,NHF,,,15,0.1.0b1,45563faf8d52,1.1.0a5,0.9405599060382885,0.4948708140835586,194650.5390365218,177905.2435600378,-0.08602748062948912,True,0.05
12,invj-4pc-k1,inverse-j,0.04,NDY,0.0,,15,0.1.0b1,45563faf8d52,1.1.0a5,0.7344588889714477,0.10999140985293264,192108.99414629,153912.8931904575,-0.19882515717481913,True,0.05
12,invj-4pc-k1,inverse-j,0.04,-10%,0.1,,15,0.1.0b1,45563faf8d52,1.1.0a5,0.8084652822420919,0.2683974213267449,195110.92227411742,175539.2297500907,-0.10031059407596797,True,0.05
12,invj-4pc-k1,inverse-j,0.04,-20%,0.2,,15,0.1.0b1,45563faf8d52,1.1.0a5,0.7860235475055757,0.3687920855587285,194948.23596010177,176383.9954022576,-0.09522651213752731,True,0.05
12,invj-4pc-k1,inverse-j,0.04,+/-10%,0.1,0.1,15,0.1.0b1,45563faf8d52,1.1.0a5,0.40307861794347744,0.1499081174723215,189173.3247596481,176994.70380914514,-0.06437810915453517,True,0.05
12,invj-4pc-k1,inverse-j,0.04,+/-20%,0.2,0.2,15,0.1.0b1,45563faf8d52,1.1.0a5,0.5437957749270342,0.23700484414212594,190933.39205620857,176877.309017983,-0.0736177307010165,True,0.05
12,invj-4pc-k2,inverse-j,0.04,NHF,,,15,0.1.0b1,45563faf8d52,1.1.0a5,1.0,0.41431420863718,194000.39890840932,177785.69918067637,-0.08358075457044895,True,0.05
12,invj-4pc-k2,inverse-j,0.04,NDY,0.0,,15,0.1.0b1,45563faf8d52,1.1.0a5,0.7231556773226127,0.11341705217733018,191957.96867249665,154650.34373241867,-0.19435309301344644,True,0.05
12,invj-4pc-k2,inverse-j,0.04,-10%,0.1,,15,0.1.0b1,45563faf8d52,1.1.0a5,0.8195926167559505,0.23324395946284218,194995.13846801402,175109.38085502604,-0.1019807866453549,True,0.05
12,invj-4pc-k2,inverse-j,0.04,-20%,0.2,,15,0.1.0b1,45563faf8d52,1.1.0a5,0.7707822648988139,0.22353164997871347,195077.42129596265,176220.0831664102,-0.0966659186095297,True,0.05
12,invj-4pc-k2,inverse-j,0.04,+/-10%,0.1,0.1,15,0.1.0b1,45563faf8d52,1.1.0a5,0.41317806701827037,0.1338901292144156,188956.68225771043,176123.5199249816,-0.06791589574602178,True,0.05
12,invj-4pc-k2,inverse-j,0.04,+/-20%,0.2,0.2,15,0.1.0b1,45563faf8d52,1.1.0a5,0.5744629954660188,0.22030930894359255,190557.16256011775,176345.61618472854,-0.07457891471754935,True,0.05
13,linear-4pc-0pc,linear,0.04,NHF,,,15,0.1.0b1,45563faf8d52,1.1.0a5,1.0,0.29482324795088516,194470.70318734803,181609.97444495835,-0.06613195988703752,True,0.05
13,linear-4pc-0pc,linear,0.04,NDY,0.0,,15,0.1.0b1,45563faf8d52,1.1.0a5,0.09309430148078607,0.05896511340447555,185691.13801434782,174741.83900312567,-0.05896511340447558,True,0.05
13,linear-4pc-0pc,linear,0.04,-10%,0.1,,15,0.1.0b1,45563faf8d52,1.1.0a5,0.7634139174034213,0.19337747980090073,194947.50377229534,181088.00730213072,-0.07109348004964937,True,0.05
13,linear-4pc-0pc,linear,0.04,-20%,0.2,,15,0.1.0b1,45563faf8d52,1.1.0a5,0.8041247695065104,0.22207417871399743,195407.30703009252,180596.25640853698,-0.07579578699825514,True,0.05
13,linear-4pc-0pc,linear,0.04,+/-10%,0.1,0.1,15,0.1.0b1,45563faf8d52,1.1.0a5,0.32099486799119153,0.09590149068683376,187733.4929412906,180070.73588691212,-0.040817208130116855,True,0.05
13,linear-4pc-0pc,linear,0.04,+/-20%,0.2,0.2,15,0.1.0b1,45563faf8d52,1.1.0a5,0.42065823180790257,0.1200608679532064,189467.0498897521,180403.4959075352,-0.04783709878572994,True,0.05
13,linear-6pc-0pc,linear,0.06,NHF,,,15,0.1.0b1,45563faf8d52,1.1.0a5,1.0,0.26194721848917035,189334.9140107544,181609.97444495835,-0.04080039651512595,True,0.05
13,linear-6pc-0pc,linear,0.06,NDY,0.0,,15,0.1.0b1,45563faf8d52,1.1.0a5,0.0834101915803565,0.05388269579300671,183386.70972273036,173505.33943026004,-0.053882695793006814,True,0.05
13,linear-6pc-0pc,linear,0.06,-10%,0.1,,15,0.1.0b1,45563faf8d52,1.1.0a5,0.7536371706473662,0.17872631761058833,190963.38725612446,179633.96690756496,-0.05932770941774419,True,0.05
13,linear-6pc-0pc,linear,0.06,-20%,0.2,,15,0.1.0b1,45563faf8d52,1.1.0a5,0.7713238689819997,0.18589940673333974,189962.2624970767,179411.62056141702,-0.05554072581032799,True,0.05
13,linear-6pc-0pc,linear,0.06,+/-10%,0.1,0.1,15,0.1.0b1,45563faf8d52,1.1.0a5,0.38953833568966284,0.07941956260464646,185098.0463321158,178883.14039933708,-0.03357629135440743,True,0.05
13,linear-6pc-0pc,linear,0.06,+/-20%,0.2,0.2,15,0.1.0b1,45563faf8d52,1.1.0a5,0.4788972651614719,0.10118497493705239,186000.44600263285,178994.6940463157,-0.037665242782363925,True,0.05
13,invj-4pc-k1,inverse-j,0.04,NHF,,,15,0.1.0b1,45563faf8d52,1.1.0a5,0.9621753025354195,0.5252018284562093,198387.46094373718,180757.43421639135,-0.08886663826170807,True,0.05
13,invj-4pc-k1,inverse-j,0.04,NDY,0.0,,15,0.1.0b1,45563faf8d52,1.1.0a5,0.7241055776498391,0.11394597826037076,196015.9623660368,157323.19905431374,-0.19739598165719216,True,0.05
13,invj-4pc-k1,inverse-j,0.04,-10%,0.1,,15,0.1.0b1,45563faf8d52,1.1.0a5,0.804269126880566,0.2661781605400816,198725.63540668946,179158.68229832468,-0.09846214892367186,True,0.05
13,invj-4pc-k1,inverse-j,0.04,-20%,0.2,,15,0.1.0b1,45563faf8d52,1.1.0a5,0.785881195618025,0.40237763939197124,198663.75807599624,179884.21280868957,-0.09452929638088697,True,0.05
13,invj-4pc-k1,inverse-j,0.04,+/-10%,0.1,0.1,15,0.1.0b1,45563faf8d52,1.1.0a5,0.4278297233569568,0.15412132760442498,193216.5134774543,179692.33691509068,-0.06999493117311484,True,0.05
13,invj-4pc-k1,inverse-j,0.04,+/-20%,0.2,0.2,15,0.1.0b1,45563faf8d52,1.1.0a5,0.5797633473930941,0.23177850586446327,194662.64985850113,181074.18496802138,-0.06980519837964348,True,0.05
13,invj-4pc-k2,inverse-j,0.04,NHF,,,15,0.1.0b1,45563faf8d52,1.1.0a5,1.0,0.44644796574620377,197571.2154091252,181609.97444495835,-0.08078727931654789,True,0.05
13,invj-4pc-k2,inverse-j,0.04,NDY,0.0,,15,0.1.0b1,45563faf8d52,1.1.0a5,0.7179129288454836,0.1146620121198487,195947.00850202312,157928.28067555098,-0.19402555883408448,True,0.05
13,invj-4pc-k2,inverse-j,0.04,-10%,0.1,,15,0.1.0b1,45563faf8d52,1.1.0a5,0.8090802763821168,0.21902636087386257,198596.96572096055,179291.1797861202,-0.09721088066353455,True,0.05
13,invj-4pc-k2,inverse-j,0.04,-20%,0.2,,15,0.1.0b1,45563faf8d52,1.1.0a5,0.7711768879971904,0.22235452537220188,198652.81089647728,180961.05857055244,-0.08905865588352754,True,0.05
13,invj-4pc-k2,inverse-j,0.04,+/-10%,0.1,0.1,15,0.1.0b1,45563faf8d52,1.1.0a5,0.3946466719875976,0.1390563757761597,192974.24137515886,179876.13862204767,-0.06787487625173419,True,0.05
13,invj-4pc-k2,inverse-j,0.04,+/-20%,0.2,0.2,15,0.1.0b1,45563faf8d52,1.1.0a5,0.5361867238267832,0.21733746474390248,194399.02547645173,180933.90193303517,-0.06926538602966216,True,0.05
14,linear-4pc-0pc,linear,0.04,NHF,,,15,0.1.0b1,45563faf8d52,1.1.0a5,1.0,0.3179720149063536,193157.17113222324,180056.42276201188,-0.06782429196606643,True,0.05
14,linear-4pc-0pc,linear,0.04,NDY,0.0,,15,0.1.0b1,45563faf8d52,1.1.0a5,0.1904939369235469,0.06164216940573427,183880.08044052793,172344.17856922228,-0.06273600622573525,True,0.05
14,linear-4pc-0pc,linear,0.04,-10%,0.1,,15,0.1.0b1,45563faf8d52,1.1.0a5,0.745181964640785,0.19006779161137038,193132.69945269628,178128.73984459366,-0.07768730852217764,True,0.05
14,linear-4pc-0pc,linear,0.04,-20%,0.2,,15,0.1.0b1,45563faf8d52,1.1.0a5,0.7625677821760307,0.21835625441503936,193567.53572295688,178702.9630387727,-0.0767926947494908,True,0.05
14,linear-4pc-0pc,linear,0.04,+/-10%,0.1,0.1,15,0.1.0b1,45563faf8d52,1.1.0a5,0.3049043192750105,0.1003221941468476,185344.81026863173,177866.41397403425,-0.04034856052218875,True,0.05
14,linear-4pc-0pc,linear,0.04,+/-20%,0.2,0.2,15,0.1.0b1,45563faf8d52,1.1.0a5,0.408929516266972,0.15130238374917948,187410.18977302132,177730.02478378615,-0.05165228742876329,True,0.05
14,linear-6pc-0pc,linear,0.06,NHF,,,15,0.1.0b1,45563faf8d52,1.1.0a5,1.0,0.2675261085724717,187706.88880038162,180056.42276201188,-0.040757513415001494,True,0.05
14,linear-6pc-0pc,linear,0.06,NDY,0.0,,15,0.1.0b1,45563faf8d52,1.1.0a5,0.08008619478242836,0.0527569555635653,180677.02470727995,171145.05494344074,-0.052756955563565584,True,0.05
14,linear-6pc-0pc,linear,0.06,-10%,0.1,,15,0.1.0b1,45563faf8d52,1.1.0a5,0.712160564285121,0.15997171577313613,188374.10187588475,177213.6897329681,-0.05924600054772908,True,0.05
14,linear-6pc-0pc,linear,0.06,-20%,0.2,,15,0.1.0b1,45563faf8d52,1.1.0a5,0.7133178855208896,0.1684414509446479,186901.40741646462,177715.0861614684,-0.04915062642908145,True,0.05
14,linear-6pc-0pc,linear,0.06,+/-10%,0.1,0.1,15,0.1.0b1,45563faf8d52,1.1.0a5,0.3456091543773754,0.08811874249408726,182948.69927554275,174956.57963919747,-0.043685031202698975,True,0.05
14,linear-6pc-0pc,linear,0.06,+/-20%,0.2,0.2,15,0.1.0b1,45563faf8d52,1.1.0a5,0.40559413729839966,0.13334958887270287,185684.9400026168,176734.8094584123,-0.048200627062584434,True,0.05
14,invj-4pc-k1,inverse-j,0.04,NHF,,,15,0.1.0b1,45563faf8d52,1.1.0a5,0.9394416231179389,0.4723205654301044,196530.66685928017,178626.34570911436,-0.09110192030735668,True,0.05
14,invj-4pc-k1,inverse-j,0.04,NDY,0.0,,15,0.1.0b1,45563faf8d52,1.1.0a5,0.7530598470487271,0.10396330849847388,193822.71395343204,154335.3722674554,-0.20372917539202298,True,0.05
14,invj-4pc-k1,inverse-j,0.04,-10%,0.1,,15,0.1.0b1,45563faf8d52,1.1.0a5,0.8003785798968323,0.2654843106991904,196988.03624042284,176920.42485960003,-0.10187223429310398,True,0.05
14,invj-4pc-k1,inverse-j,0.04,-20%,0.2,,15,0.1.0b1,45563faf8d52,1.1.0a5,0.8004455757237036,0.37624863501774086,196919.105449313,177364.36569463447,-0.09930341553228277,True,0.05
14,invj-4pc-k1,inverse-j,0.04,+/-10%,0.1,0.1,15,0.1.0b1,45563faf8d52,1.1.0a5,0.4026889619051954,0.1491270707406641,190503.8212172027,177908.35714968384,-0.066116595389224,True,0.05
14,invj-4pc-k1,inverse-j,0.04,+/-20%,0.2,0.2,15,0.1.0b1,45563faf8d52,1.1.0a5,0.5416703442864292,0.2348001714600866,192498.14336112884,177963.74601862102,-0.07550409104591263,True,0.05
14,invj-4pc-k2,inverse-j,0.04,NHF,,,15,0.1.0b1,45563faf8d52,1.1.0a5,1.0,0.3939058201175801,195819.14813046766,180056.42276201188,-0.08049634327871558,True,0.05
14,invj-4pc-k2,inverse-j,0.04,NDY,0.0,,15,0.1.0b1,45563faf8d52,1.1.0a5,0.7337144524734727,0.10019488154733375,193605.5249436334,156744.2394956346,-0.19039376824979898,True,0.05
14,invj-4pc-k2,inverse-j,0.04,-10%,0.1,,15,0.1.0b1,45563faf8d52,1.1.0a5,0.8193115666145664,0.23833921423894955,196991.3219093587,176244.01775866502,-0.10532090423881767,True,0.05
14,invj-4pc-k2,inverse-j,0.04,-20%,0.2,,15,0.1.0b1,45563faf8d52,1.1.0a5,0.7777683889437528,0.22604926500131559,197018.0923744989,177799.08213205493,-0.09754946873565196,True,0.05
14,invj-4pc-k2,inverse-j,0.04,+/-10%,0.1,0.1,15,0.1.0b1,45563faf8d52,1.1.0a5,0.431697459717449,0.1485372385038544,190346.71686782618,176713.76384026627,-0.07162168726569854,True,0.05
14,invj-4pc-k2,inverse-j,0.04,+/-20%,0.2,0.2,15,0.1.0b1,45563faf8d52,1.1.0a5,0.5776713646915719,0.2135991698079468,192065.39421485434,177816.56983591555,-0.07418735913976943,True,0.05
15,linear-4pc-0pc,linear,0.04,NHF,,,15,0.1.0b1,45563faf8d52,1.1.0a5,1.0,0.32607629343013295,189416.48904078157,175928.84737835135,-0.07120627000707588,True,0.05
15,linear-4pc-0pc,linear,0.04,NDY,0.0,,15,0.1.0b1,45563faf8d52,1.1.0a5,0.19596292946585517,0.06005904892717903,181276.28637382246,170160.96232770776,-0.061317033068478737,True,0.05
15,linear-4pc-0pc,linear,0.04,-10%,0.1,,15,0.1.0b1,45563faf8d52,1.1.0a5,0.7666549761431175,0.20006838211100417,190752.10342076406,174357.12776210133,-0.08594912121361216,True,0.05
15,linear-4pc-0pc,linear,0.04,-20%,0.2,,15,0.1.0b1,45563faf8d52,1.1.0a5,0.777446050307748,0.21305556970905715,190495.12945079626,174968.0302809812,-0.08150916621637616,True,0.05
15,linear-4pc-0pc,linear,0.04,+/-10%,0.1,0.1,15,0.1.0b1,45563faf8d52,1.1.0a5,0.32245890553195233,0.11259006401606776,182923.51450547978,175207.10105434485,-0.04218382460011049,True,0.05
15,linear-4pc-0pc,linear,0.04,+/-20%,0.2,0.2,15,0.1.0b1,45563faf8d52,1.1.0a5,0.41966723009564705,0.14792436241363185,184500.6883023754,174339.35945198452,-0.05507474765480352,True,0.05
15,linear-6pc-0pc,linear,0.06,NHF,,,15,0.1.0b1,45563faf8d52,1.1.0a5,1.0,0.27373410607063015,183203.10335773742,175928.84737835135,-0.03970596483391311,True,0.05
15,linear-6pc-0pc,linear,0.06,NDY,0.0,,15,0.1.0b1,45563faf8d52,1.1.0a5,0.07596771156816583,0.04945080269653472,177490.080222965,168713.05328526706,-0.049450802696534686,False,0.05
15,linear-6pc-0pc,linear,0.06,-10%,0.1,,15,0.1.0b1,45563faf8d52,1.1.0a5,0.6763622960118028,0.14387761963749798,184228.81806686832,173547.2641984671,-0.05797982085801691,True,0.05
15,linear-6pc-0pc,linear,0.06,-20%,0.2,,15,0.1.0b1,45563faf8d52,1.1.0a5,0.7218614296813349,0.1706510603014814,184818.5175065707,174686.00786175602,-0.05482410410771987,True,0.05
15,linear-6pc-0pc,linear,0.06,+/-10%,0.1,0.1,15,0.1.0b1,45563faf8d52,1.1.0a5,0.3042620144713673,0.09327263333369444,180270.0437864867,173092.23461869656,-0.03981698243936522,True,0.05
15,linear-6pc-0pc,linear,0.06,+/-20%,0.2,0.2,15,0.1.0b1,45563faf8d52,1.1.0a5,0.4782208556979563,0.1304103211010172,181604.95207344578,172579.7103877888,-0.0496971122351715,True,0.05
15,invj-4pc-k1,inverse-j,0.04,NHF,,,15,0.1.0b1,45563faf8d52,1.1.0a5,0.9789140734669313,0.4870876169430002,193334.74026255068,175337.9207674913,-0.09308631997860033,True,0.05
15,invj-4pc-k1,inverse-j,0.04,NDY,0.0,,15,0.1.0b1,45563faf8d52,1.1.0a5,0.7595096524819833,0.09310581572956463,191362.75402342813,152722.69891541044,-0.20192045889602464,True,0.05
15,invj-4pc-k1,inverse-j,0.04,-10%,0.1,,15,0.1.0b1,45563faf8d52,1.1.0a5,0.798841433391769,0.2342908620643574,193967.268596366,173384.15792335258,-0.10611641243371632,True,0.05
15,invj-4pc-k1,inverse-j,0.04,-20%,0.2,,15,0.1.0b1,45563faf8d52,1.1.0a5,0.77136668270288,0.36478431792071525,193847.8884494466,174814.55965274366,-0.09818692867354403,True,0.05
15,invj-4pc-k1,inverse-j,0.04,+/-10%,0.1,0.1,15,0.1.0b1,45563faf8d52,1.1.0a5,0.42945575660148544,0.1640913264030338,187661.597350311,174863.55910010156,-0.068197427875023,True,0.05
15,invj-4pc-k1,inverse-j,0.04,+/-20%,0.2,0.2,15,0.1.0b1,45563faf8d52,1.1.0a5,0.564295954272057,0.22412294179050643,189628.32011965103,174342.2904793975,-0.08061047859627939,True,0.05
15,invj-4pc-k2,inverse-j,0.04,NHF,,,15,0.1.0b1,45563faf8d52,1.1.0a5,1.0,0.3954596367596288,192576.56239023418,175928.84737835135,-0.0864472540440729,True,0.05
15,invj-4pc-k2,inverse-j,0.04,NDY,0.0,,15,0.1.0b1,45563faf8d52,1.1.0a5,0.7398835982915047,0.10237395630554053,191236.4061848158,153855.33977466688,-0.1954704501925376,True,0.05
15,invj-4pc-k2,inverse-j,0.04,-10%,0.1,,15,0.1.0b1,45563faf8d52,1.1.0a5,0.8065457743857166,0.22417480485179497,193923.10225518967,172507.73908297718,-0.11043224310650379,True,0.05
15,invj-4pc-k2,inverse-j,0.04,-20%,0.2,,15,0.1.0b1,45563faf8d52,1.1.0a5,0.7477305834920605,0.21879391115471,193796.58185436903,174335.90848759716,-0.10041804236462665,True,0.05
15,invj-4pc-k2,inverse-j,0.04,+/-10%,0.1,0.1,15,0.1.0b1,45563faf8d52,1.1.0a5,0.48927246807817465,0.1564921615522598,187399.71651932888,173387.42603688783,-0.07477220746486982,True,0.05
15,invj-4pc-k2,inverse-j,0.04,+/-20%,0.2,0.2,15,0.1.0b1,45563faf8d52,1.1.0a5,0.5379172532723473,0.24248151163540368,189279.1271529746,174329.97053045817,-0.07897942497608086,True,0.05
16,linear-4pc-0pc,linear,0.04,NHF,,,15,0.1.0b1,45563faf8d52,1.1.0a5,1.0,0.31881546256576726,192111.71848299628,179249.15790422002,-0.06695354494949625,True,0.05
16,linear-4pc-0pc,linear,0.04,NDY,0.0,,15,0.1.0b1,45563faf8d52,1.1.0a5,0.09197259636939492,0.058581203273285504,182864.7658749816,172152.32785373752,-0.05858120327328559,True,0.05
16,linear-4pc-0pc,linear,0.04,-10%,0.1,,15,0.1.0b1,45563faf8d52,1.1.0a5,0.7518527272294413,0.18355211258646414,192560.21777633086,177287.26285724618,-0.07931521419873465,True,0.05
16,linear-4pc-0pc,linear,0.04,-20%,0.2,,15,0.1.0b1,45563faf8d52,1.1.0a5,0.7690638173341927,0.2113414783640723,193160.9876608982,178117.13575306098,-0.07788245488911709,True,0.05
16,linear-4pc-0pc,linear,0.04,+/-10%,0.1,0.1,15,0.1.0b1,45563faf8d52,1.1.0a5,0.3045671996866771,0.10073399201360636,185438.0384936051,177692.18684910247,-0.041770565022287764,True,0.05
16,linear-4pc-0pc,linear,0.04,+/-20%,0.2,0.2,15,0.1.0b1,45563faf8d52,1.1.0a5,0.3981176532649093,0.1568608524487733,187280.5724541153,177435.57963291687,-0.05256814784464895,True,0.05
16,linear-6pc-0pc,linear,0.06,NHF,,,15,0.1.0b1,45563faf8d52,1.1.0a5,1.0,0.269710939008671,186766.40209718893,179249.15790422002,-0.04024944587762155,True,0.05
16,linear-6pc-0pc,linear,0.06,NDY,0.0,,15,0.1.0b1,45563faf8d52,1.1.0a5,0.0825629160057688,0.05469236986318514,180404.5062546272,170537.7562735638,-0.05469236986318526,True,0.05
16,linear-6pc-0pc,linear,0.06,-10%,0.1,,15,0.1.0b1,45563faf8d52,1.1.0a5,0.7306718028192019,0.15995099626101525,187835.14775175715,175273.93774891132,-0.06687358651026651,True,0.05
16,linear-6pc-0pc,linear,0.06,-20%,0.2,,15,0.1.0b1,45563faf8d52,1.1.0a5,0.7051573890963846,0.1733139622815493,188122.04556237586,176870.21746929453,-0.05981132120610794,True,0.05
16,linear-6pc-0pc,linear,0.06,+/-10%,0.1,0.1,15,0.1.0b1,45563faf8d52,1.1.0a5,0.2888816502027285,0.0955494834151533,182998.72391602892,176139.6893884524,-0.03748132435461067,True,0.05
16,linear-6pc-0pc,linear,0.06,+/-20%,0.2,0.2,15,0.1.0b1,45563faf8d52,1.1.0a5,0.4155455169211005,0.14740464639952083,185555.4806207227,175704.09796217768,-0.05309130522898077,True,0.05
16,invj-4pc-k1,inverse-j,0.04,NHF,,,15,0.1.0b1,45563faf8d52,1.1.0a5,0.955532362766982,0.4816714243716774,196085.47489651584,178220.2762316985,-0.09110924036696605,True,0.05
16,invj-4pc-k1,inverse-j,0.04,NDY,0.0,,15,0.1.0b1,45563faf8d52,1.1.0a5,0.7387309254996132,0.10631429125804255,193493.73496358385,155029.92649259264,-0.19878580812050695,True,0.05
16,invj-4pc-k1,inverse-j,0.04,-10%,0.1,,15,0.1.0b1,45563faf8d52,1.1.0a5,0.7994638196236183,0.24374584844939626,196806.6391070647,176551.9248908834,-0.10291682388398758,True,0.05
16,invj-4pc-k1,inverse-j,0.04,-20%,0.2,,15,0.1.0b1,45563faf8d52,1.1.0a5,0.7817186756937091,0.3755215227555245,196638.19333826524,177183.56081444578,-0.09893618423534223,True,0.05
16,invj-4pc-k1,inverse-j,0.04,+/-10%,0.1,0.1,15,0.1.0b1,45563faf8d52,1.1.0a5,0.41592153019982486,0.1617741449317175,190638.75365237455,177247.5439758529,-0.07024390067583122,True,0.05
16,invj-4pc-k1,inverse-j,0.04,+/-20%,0.2,0.2,15,0.1.0b1,45563faf8d52,1.1.0a5,0.5529725788866017,0.23556748796408658,192415.66120101252,177026.821762531,-0.07997706289824884,True,0.05
16,invj-4pc-k2,inverse-j,0.04,NHF,,,15,0.1.0b1,45563faf8d52,1.1.0a5,1.0,0.42747684952013754,195299.7400089623,179249.15790422002,-0.08218434957468829,True,0.05
16,invj-4pc-k2,inverse-j,0.04,NDY,0.0,,15,0.1.0b1,45563faf8d52,1.1.0a5,0.7306421437268285,0.10347378347106687,193388.10903620478,156477.43905298127,-0.19086318268055125,True,0.05
16,invj-4pc-k2,inverse-j,0.04,-10%,0.1,,15,0.1.0b1,45563faf8d52,1.1.0a5,0.8114999466494434,0.22572910199564503,196771.28052539748,176254.73783968153,-0.10426594079651708,True,0.05
16,invj-4pc-k2,inverse-j,0.04,-20%,0.2,,15,0.1.0b1,45563faf8d52,1.1.0a5,0.7428902767894779,0.2229782042169397,196731.03925028406,177774.9982136962,-0.09635511055513564,True,0.05
16,invj-4pc-k2,inverse-j,0.04,+/-10%,0.1,0.1,15,0.1.0b1,45563faf8d52,1.1.0a5,0.42822825511733725,0.1456806695247157,190480.61339222404,176822.4761728154,-0.07170355542316942,True,0.05
16,invj-4pc-k2,inverse-j,0.04,+/-20%,0.2,0.2,15,0.1.0b1,45563faf8d52,1.1.0a5,0.6018703840028317,0.21026404973756574,192080.00437640693,177843.21611758682,-0.07411905421930946,True,0.05
17,linear-4pc-0pc,linear,0.04,NHF,,,15,0.1.0b1,45563faf8d52,1.1.0a5,1.0,0.333179548939154,193616.67429858167,178682.65618762182,-0.07713188011859806,True,0.05
17,linear-4pc-0pc,linear,0.04,NDY,0.0,,15,0.1.0b1,45563faf8d52,1.1.0a5,0.10922000748880101,0.07245250710768332,185039.74436846594,171633.1509744057,-0.07245250710768364,True,0.05
17,linear-4pc-0pc,linear,0.04,-10%,0.1,,15,0.1.0b1,45563faf8d52,1.1.0a5,0.8119766875843801,0.2201308864148914,194672.76548825938,178282.92358723906,-0.0841917556362489,True,0.05
17,linear-4pc-0pc,linear,0.04,-20%,0.2,,15,0.1.0b1,45563faf8d52,1.1.0a5,0.7991068941002625,0.2317774100841629,195176.81985216343,178604.5446714344,-0.0849090337330103,True,0.05
17,linear-4pc-0pc,linear,0.04,+/-10%,0.1,0.1,15,0.1.0b1,45563faf8d52,1.1.0a5,0.40985135730551436,0.11190140392641222,186660.81495430032,177825.33564890295,-0.04733440871111881,True,0.05
17,linear-4pc-0pc,linear,0.04,+/-20%,0.2,0.2,15,0.1.0b1,45563faf8d52,1.1.0a5,0.4836157170764144,0.14951065860324816,188091.1721011617,177382.23620157683,-0.056934814005121154,True,0.05
17,linear-6pc-0pc,linear,0.06,NHF,,,15,0.1.0b1,45563faf8d52,1.1.0a5,1.0,0.2875954556329742,187202.70210383416,178682.65618762182,-0.04551240885127075,True,0.05
17,linear-6pc-0pc,linear,0.06,NDY,0.0,,15,0.1.0b1,45563faf8d52,1.1.0a5,0.10159836637009136,0.06886148359638208,182649.37483033497,170071.8679015664,-0.06886148359638213,True,0.05
17,linear-6pc-0pc,linear,0.06,-10%,0.1,,15,0.1.0b1,45563faf8d52,1.1.0a5,0.7737316929345786,0.1734256772953028,191163.7543265078,177606.47823627412,-0.0709196999085812,True,0.05
17,linear-6pc-0pc,linear,0.06,-20%,0.2,,15,0.1.0b1,45563faf8d52,1.1.0a5,0.7471643559778626,0.18332868831215787,190118.97112175165,177769.7764776614,-0.06495508875956342,True,0.05
17,linear-6pc-0pc,linear,0.06,+/-10%,0.1,0.1,15,0.1.0b1,45563faf8d52,1.1.0a5,0.44021430711048687,0.10342581210805586,185012.1585531353,176893.09146372083,-0.04388396499402319,True,0.05
17,linear-6pc-0pc,linear,0.06,+/-20%,0.2,0.2,15,0.1.0b1,45563faf8d52,1.1.0a5,0.5422914800540243,0.137423044263428,186650.65000482733,176503.26844101038,-0.05436563742775343,True,0.05
17,invj-4pc-k1,inverse-j,0.04,NHF,,,15,0.1.0b1,45563faf8d52,1.1.0a5,0.9597790899909189,0.5752794443215333,197778.04873981365,178629.38696631434,-0.0968189437377364,True,0.05
17,invj-4pc-k1,inverse-j,0.04,NDY,0.0,,15,0.1.0b1,45563faf8d52,1.1.0a5,0.7357974410901683,0.11730999966243108,194677.1239607149,155348.16061889817,-0.2020214935461712,True,0.05
17,invj-4pc-k1,inverse-j,0.04,-10%,0.1,,15,0.1.0b1,45563faf8d52,1.1.0a5,0.8108924704158392,0.24787301151729305,198439.04439727965,177471.72285277417,-0.10566127048328457,True,0.05
17,invj-4pc-k1,inverse-j,0.04,-20%,0.2,,15,0.1.0b1,45563faf8d52,1.1.0a5,0.8138983149490758,0.3771354928500449,198422.62423029882,178191.11225777108,-0.10196171959224813,True,0.05
17,invj-4pc-k1,inverse-j,0.04,+/-10%,0.1,0.1,15,0.1.0b1,45563faf8d52,1.1.0a5,0.4200208216557684,0.1724971451828449,192235.59573515004,178538.93468734,-0.0712493489846721,True,0.05
17,invj-4pc-k1,inverse-j,0.04,+/-20%,0.2,0.2,15,0.1.0b1,45563faf8d52,1.1.0a5,0.5740651718204041,0.20842668302941375,193814.640919368,179065.1020988889,-0.07610126227055929,True,0.05
17,invj-4pc-k2,inverse-j,0.04,NHF,,,15,0.1.0b1,45563faf8d52,1.1.0a5,1.0,0.4501347712047394,197057.46182528767,178682.65618762182,-0.09324592668283256,True,0.05
17,invj-4pc-k2,inverse-j,0.04,NDY,0.0,,15,0.1.0b1,45563faf8d52,1.1.0a5,0.7249198031096964,0.11894879161832245,194497.09214220307,155910.82322073457,-0.19838995275701518,True,0.05
17,invj-4pc-k2,inverse-j,0.04,-10%,0.1,,15,0.1.0b1,45563faf8d52,1.1.0a5,0.8436728764976704,0.24879015970472035,198339.57092419374,176260.36296458478,-0.11132023658580834,True,0.05
17,invj-4pc-k2,inverse-j,0.04,-20%,0.2,,15,0.1.0b1,45563faf8d52,1.1.0a5,0.7978315634613459,0.2433102252093512,198377.57683969673,177197.09742368528,-0.10676851564290855,True,0.05
17,invj-4pc-k2,inverse-j,0.04,+/-10%,0.1,0.1,15,0.1.0b1,45563faf8d52,1.1.0a5,0.4109613693213177,0.128807062494348,191890.38864096746,178309.9364072136,-0.07077192521175872,True,0.05
17,invj-4pc-k2,inverse-j,0.04,+/-20%,0.2,0.2,15,0.1.0b1,45563faf8d52,1.1.0a5,0.6529466268997052,0.23709213845891838,193539.4008251042,177458.56710684032,-0.08308816525062855,True,0.05
18,linear-4pc-0pc,linear,0.04,NHF,,,15,0.1.0b1,45563faf8d52,1.1.0a5,1.0,0.30654322637529235,190358.66307801058,177893.33710001933,-0.06548336585492226,True,0.05
18,linear-4pc-0pc,linear,0.04,NDY,0.0,,15,0.1.0b1,45563faf8d52,1.1.0a5,0.10213806973155148,0.06385810725669588,184237.5421879093,172472.48145816367,-0.06385810725669634,True,0.05
18,linear-4pc-0pc,linear,0.04,-10%,0.1,,15,0.1.0b1,45563faf8d52,1.1.0a5,0.8171015875487335,0.19248332739743765,191489.16710037176,177658.31924043148,-0.07222783444815263,True,0.05
18,linear-4pc-0pc,linear,0.04,-20%,0.2,,15,0.1.0b1,45563faf8d52,1.1.0a5,0.8282935765663979,0.19904906273158823,191488.3521554654,176846.03688219257,-0.07646582733859991,True,0.05
18,linear-4pc-0pc,linear,0.04,+/-10%,0.1,0.1,15,0.1.0b1,45563faf8d52,1.1.0a5,0.4009805808100325,0.09893629435528224,185730.86640765052,178049.85077293176,-0.0413556226990301,True,0.05
18,linear-4pc-0pc,linear,0.04,+/-20%,0.2,0.2,15,0.1.0b1,45563faf8d52,1.1.0a5,0.4907902168981446,0.14581334476195443,187353.46055382217,177272.38382003256,-0.053807795724667484,True,0.05
18,linear-6pc-0pc,linear,0.06,NHF,,,15,0.1.0b1,45563faf8d52,1.1.0a5,1.0,0.2695989430401637,185030.1350336136,177893.33710001933,-0.038571003216842245,True,0.05
18,linear-6pc-0pc,linear,0.06,NDY,0.0,,15,0.1.0b1,45563faf8d52,1.1.0a5,0.09272817261258896,0.06136991492111672,181993.33461370206,170824.41915224883,-0.06136991492111677,True,0.05
18,linear-6pc-0pc,linear,0.06,-10%,0.1,,15,0.1.0b1,45563faf8d52,1.1.0a5,0.779441361853686,0.17023895319216312,187379.11888797913,176843.23772529454,-0.05622761610370925,True,0.05
18,linear-6pc-0pc,linear,0.06,-20%,0.2,,15,0.1.0b1,45563faf8d52,1.1.0a5,0.7642116844290908,0.16178852774745384,186505.4989084245,175512.3845614582,-0.05894257494447383,True,0.05
18,linear-6pc-0pc,linear,0.06,+/-10%,0.1,0.1,15,0.1.0b1,45563faf8d52,1.1.0a5,0.42058027433040124,0.09304004620330461,182752.48971898196,177637.6745318871,-0.027987663505760648,True,0.05
18,linear-6pc-0pc,linear,0.06,+/-20%,0.2,0.2,15,0.1.0b1,45563faf8d52,1.1.0a5,0.47531178361390347,0.1175830799299654,184437.47560288405,175686.59232580586,-0.04744634054697152,True,0.05
18,invj-4pc-k1,inverse-j,0.04,NHF,,,15,0.1.0b1,45563faf8d52,1.1.0a5,0.9477556653912664,0.5070273698123884,194644.6718937547,177281.2463844298,-0.08920575806360936,True,0.05
18,invj-4pc-k1,inverse-j,0.04,NDY,0.0,,15,0.1.0b1,45563faf8d52,1.1.0a5,0.7312808580835386,0.11442767300206182,193218.0312964437,154869.36412011704,-0.19847354265550102,True,0.05
18,invj-4pc-k1,inverse-j,0.04,-10%,0.1,,15,0.1.0b1,45563faf8d52,1.1.0a5,0.8341527481555986,0.26298748472349825,195062.13245475286,176381.0819013092,-0.09576974432891004,True,0.05
18,invj-4pc-k1,inverse-j,0.04,-20%,0.2,,15,0.1.0b1,45563faf8d52,1.1.0a5,0.821416138414071,0.41336511059392234,194936.49791370702,177367.4693487232,-0.09012693237549146,True,0.05
18,invj-4pc-k1,inverse-j,0.04,+/-10%,0.1,0.1,15,0.1.0b1,45563faf8d52,1.1.0a5,0.44156113245330403,0.15822617226512703,191211.90489529909,177012.31297807873,-0.07426102430701453,True,0.05
18,invj-4pc-k1,inverse-j,0.04,+/-20%,0.2,0.2,15,0.1.0b1,45563faf8d52,1.1.0a5,0.6668467070933514,0.2592809251351992,192248.230021811,177196.8341054591,-0.07829146679084789,True,0.05
18,invj-4pc-k2,inverse-j,0.04,NHF,,,15,0.1.0b1,45563faf8d52,1.1.0a5,1.0,0.4049512547035024,193659.71375222466,177893.33710001933,-0.08141278506885234,True,0.05
18,invj-4pc-k2,inverse-j,0.04,NDY,0.0,,15,0.1.0b1,45563faf8d52,1.1.0a5,0.7150447078843827,0.12259621936856922,193035.24140505967,155321.06021284597,-0.19537459024425147,True,0.05
18,invj-4pc-k2,inverse-j,0.04,-10%,0.1,,15,0.1.0b1,45563faf8d52,1.1.0a5,0.8288136772403827,0.213662022727906,194921.82808642546,177099.51336766622,-0.09143313960126154,True,0.05
18,invj-4pc-k2,inverse-j,0.04,-20%,0.2,,15,0.1.0b1,45563faf8d52,1.1.0a5,0.8485273491315207,0.22680291922039622,194964.1405372492,175743.17254936352,-0.09858719626552749,True,0.05
18,invj-4pc-k2,inverse-j,0.04,+/-10%,0.1,0.1,15,0.1.0b1,45563faf8d52,1.1.0a5,0.4887178175802166,0.14163605121667802,191033.13998630812,177342.27001088287,-0.07166751264417529,True,0.05
18,invj-4pc-k2,inverse-j,0.04,+/-20%,0.2,0.2,15,0.1.0b1,45563faf8d52,1.1.0a5,0.6856104290014298,0.2409248365059863,192113.15346812602,176726.26516942508,-0.0800928412288741,True,0.05
