landbase,discount_rate,flow_window,anchoring,horizon,relax_share,numeric_slack_share,fd_version,fd_commit,ws3_version,max_abs_rel_deviation,mean_abs_rel_deviation,total_projected,total_realized,total_rel_change,occurrence,occurrence_tolerance,mean_abs_rel_deviation_2_11,occurrence_2_11,thesis_volume_inconsistency_2_11
1,0.0,2,within-plan,15,0.0,0.0,0.1.0b1,042c345cfe16,1.1.0a5,0.5452415449180587,0.18457605516814632,169794.95906102596,135442.5050763695,-0.20231727829039878,True,0.05,0.16246981787141884,True,0.16246981787141884
1,0.0,2,realized-history,15,0.5714285714285714,0.0,0.1.0b1,042c345cfe16,1.1.0a5,0.45694239855136853,0.03967247340238534,169794.95906102596,159573.62811366297,-0.06019808246303323,False,0.05,0.005901010206789357,False,0.005901010206789357
1,0.0,3,within-plan,15,0.0,0.0,0.1.0b1,042c345cfe16,1.1.0a5,0.5452415449180598,0.18457605516814604,169794.959061026,135442.5050763695,-0.20231727829039892,True,0.05,0.16246981787141862,True,0.16246981787141865
1,0.0,3,realized-history,15,0.8571428571428571,0.0,0.1.0b1,042c345cfe16,1.1.0a5,0.45075548232306356,0.03876527496023072,169794.959061026,159771.76338695045,-0.059031173419424696,False,0.05,0.006891220404021478,False,0.006891220404021478
1,0.02,2,within-plan,15,0.0,0.0,0.1.0b1,042c345cfe16,1.1.0a5,0.14337671646948397,0.09251035324919266,166868.22764964675,151431.1889637112,-0.09251035324919284,True,0.05,0.08173885770378514,True,0.08173885770378511
1,0.02,2,realized-history,15,0.8571428571428571,0.0,0.1.0b1,042c345cfe16,1.1.0a5,0.040880290859284164,0.018702252357261903,166868.22764964675,163747.415945734,-0.018702252357262007,False,0.05,0.012655403768522666,False,0.012655403768522665
1,0.02,3,within-plan,15,0.0,0.0,0.1.0b1,042c345cfe16,1.1.0a5,0.14337671646948635,0.09251035324919248,166868.22764964672,151431.1889637112,-0.09251035324919268,True,0.05,0.08173885770378402,True,0.08173885770378404
1,0.02,3,realized-history,15,0.9285714285714286,0.0,0.1.0b1,042c345cfe16,1.1.0a5,0.04097495371210472,0.018435721521848514,166868.22764964672,163791.89147385344,-0.01843572152184838,False,0.05,0.012420752024780893,False,0.012420752024780896
1,0.04,2,within-plan,15,0.0,0.0,0.1.0b1,042c345cfe16,1.1.0a5,0.1900907467999045,0.08704734457000253,166167.89899377312,151703.42463358876,-0.08704734457000265,True,0.05,0.06811426166083606,True,0.06811426166083603
1,0.04,2,realized-history,15,0.7142857142857143,0.07142857142857142,0.1.0b1,042c345cfe16,1.1.0a5,0.0364290146487051,0.013544559048246052,166167.89899377312,163917.22807392894,-0.013544559048246271,False,0.05,0.006687516507819608,False,0.006687516507819598
1,0.04,3,within-plan,15,0.0,0.0,0.1.0b1,042c345cfe16,1.1.0a5,0.19009074658348699,0.08572906236413173,166167.89899377298,151922.48081801907,-0.08572906236413172,True,0.05,0.06811426166083584,True,0.06811426166083584
1,0.04,3,realized-history,15,0.7857142857142857,0.0,0.1.0b1,042c345cfe16,1.1.0a5,0.036120480940948836,0.013276399835174887,166167.89899377298,163961.7875269607,-0.013276399835174918,False,0.05,0.00662941596758892,False,0.006629415967588919
1,0.06,2,within-plan,15,0.0,0.0,0.1.0b1,042c345cfe16,1.1.0a5,0.29837418155901146,0.09900762636483115,166167.89899377312,149716.00973636864,-0.09900762636483112,True,0.05,0.06855502547552388,True,0.06855502547552385
1,0.06,2,realized-history,15,0.7857142857142857,0.0,0.1.0b1,042c345cfe16,1.1.0a5,0.035750366314136584,0.013573258519603925,166167.89899377312,163912.4591430712,-0.01357325851960396,False,0.05,0.006964572733456756,False,0.006964572733456746
1,0.06,3,within-plan,15,0.0,0.0,0.1.0b1,042c345cfe16,1.1.0a5,0.2983741815590059,0.09900762636483076,166167.89899377298,149716.00973636864,-0.09900762636483033,True,0.05,0.06855502547552374,True,0.06855502547552374
1,0.06,3,realized-history,15,0.7857142857142857,0.0,0.1.0b1,042c345cfe16,1.1.0a5,0.0358184896620696,0.013260067866234215,166167.89899377298,163964.50137592605,-0.01326006786623391,False,0.05,0.0067260789057635,False,0.0067260789057635
2,0.0,2,within-plan,15,0.0,0.0,0.1.0b1,042c345cfe16,1.1.0a5,0.5241910548555588,0.13303294085866882,197292.4377370065,167136.093717195,-0.15285098793300075,True,0.05,0.10348892556790153,True,0.10348955016012718
2,0.0,2,realized-history,15,0.8571428571428571,0.0,0.1.0b1,042c345cfe16,1.1.0a5,0.4783705459887724,0.05881975412624337,197292.4377370065,181688.16185757684,-0.07909211350629854,True,0.05,0.024866561249817704,False,0.024872640391991715
2,0.0,3,within-plan,15,0.0,0.0,0.1.0b1,042c345cfe16,1.1.0a5,0.5241910548555577,0.1330329408586687,197292.43773700643,167136.09371719506,-0.15285098793300023,True,0.05,0.1034889255679011,True,0.10348955016012679
2,0.0,3,realized-history,15,0.8571428571428571,0.0,0.1.0b1,042c345cfe16,1.1.0a5,0.47776518972055076,0.05837722596485258,197292.43773700643,181806.7554892976,-0.07849100769058098,True,0.05,0.02457341309606354,False,0.02458095015825239
2,0.02,2,within-plan,15,0.0,0.0,0.1.0b1,042c345cfe16,1.1.0a5,0.09513457683232841,0.0634161663092025,195463.71282447054,183068.15350457974,-0.06341616630920241,True,0.05,0.05890590304241052,True,0.05890590304241052
2,0.02,2,realized-history,15,1.0,0.0,0.1.0b1,042c345cfe16,1.1.0a5,0.08803795636956074,0.05991758871613362,195463.71282447054,183751.9984705255,-0.059917588716133466,True,0.05,0.05582661319147898,True,0.05582661319147898
2,0.02,3,within-plan,15,0.0,0.0,0.1.0b1,042c345cfe16,1.1.0a5,0.0951345768323303,0.06341616630920253,195463.7128244706,183068.15350457976,-0.06341616630920253,True,0.05,0.05890590304240989,True,0.05890590304240987
2,0.02,3,realized-history,15,1.0,0.0,0.1.0b1,042c345cfe16,1.1.0a5,0.08478590047529405,0.05821228387968369,195463.7128244706,184085.32368535554,-0.0582122838796837,True,0.05,0.054589606957137736,True,0.05458960695713773
2,0.04,2,within-plan,15,0.0,0.0,0.1.0b1,042c345cfe16,1.1.0a5,0.08846548820696412,0.05739777884657691,193158.7329662687,182071.8507291858,-0.05739777884657694,True,0.05,0.05225513095125113,True,0.05225513095125112
2,0.04,2,realized-history,15,1.0,0.0,0.1.0b1,042c345cfe16,1.1.0a5,0.08166410669480526,0.0513580653890848,193158.7329662687,183238.4741281143,-0.051358065389084835,True,0.05,0.04567633618497898,False,0.045676336184978975
2,0.04,3,within-plan,15,0.0,0.0,0.1.0b1,042c345cfe16,1.1.0a5,0.08846548820696198,0.05739777884657675,193158.73296626873,182071.85072918583,-0.05739777884657692,True,0.05,0.0522551309512513,True,0.05225513095125129
2,0.04,3,realized-history,15,1.0,0.0,0.1.0b1,042c345cfe16,1.1.0a5,0.07701080816836865,0.04932694464123836,193158.73296626873,183630.80283826982,-0.04932694464123847,False,0.05,0.04429976437478203,False,0.04429976437478203
2,0.06,2,within-plan,15,0.0,0.0,0.1.0b1,042c345cfe16,1.1.0a5,0.0954120334165637,0.05864732973976348,192771.06596977595,181465.55769956083,-0.05864732973976337,True,0.05,0.05200248959461214,True,0.05200248959461214
2,0.06,2,realized-history,15,1.0,0.0,0.1.0b1,042c345cfe16,1.1.0a5,0.07913736731371097,0.04988781379620195,192771.06596977595,183154.13892538042,-0.049887813796201885,False,0.05,0.04446974576787195,False,0.04446974576787196
2,0.06,3,within-plan,15,0.0,0.0,0.1.0b1,042c345cfe16,1.1.0a5,0.09541203341656358,0.05864732973976328,192771.06596977595,181465.55769956086,-0.058647329739763214,True,0.05,0.0520024895946118,True,0.05200248959461179
2,0.06,3,realized-history,15,1.0,0.0,0.1.0b1,042c345cfe16,1.1.0a5,0.07976058352516063,0.04876773547328543,192771.06596977595,183370.05761765872,-0.04876773547328515,False,0.05,0.04290228486055836,False,0.042902284860558366
3,0.0,2,within-plan,15,0.0,0.0,0.1.0b1,042c345cfe16,1.1.0a5,0.7404794883597883,0.1612388129398937,136005.70149370315,116949.21601303725,-0.14011534274942278,True,0.05,0.14628870041683428,True,0.1556544146976562
3,0.0,2,realized-history,15,0.0,0.0,0.1.0b1,042c345cfe16,1.1.0a5,0.7302884325426378,0.10656917148559826,136005.70149370315,119854.75637238385,-0.11875197101253185,True,0.05,0.0551067999627699,True,0.06877561174254211
3,0.0,3,within-plan,15,0.0,0.0,0.1.0b1,042c345cfe16,1.1.0a5,0.6837743673354966,0.1298724351793482,136159.6406217922,117570.39403850172,-0.1365253793150457,True,0.05,0.11819247039960601,True,0.12257727466643047
3,0.0,3,realized-history,15,0.0,0.0,0.1.0b1,042c345cfe16,1.1.0a5,0.6734967606895846,0.05443073779549555,136159.6406217922,119426.24546150953,-0.12289541220781182,True,0.05,0.008919222475784232,False,0.010641725255064653
3,0.02,2,within-plan,15,0.0,0.0,0.1.0b1,042c345cfe16,1.1.0a5,0.43417807440376605,0.09954539371291267,140049.24935338067,122058.09639793464,-0.12846304452549884,True,0.05,0.06577123988398406,True,0.08306144028023871
3,0.02,2,realized-history,15,0.0,0.0,0.1.0b1,042c345cfe16,1.1.0a5,0.45631257245244616,0.05577282594434417,140049.24935338067,127899.83063134749,-0.08675104492261175,True,0.05,0.024057842017524898,False,0.029866234186587685
3,0.02,3,within-plan,15,0.0,0.0,0.1.0b1,042c345cfe16,1.1.0a5,0.37094061976659415,0.09637756030196462,139063.79776878434,123127.59840736557,-0.11459631922260048,True,0.05,0.07166737755460004,True,0.09647511070605608
3,0.02,3,realized-history,15,0.0,0.0,0.1.0b1,042c345cfe16,1.1.0a5,0.38097993149028053,0.051047717060592156,139063.79776878434,128897.45394986094,-0.07310561038917233,True,0.05,0.024406945816743054,False,0.03126818947419276
3,0.04,2,within-plan,15,0.0,0.0,0.1.0b1,042c345cfe16,1.1.0a5,0.26620213895883316,0.10630037065899299,135226.93982137268,123142.2328371378,-0.08936612039138146,True,0.05,0.10060568671264195,True,0.09346813858796625
3,0.04,2,realized-history,15,0.0,0.0,0.1.0b1,042c345cfe16,1.1.0a5,0.1529407121497708,0.01058434307551059,135226.93982137268,133296.01244384528,-0.014279161978212725,False,0.05,0.0003713103363787935,False,0.00041729132030904835
3,0.04,3,within-plan,15,0.0,0.0,0.1.0b1,042c345cfe16,1.1.0a5,0.2469186788721783,0.11319190940709463,135620.55194285896,123464.81379191222,-0.08963050199108699,True,0.05,0.11778401022942002,True,0.11408642772322422
3,0.04,3,realized-history,15,0.0,0.0,0.1.0b1,042c345cfe16,1.1.0a5,0.13109162018384382,0.008746182248333765,135620.55194285896,133848.43730859435,-0.013066711563091523,False,0.05,6.6640770996941066e-06,False,6.975422812651281e-06
3,0.06,2,within-plan,15,0.0,0.0,0.1.0b1,042c345cfe16,1.1.0a5,0.4376281145007353,0.1260120708621352,135226.93982137268,121024.69153762325,-0.10502528787910026,True,0.05,0.10475288006913533,True,0.09732295927801393
3,0.06,2,realized-history,15,0.0,0.0,0.1.0b1,042c345cfe16,1.1.0a5,0.1533476270641819,0.010224005913859783,135226.93982137268,133234.76806225698,-0.014732062721727309,False,0.05,6.294282949338051e-07,False,6.546738793148147e-07
3,0.06,3,within-plan,15,0.0,0.0,0.1.0b1,042c345cfe16,1.1.0a5,0.4376281145007351,0.13178135700906865,135646.43706032427,121024.69153762328,-0.10779306732692473,True,0.05,0.11075641453745426,True,0.10448763158556594
3,0.06,3,realized-history,15,0.0,0.0,0.1.0b1,042c345cfe16,1.1.0a5,0.13881818466958665,0.009255221348896397,135646.43706032427,133777.06292931986,-0.013781225452851894,False,0.05,5.326689735917192e-07,False,5.466755862428727e-07
4,0.0,2,within-plan,15,0.0,0.0,0.1.0b1,042c345cfe16,1.1.0a5,0.7547698211433564,0.12162650172638076,178135.21585057746,155806.77435340668,-0.12534546518808617,True,0.05,0.07616388276692275,True,0.08461399559020076
4,0.0,2,realized-history,15,0.0,0.0,0.1.0b1,042c345cfe16,1.1.0a5,0.75134504057793,0.13789340978968606,178135.21585057746,158821.95650263445,-0.10841909756992275,True,0.05,0.09155967138492888,True,0.10262669970390305
4,0.0,3,within-plan,15,0.0,0.0,0.1.0b1,042c345cfe16,1.1.0a5,0.7548961610297704,0.12163771680457074,178135.2158505774,155801.2065899285,-0.1253767210150238,True,0.05,0.07616388282476959,True,0.08461399566350898
4,0.0,3,realized-history,15,0.0,0.0,0.1.0b1,042c345cfe16,1.1.0a5,0.7531209496233487,0.1394734151255909,178135.2158505774,159026.2617480489,-0.10727218653136714,True,0.05,0.09366180981018218,True,0.1054763413982475
4,0.02,2,within-plan,15,0.0,0.0,0.1.0b1,042c345cfe16,1.1.0a5,0.09280827766268397,0.023026611679491472,170321.7462731566,166446.52578532096,-0.022752352959208667,False,0.05,0.019502440522047054,False,0.02191801121369867
4,0.02,2,realized-history,15,0.0,0.0,0.1.0b1,042c345cfe16,1.1.0a5,0.07445377126717426,0.019528462716479397,170321.7462731566,166713.5203527464,-0.02118476353937481,False,0.05,0.013915728098827084,False,0.015314004135789521
4,0.02,3,within-plan,15,0.0,0.0,0.1.0b1,042c345cfe16,1.1.0a5,0.1413560392671282,0.021721921509928074,170000.61202184687,166658.54977756264,-0.019659118896905727,False,0.05,0.02321708093439768,False,0.027303123210413713
4,0.02,3,realized-history,15,0.21428571428571427,0.0,0.1.0b1,042c345cfe16,1.1.0a5,0.031684219353586056,0.012865740360598657,170000.61202184687,167633.75176090846,-0.013922657293929296,False,0.05,0.010926654475086759,False,0.012169061817478209
4,0.04,2,within-plan,15,0.0,0.0,0.1.0b1,042c345cfe16,1.1.0a5,0.050956461284652976,0.008451080319165126,164179.88853533723,164205.5169119047,0.0001560993663481396,False,0.05,0.010734092961285718,False,0.011706264738887794
4,0.04,2,realized-history,15,0.0,0.0,0.1.0b1,042c345cfe16,1.1.0a5,5.955600247198171e-07,2.017987363163372e-07,164179.88853533723,164179.88986260566,8.084232739299013e-09,False,0.05,2.1951764420069543e-07,False,2.1579866236102427e-07
4,0.04,3,within-plan,15,0.0,0.0,0.1.0b1,042c345cfe16,1.1.0a5,0.09168375247775999,0.015409079190736317,164049.83393922268,164258.28604363985,0.0012706633064584396,False,0.05,0.019198081562994233,False,0.021390120035506263
4,0.04,3,realized-history,15,0.0,0.07142857142857142,0.1.0b1,042c345cfe16,1.1.0a5,0.003163638555503051,0.0008881221012152912,164049.83393922268,164200.49911325914,0.0009184110121823101,False,0.05,0.0007346869790974831,False,0.0007613042703367051
4,0.06,2,within-plan,15,0.0,0.0,0.1.0b1,042c345cfe16,1.1.0a5,0.06461241597902609,0.011126534898296321,162123.75999892267,161354.25659876005,-0.004746394977316912,False,0.05,0.00894495333003614,False,0.009720044432474812
4,0.06,2,realized-history,15,0.0,0.0,0.1.0b1,042c345cfe16,1.1.0a5,0.047233076127262866,0.0031491874554080775,162123.75999892267,161532.49640284796,-0.0036469891648123805,False,0.05,2.0101986056101486e-07,False,2.022581646124828e-07
4,0.06,3,within-plan,15,0.0,0.0,0.1.0b1,042c345cfe16,1.1.0a5,0.07669931125871828,0.016246578742902928,162111.66822788134,161354.25659876008,-0.004672159859934066,False,0.05,0.014491270884322085,False,0.01607653828298329
4,0.06,3,realized-history,15,0.0,0.0,0.1.0b1,042c345cfe16,1.1.0a5,0.02697766792935953,0.0017988773068218183,162111.66822788134,161773.95777880927,-0.0020831964334445383,False,0.05,2.7963438850589086e-07,False,2.869359028965798e-07
5,0.0,2,within-plan,15,0.0,0.0,0.1.0b1,042c345cfe16,1.1.0a5,0.7771315584859355,0.14168582941396718,136648.22296369792,115495.6396678247,-0.15479589003870642,True,0.05,0.10030891333430916,True,0.1125723377707766
5,0.0,2,realized-history,15,0.0,0.0,0.1.0b1,042c345cfe16,1.1.0a5,0.77126361703598,0.13615734199911125,136648.22296369792,118071.5742995869,-0.13594504385941494,True,0.05,0.08396675006478199,True,0.106070628272939
5,0.0,3,within-plan,15,0.0,0.0,0.1.0b1,042c345cfe16,1.1.0a5,0.7781632621201214,0.153254772067063,137026.02701065966,115543.0363614859,-0.15678036587532776,True,0.05,0.11737347308499484,True,0.13294276029844315
5,0.0,3,realized-history,15,0.0,0.0,0.1.0b1,042c345cfe16,1.1.0a5,0.7743628498849288,0.14008964004862695,137026.02701065966,118445.93970169126,-0.13559531509676628,True,0.05,0.08986615243581308,True,0.11226656717007517
5,0.02,2,within-plan,15,0.0,0.0,0.1.0b1,042c345cfe16,1.1.0a5,0.5905603613352463,0.08283598017014948,143031.4014597392,124437.51354376688,-0.12999864174026265,True,0.05,0.04855828935176866,False,0.06050728237283133
5,0.02,2,realized-history,15,0.0,0.0,0.1.0b1,042c345cfe16,1.1.0a5,0.5730591322060328,0.045811805384259136,143031.4014597392,130810.33614429216,-0.08544323267983253,False,0.05,0.007657337661272698,False,0.009376906639401347
5,0.02,3,within-plan,15,0.0,0.0,0.1.0b1,042c345cfe16,1.1.0a5,0.5928343551257294,0.08700493003530967,143425.19849203504,124387.49427255675,-0.1327361190337521,True,0.05,0.05719915634716627,True,0.07791657312889122
5,0.02,3,realized-history,15,0.0,0.0,0.1.0b1,042c345cfe16,1.1.0a5,0.577462604601517,0.047153176599867244,143425.19849203504,131235.81647783815,-0.08498772978775981,False,0.05,0.00873106088966075,False,0.010968428872024776
5,0.04,2,within-plan,15,0.0,0.0,0.1.0b1,042c345cfe16,1.1.0a5,0.1769816851316419,0.07071711827459162,132750.09321575004,123095.1615850313,-0.0727301307052735,True,0.05,0.06200371426589113,True,0.07747849932392284
5,0.04,2,realized-history,15,0.0,0.07142857142857142,0.1.0b1,042c345cfe16,1.1.0a5,0.020900216882845046,0.011350618599201081,132750.09321575004,130983.72981649861,-0.013305929634118354,False,0.05,0.010293409041484894,False,0.012555592035696679
5,0.04,3,within-plan,15,0.0,0.0,0.1.0b1,042c345cfe16,1.1.0a5,0.2822232515159447,0.08016839881193853,133804.37604087213,123095.1615850313,-0.0800363543608587,True,0.05,0.0700716609319075,True,0.09453075653775653
5,0.04,3,realized-history,15,0.0,0.0,0.1.0b1,042c345cfe16,1.1.0a5,0.12549079288903578,0.014530825388559631,133804.37604087213,131406.23739097628,-0.017922722117573387,False,0.05,0.0062162885943642405,False,0.007751627446360683
5,0.06,2,within-plan,15,0.0,0.0,0.1.0b1,042c345cfe16,1.1.0a5,0.2896320294692277,0.09928427042620357,132447.6773655206,121005.9877115501,-0.0863864877176702,True,0.05,0.08473381179446114,True,0.08005604292699908
5,0.06,2,realized-history,15,0.0,0.0,0.1.0b1,042c345cfe16,1.1.0a5,4.0423786417951915e-06,1.5887930061846337e-06,132447.6773655206,132447.47020926973,-1.5640610313822543e-06,False,0.05,1.196325296900178e-06,False,1.2909894294055887e-06
5,0.06,3,within-plan,15,0.0,0.0,0.1.0b1,042c345cfe16,1.1.0a5,0.30161954249614475,0.1089388927388744,132920.39862223767,121005.98771155013,-0.08963568447118885,True,0.05,0.0992626164435547,True,0.10264427789744415
5,0.06,3,realized-history,15,0.0,0.0,0.1.0b1,042c345cfe16,1.1.0a5,3.1001191973140894e-06,1.2958709944757839e-06,132920.39862223767,132920.24477510853,-1.1574380662189709e-06,False,0.05,1.038333765571103e-06,False,1.1127013853228386e-06
6,0.0,2,within-plan,15,0.0,0.0,0.1.0b1,042c345cfe16,1.1.0a5,0.7361769507136863,0.13066687417800713,172240.1255466061,148973.2648468232,-0.13508385822377475,True,0.05,0.10341641634358482,True,0.11072461048986135
6,0.0,2,realized-history,15,0.0,0.0,0.1.0b1,042c345cfe16,1.1.0a5,0.7210162505172052,0.10985687943293325,172240.1255466061,153455.73244054592,-0.10905933240844834,True,0.05,0.05673540690270447,True,0.06635690043012593
6,0.0,3,within-plan,15,0.0,0.0,0.1.0b1,042c345cfe16,1.1.0a5,0.6977255957239176,0.1166725682526791,172236.91783535123,148913.16458224892,-0.13541668967508172,True,0.05,0.10089737637014513,True,0.10557296592131396
6,0.0,3,realized-history,15,0.0,0.0,0.1.0b1,042c345cfe16,1.1.0a5,0.6864718656004617,0.06798643626765298,172236.91783535123,151868.24336956517,-0.11825963168510341,True,0.05,0.02141629967455827,False,0.022947997347702517
6,0.02,2,within-plan,15,0.0,0.0,0.1.0b1,042c345cfe16,1.1.0a5,0.5406018359592709,0.04719540999642023,169890.53949797337,155699.9471881665,-0.08352785476895937,False,0.05,0.01629954386428415,False,0.019088185219074356
6,0.02,2,realized-history,15,0.0,0.0,0.1.0b1,042c345cfe16,1.1.0a5,0.5296293825078151,0.03692401260402037,169890.53949797337,156402.5713760508,-0.07939210836447708,False,0.05,0.001555170869746564,False,0.0017760782083448736
6,0.02,3,within-plan,15,0.0,0.0,0.1.0b1,042c345cfe16,1.1.0a5,0.5575638777759284,0.060579359829619164,170744.67504694939,156201.0058241472,-0.08517787871746593,True,0.05,0.03110339894086079,False,0.037834856639966274
6,0.02,3,realized-history,15,0.0,0.0,0.1.0b1,042c345cfe16,1.1.0a5,0.5437066241565133,0.037049978660037786,170744.67504694939,156814.5051633664,-0.08158479835317041,False,0.05,0.000762387124925121,False,0.0008881828507089878
6,0.04,2,within-plan,15,0.0,0.0,0.1.0b1,042c345cfe16,1.1.0a5,0.3356056283899656,0.03388508074804469,161558.09687114297,155144.7462444614,-0.039696869119452444,False,0.05,0.01674029529115212,False,0.01952606902962881
6,0.04,2,realized-history,15,0.0,0.0,0.1.0b1,042c345cfe16,1.1.0a5,0.32865774654446833,0.021930064973786276,161558.09687114297,155911.47634161165,-0.034951021576065056,False,0.05,1.8997628526951013e-05,False,2.1617065652692264e-05
6,0.04,3,within-plan,15,0.0,0.0,0.1.0b1,042c345cfe16,1.1.0a5,0.3872687762015516,0.047191453086331395,162945.30240836163,155144.7462444614,-0.04787223717779268,False,0.05,0.030259723201118544,False,0.036719866585558064
6,0.04,3,realized-history,15,0.0,0.0,0.1.0b1,042c345cfe16,1.1.0a5,0.3730831080754829,0.025235539711645723,162945.30240836163,156054.15076040145,-0.042291195549105695,False,0.05,0.0003498913888251456,False,0.0004063785096924967
6,0.06,2,within-plan,15,0.0,0.0,0.1.0b1,042c345cfe16,1.1.0a5,0.3411407370165006,0.035628461360428076,161515.87504974913,154441.19644045737,-0.04380175389640592,False,0.05,0.016793839992373202,False,0.019569215355690284
6,0.06,2,realized-history,15,0.0,0.0,0.1.0b1,042c345cfe16,1.1.0a5,0.3268667636649514,0.021792303635956783,161515.87504974913,155911.45415809844,-0.03469888572825706,False,0.05,7.755036207767977e-07,False,8.437150122867459e-07
6,0.06,3,within-plan,15,0.0,0.0,0.1.0b1,042c345cfe16,1.1.0a5,0.3660165007292979,0.04438665765226387,162186.2110015141,154441.19644045737,-0.04775384117571152,False,0.05,0.028890627671937154,False,0.03515969202948775
6,0.06,3,realized-history,15,0.0,0.0,0.1.0b1,042c345cfe16,1.1.0a5,0.3441442646399504,0.02294393765008066,162186.2110015141,156054.09426124205,-0.03780911276245805,False,0.05,7.186651892956917e-07,False,7.682280984542501e-07
7,0.0,2,within-plan,15,0.0,0.0,0.1.0b1,042c345cfe16,1.1.0a5,0.7112552884824157,0.13499016864625427,158676.73812452302,129424.03669204112,-0.18435406335064425,True,0.05,0.11549306395238146,True,0.10539624024420059
7,0.0,2,realized-history,15,0.0,0.0,0.1.0b1,042c345cfe16,1.1.0a5,0.6364856425351801,0.10078631061984014,158676.73812452302,137591.0455053218,-0.13288458578379675,True,0.05,0.08406135482601282,True,0.08053695046740214
7,0.0,3,within-plan,15,0.0,0.0,0.1.0b1,042c345cfe16,1.1.0a5,0.6828990485055232,0.14364180775821886,158775.23760370733,129538.91628972832,-0.184136530073732,True,0.05,0.13146119298620795,True,0.1240152891800935
7,0.0,3,realized-history,15,0.0,0.0,0.1.0b1,042c345cfe16,1.1.0a5,0.6709328379181941,0.08552063675361422,158775.23760370733,137014.2148008784,-0.13705552031446508,True,0.05,0.0586660600601601,True,0.052539428118827454
7,0.02,2,within-plan,15,0.0,0.0,0.1.0b1,042c345cfe16,1.1.0a5,0.501264252941573,0.12794493165240708,172356.82096674122,143938.64890730742,-0.16487988058747904,True,0.05,0.05224667399054347,True,0.053159850399599015
7,0.02,2,realized-history,15,0.0,0.0,0.1.0b1,042c345cfe16,1.1.0a5,0.45803755565086335,0.09076871451798778,172356.82096674122,150659.42659346544,-0.12588648509282152,True,0.05,0.019076156223159696,False,0.01939401353674966
7,0.02,3,within-plan,15,0.0,0.0,0.1.0b1,042c345cfe16,1.1.0a5,0.5459707233696712,0.12804566785142,172794.0254112584,143929.52851555822,-0.16704568822331228,True,0.05,0.05451573856567539,True,0.05630690325989698
7,0.02,3,realized-history,15,0.0,0.0,0.1.0b1,042c345cfe16,1.1.0a5,0.5091670568738331,0.09251298385544778,172794.0254112584,150404.2112561994,-0.1295751638505447,True,0.05,0.0229223308085632,False,0.023496830015514815
7,0.04,2,within-plan,15,0.0,0.0,0.1.0b1,042c345cfe16,1.1.0a5,0.40240558874904464,0.16090765227006545,172350.04452902154,141072.6059490396,-0.18147624310427854,True,0.05,0.10071189575146729,True,0.10200177382335031
7,0.04,2,realized-history,15,0.0,0.0,0.1.0b1,042c345cfe16,1.1.0a5,0.42470956408984406,0.07329916491312073,172350.04452902154,154225.7379319878,-0.10515986025162788,True,0.05,0.003970913228552362,False,0.004039750378914528
7,0.04,3,within-plan,15,0.0,0.0,0.1.0b1,042c345cfe16,1.1.0a5,0.468179864746514,0.16197616508363838,172540.2280617578,141096.0777581526,-0.18224242924003975,True,0.05,0.10527608998668443,True,0.10712201821863172
7,0.04,3,realized-history,15,0.0,0.0,0.1.0b1,042c345cfe16,1.1.0a5,0.4840509598382659,0.0714702620319281,172540.2280617578,154161.63630983583,-0.10651772029270576,True,0.05,0.004057075015060174,False,0.004160104260355041
7,0.06,2,within-plan,15,0.0,0.0,0.1.0b1,042c345cfe16,1.1.0a5,0.39552092366839636,0.13895461657977382,166028.25937450666,141861.78895840043,-0.14555636797705862,True,0.05,0.091978516937625,True,0.0931452433381744
7,0.06,2,realized-history,15,0.0,0.07142857142857142,0.1.0b1,042c345cfe16,1.1.0a5,0.331626725668865,0.05361124746060693,166028.25937450666,154195.2460975292,-0.07127107952319112,True,0.05,2.6535046847955386e-06,False,2.676936787722669e-06
7,0.06,3,within-plan,15,0.0,0.0,0.1.0b1,042c345cfe16,1.1.0a5,0.3929465606959884,0.1437628960739295,166294.1236043989,141861.78895840037,-0.14692241743984405,True,0.05,0.10024206285562524,True,0.10199534888658833
7,0.06,3,realized-history,15,0.0,0.0,0.1.0b1,042c345cfe16,1.1.0a5,0.38993869331577863,0.0528692371973207,166294.1236043989,154144.58201350603,-0.07306055877113068,True,0.05,1.0617309829795748e-06,False,1.0735629398699853e-06
8,0.0,2,within-plan,15,0.0,0.0,0.1.0b1,042c345cfe16,1.1.0a5,1.0,0.19732734832419727,191923.74557520484,153953.58668185043,-0.19783981799415173,True,0.05,0.20200818206609134,True,0.19501164589384404
8,0.0,2,realized-history,15,0.0,0.0,0.1.0b1,042c345cfe16,1.1.0a5,0.7708883680142012,0.12656242657321365,191923.74557520484,159452.14864434671,-0.16919009595993015,True,0.05,0.0881866216946343,True,0.0969560216993808
8,0.0,3,within-plan,15,0.0,0.0,0.1.0b1,042c345cfe16,1.1.0a5,1.0,0.21026289146518232,191057.63912270268,151752.8139235942,-0.20572234316088142,True,0.05,0.2290350694362197,True,0.21196801776850818
8,0.0,3,realized-history,15,0.0,0.0,0.1.0b1,042c345cfe16,1.1.0a5,0.7656860221221916,0.17411863801832542,191057.63912270268,156919.9789114298,-0.17867728486558293,True,0.05,0.15837892876801787,True,0.2011052956015225
8,0.02,2,within-plan,15,0.0,0.0,0.1.0b1,042c345cfe16,1.1.0a5,0.38301906848664685,0.08158989655633192,187719.93380817276,169697.66254065803,-0.09600616675015096,True,0.05,0.0170055089316133,False,0.018019861841750574
8,0.02,2,realized-history,15,0.0,0.0,0.1.0b1,042c345cfe16,1.1.0a5,0.3821971895920512,0.0703011326275987,187719.93380817276,169841.0745537633,-0.09524219879961986,True,0.05,0.001959678390719099,False,0.0020246424973309413
8,0.02,3,within-plan,15,0.0,0.0,0.1.0b1,042c345cfe16,1.1.0a5,0.4017870339451129,0.08690793681331083,186987.98187487468,169755.3376178864,-0.09215910073044008,True,0.05,0.027997697357855917,False,0.030470406756794053
8,0.02,3,realized-history,15,0.0,0.0,0.1.0b1,042c345cfe16,1.1.0a5,0.40271688629013813,0.06783759293600303,186987.98187487468,169859.76722371185,-0.0916006177478528,True,0.05,0.0021716438384680728,False,0.0023418594406757996
8,0.04,2,within-plan,15,0.0,0.0,0.1.0b1,042c345cfe16,1.1.0a5,0.352887481882376,0.07756167790825927,186998.2684179013,169318.8308666774,-0.09454332224999072,True,0.05,0.018501841499216787,False,0.019516618527553136
8,0.04,2,realized-history,15,0.0,0.0,0.1.0b1,042c345cfe16,1.1.0a5,0.3690613032830658,0.0675712347481831,186998.2684179013,169760.52136519802,-0.09218131910280898,True,0.05,0.0005409937786217459,False,0.0005606980578584094
8,0.04,3,within-plan,15,0.0,0.0,0.1.0b1,042c345cfe16,1.1.0a5,0.3767078971525113,0.0821379134948912,186759.3621604179,169317.82177781392,-0.09339044736950039,True,0.05,0.02424891832971618,False,0.02648591663518993
8,0.04,3,realized-history,15,0.0,0.0,0.1.0b1,042c345cfe16,1.1.0a5,0.39415988883762887,0.06725141508799441,186759.3621604179,169783.42674047634,-0.09089737308783476,True,0.05,0.0004576302103347995,False,0.00047865257597846185
8,0.06,2,within-plan,15,0.0,0.0,0.1.0b1,042c345cfe16,1.1.0a5,0.3255250528261394,0.07565218841712244,184981.78049577173,168425.07963125978,-0.08950449509210123,True,0.05,0.02174914425113344,False,0.02284116114904374
8,0.06,2,realized-history,15,0.0,0.0,0.1.0b1,042c345cfe16,1.1.0a5,0.33912418334700156,0.06201906653008102,184981.78049577173,169731.8151460103,-0.08244036417473018,True,0.05,1.929540004424875e-06,False,1.9694462977089656e-06
8,0.06,3,within-plan,15,0.0,0.0,0.1.0b1,042c345cfe16,1.1.0a5,0.3479186265512892,0.08002583072623025,184974.63080387516,168425.07963125975,-0.08946930236159012,True,0.05,0.026184746095431827,False,0.02847195694841814
8,0.06,3,realized-history,15,0.0,0.0,0.1.0b1,042c345cfe16,1.1.0a5,0.36304052276468696,0.06240795776500393,184974.63080387516,169747.85281601312,-0.08231819640179025,True,0.05,1.513344668277247e-06,False,1.538788388378453e-06
9,0.0,2,within-plan,15,0.0,0.0,0.1.0b1,042c345cfe16,1.1.0a5,0.6876634373174622,0.09623617423133025,209673.89591876793,175524.10460535128,-0.16287097239156081,True,0.05,0.047359683762821556,False,0.047359683762821556
9,0.0,2,realized-history,15,0.21428571428571427,0.0,0.1.0b1,042c345cfe16,1.1.0a5,0.6594864354051255,0.04450694069650488,209673.89591876793,185813.9885576286,-0.113795316563313,False,0.05,3.89628139702337e-06,False,3.896281397023369e-06
9,0.0,3,within-plan,15,0.0,0.0,0.1.0b1,042c345cfe16,1.1.0a5,0.6876634373174622,0.0962361742313302,209673.89591876796,175524.10460535123,-0.1628709723915612,True,0.05,0.0473596837628215,False,0.0473596837628215
9,0.0,3,realized-history,15,0.21428571428571427,0.0,0.1.0b1,042c345cfe16,1.1.0a5,0.6593233000962866,0.04447254041846958,209673.89591876796,185824.24256902753,-0.113746411994845,False,0.05,3.177811141053941e-06,False,3.177811141053941e-06
9,0.02,2,within-plan,15,0.0,0.0,0.1.0b1,042c345cfe16,1.1.0a5,0.10055648589344854,0.06579567273616165,203520.0990362411,190129.35720482137,-0.06579567273616165,True,0.05,0.06080913714805416,True,0.06080913714805417
9,0.02,2,realized-history,15,1.0,0.0,0.1.0b1,042c345cfe16,1.1.0a5,0.09953564330859876,0.06413263745850961,203520.0990362411,190467.8183092299,-0.06413263745850956,True,0.05,0.05881652188940747,True,0.05881652188940748
9,0.02,3,within-plan,15,0.0,0.0,0.1.0b1,042c345cfe16,1.1.0a5,0.10055648589344779,0.06579567273616141,203520.09903624112,190129.3572048214,-0.06579567273616165,True,0.05,0.060809137148054096,True,0.0608091371480541
9,0.02,3,realized-history,15,1.0,0.0,0.1.0b1,042c345cfe16,1.1.0a5,0.0996569277982368,0.06344595276851966,203520.09903624112,190607.57244534328,-0.0634459527685199,True,0.05,0.057728411826837835,True,0.05772841182683784
9,0.04,2,within-plan,15,0.0,0.0,0.1.0b1,042c345cfe16,1.1.0a5,0.10093639248800233,0.06464327199362847,201169.72375434302,188165.45458480786,-0.06464327199362882,True,0.05,0.05940989291621328,True,0.05940989291621329
9,0.04,2,realized-history,15,1.0,0.0,0.1.0b1,042c345cfe16,1.1.0a5,0.0871095868721176,0.05373616847340749,201169.72375434302,190359.63358693075,-0.053736168473407744,True,0.05,0.04779839190729917,False,0.047798391907299176
9,0.04,3,within-plan,15,0.0,0.0,0.1.0b1,042c345cfe16,1.1.0a5,0.10093639248800171,0.06464327199362828,201169.72375434294,188165.4545848079,-0.06464327199362813,True,0.05,0.059409892916213125,True,0.05940989291621313
9,0.04,3,realized-history,15,1.0,0.0,0.1.0b1,042c345cfe16,1.1.0a5,0.08851669899355324,0.053550259946917936,201169.72375434294,190397.0327538482,-0.053550259946917894,True,0.05,0.04737093542648369,False,0.047370935426483685
9,0.06,2,within-plan,15,0.0,0.0,0.1.0b1,042c345cfe16,1.1.0a5,0.08164082214222727,0.052505156533159555,198492.62787857436,188070.74138113158,-0.0525051565331598,True,0.05,0.04656486188206178,False,0.04656486188206177
9,0.06,2,realized-history,15,1.0,0.0,0.1.0b1,042c345cfe16,1.1.0a5,0.076335085737704,0.04328855386921404,198492.62787857436,189900.1690640108,-0.04328855386921417,False,0.05,0.036950804047824026,False,0.03695080404782402
9,0.06,3,within-plan,15,0.0,0.0,0.1.0b1,042c345cfe16,1.1.0a5,0.08164082214222727,0.05250515653315943,198492.62787857436,188070.7413811316,-0.05250515653315965,True,0.05,0.046564861882061506,False,0.04656486188206149
9,0.06,3,realized-history,15,1.0,0.0,0.1.0b1,042c345cfe16,1.1.0a5,0.07672148081376672,0.04352747609247554,198492.62787857436,189852.7447640571,-0.043527476092475384,False,0.05,0.03681151393796201,False,0.036811513937962
10,0.0,2,within-plan,15,0.0,0.0,0.1.0b1,042c345cfe16,1.1.0a5,0.6864156723088983,0.10103742796299751,210715.58548566405,175856.87885116044,-0.16543012968955356,True,0.05,0.0533693215145319,True,0.0533693215145319
10,0.0,2,realized-history,15,0.35714285714285715,0.0,0.1.0b1,042c345cfe16,1.1.0a5,0.6554975415651857,0.04553207319779009,210715.58548566405,186982.81224453717,-0.1126294155528497,False,0.05,0.00011144213246773673,False,0.0001114421324677367
10,0.0,3,within-plan,15,0.0,0.0,0.1.0b1,042c345cfe16,1.1.0a5,0.6864156723088983,0.10103742796299751,210715.58548566405,175856.87885116044,-0.16543012968955356,True,0.05,0.053369321514532,True,0.05336932151453198
10,0.0,3,realized-history,15,0.35714285714285715,0.0,0.1.0b1,042c345cfe16,1.1.0a5,0.6553498718665428,0.04547088191638973,210715.58548566405,186997.7106938411,-0.11255871148380994,False,0.05,0.00011072382034400298,False,0.00011072382034400295
10,0.02,2,within-plan,15,0.0,0.0,0.1.0b1,042c345cfe16,1.1.0a5,0.1084246516292708,0.07248783297193398,204815.78971740714,189969.13696235698,-0.07248783297193398,True,0.05,0.06701475969736267,True,0.06701475969736267
10,0.02,2,realized-history,15,1.0,0.0,0.1.0b1,042c345cfe16,1.1.0a5,0.10360692960646098,0.06767417426892713,204815.78971740714,190955.05027104344,-0.06767417426892693,True,0.05,0.0620420824337685,True,0.0620420824337685
10,0.02,3,within-plan,15,0.0,0.0,0.1.0b1,042c345cfe16,1.1.0a5,0.10842465162927022,0.07248783297193366,204815.78971740717,189969.13696235704,-0.07248783297193383,True,0.05,0.06701475969736247,True,0.06701475969736245
10,0.02,3,realized-history,15,1.0,0.0,0.1.0b1,042c345cfe16,1.1.0a5,0.10362104425884207,0.06689636708395565,204815.78971740717,191114.35746388123,-0.06689636708395566,True,0.05,0.06104066934882448,True,0.06104066934882448
10,0.04,2,within-plan,15,0.0,0.0,0.1.0b1,042c345cfe16,1.1.0a5,0.10726784926627686,0.07045077792829996,202391.27291564638,188132.65029284018,-0.07045077792830019,True,0.05,0.06545132669840462,True,0.06545132669840463
10,0.04,2,realized-history,15,1.0,0.0,0.1.0b1,042c345cfe16,1.1.0a5,0.09531050592412696,0.05831138953568734,202391.27291564638,190589.55656203846,-0.05831138953568761,True,0.05,0.05194000927064981,True,0.05194000927064981
10,0.04,3,within-plan,15,0.0,0.0,0.1.0b1,042c345cfe16,1.1.0a5,0.10726784926627624,0.07045077792829987,202391.27291564626,188132.6502928402,-0.07045077792829951,True,0.05,0.06545132669840477,True,0.06545132669840475
10,0.04,3,realized-history,15,1.0,0.0,0.1.0b1,042c345cfe16,1.1.0a5,0.09333910447641462,0.05667757878131707,202391.27291564626,190920.22560031872,-0.05667757878131684,True,0.05,0.0501199774416707,True,0.0501199774416707
10,0.06,2,within-plan,15,0.0,0.0,0.1.0b1,042c345cfe16,1.1.0a5,0.08789279445543048,0.05710387255336296,199341.81457714748,187958.62500297796,-0.05710387255336285,True,0.05,0.051426083237851694,True,0.051426083237851694
10,0.06,2,realized-history,15,1.0,0.0,0.1.0b1,042c345cfe16,1.1.0a5,0.08045342702393715,0.04741038601448603,199341.81457714748,189890.94219921686,-0.04741038601448581,False,0.05,0.04115559409079835,False,0.04115559409079835
10,0.06,3,within-plan,15,0.0,0.0,0.1.0b1,042c345cfe16,1.1.0a5,0.087892794455431,0.05710387255336285,199341.81457714757,187958.62500297796,-0.057103872553363265,True,0.05,0.0514260832378514,True,0.05142608323785141
10,0.06,3,realized-history,15,1.0,0.0,0.1.0b1,042c345cfe16,1.1.0a5,0.0820109698735242,0.04722355299450929,199341.81457714757,189928.1858324419,-0.04722355299450977,False,0.05,0.04050066944845406,False,0.04050066944845406
11,0.0,2,within-plan,15,0.0,0.0,0.1.0b1,042c345cfe16,1.1.0a5,0.7402051470478397,0.11901929794572075,193996.0572628514,153231.80632172988,-0.21012927538980208,True,0.05,0.07240896659452659,True,0.07234937559197344
11,0.0,2,realized-history,15,0.0,0.0,0.1.0b1,042c345cfe16,1.1.0a5,0.7197792794316431,0.0575700282478655,193996.0572628514,164643.5645650046,-0.15130458377345352,True,0.05,0.01171335486743603,False,0.011783995255488405
11,0.0,3,within-plan,15,0.0,0.0,0.1.0b1,042c345cfe16,1.1.0a5,0.7380212271896962,0.1416760176641427,193716.7960227499,151113.22903243758,-0.21992706809640303,True,0.05,0.10632099294486246,True,0.10815957229922708
11,0.0,3,realized-history,15,0.0,0.0,0.1.0b1,042c345cfe16,1.1.0a5,0.7182022696899876,0.08244538024824148,193716.7960227499,160797.42727489423,-0.1699355421095735,True,0.05,0.040361238073559236,False,0.04141277151812941
11,0.02,2,within-plan,15,0.0,0.0,0.1.0b1,042c345cfe16,1.1.0a5,0.08719457375784438,0.05556360544147853,185400.1768388597,175098.67456420494,-0.05556360544147869,True,0.05,0.050030682151393044,True,0.05003068215139304
11,0.02,2,realized-history,15,1.0,0.0,0.1.0b1,042c345cfe16,1.1.0a5,0.08330273837250607,0.052269659280555485,185400.1768388597,175709.37276493773,-0.05226965928055578,True,0.05,0.046643184073860255,False,0.046643184073860255
11,0.02,3,within-plan,15,0.0,0.0,0.1.0b1,042c345cfe16,1.1.0a5,0.08719457375784384,0.055563605441478314,185400.17683885968,175098.67456420496,-0.055563605441478384,True,0.05,0.050030682151392905,True,0.05003068215139289
11,0.02,3,realized-history,15,1.0,0.0,0.1.0b1,042c345cfe16,1.1.0a5,0.0833898469391294,0.051896967097241085,185400.17683885968,175778.4699616307,-0.05189696709724108,True,0.05,0.04613790023516039,False,0.04613790023516038
11,0.04,2,within-plan,15,0.0,0.0,0.1.0b1,042c345cfe16,1.1.0a5,0.0917219227571915,0.061716365524013404,183692.831732889,172355.97778552095,-0.06171636552401328,True,0.05,0.05615129525858716,True,0.05615129525858716
11,0.04,2,realized-history,15,1.0,0.0,0.1.0b1,042c345cfe16,1.1.0a5,0.07750214478048098,0.04694290916702796,183692.831732889,175069.7558182179,-0.04694290916702759,False,0.05,0.040664902871042574,False,0.040664902871042574
11,0.04,3,within-plan,15,0.0,0.0,0.1.0b1,042c345cfe16,1.1.0a5,0.0917219227571915,0.06171636552401332,183692.831732889,172355.97778552098,-0.06171636552401312,True,0.05,0.05615129525858711,True,0.05615129525858712
11,0.04,3,realized-history,15,1.0,0.0,0.1.0b1,042c345cfe16,1.1.0a5,0.07710696906153619,0.04647035301145969,183692.831732889,175156.560996587,-0.046470353011459534,False,0.05,0.04024909484226015,False,0.04024909484226016
11,0.06,2,within-plan,15,0.0,0.0,0.1.0b1,042c345cfe16,1.1.0a5,0.08436587102886269,0.055703792423289905,181416.11920390915,171310.55335753583,-0.05570379242328965,True,0.05,0.050080880758935034,True,0.05008088075893502
11,0.06,2,realized-history,15,1.0,0.0,0.1.0b1,042c345cfe16,1.1.0a5,0.0690070689631039,0.03981103383245347,181416.11920390915,174193.75594452996,-0.03981103383245325,False,0.05,0.033397136658447506,False,0.033397136658447506
11,0.06,3,within-plan,15,0.0,0.0,0.1.0b1,042c345cfe16,1.1.0a5,0.0843658710288621,0.055703792423289794,181416.11920390915,171310.55335753583,-0.05570379242328965,True,0.05,0.050080880758935006,True,0.050080880758935006
11,0.06,3,realized-history,15,1.0,0.0,0.1.0b1,042c345cfe16,1.1.0a5,0.06828718898162146,0.0393772979869981,181416.11920390915,174272.4426183721,-0.03937729798699789,False,0.05,0.032875267910676596,False,0.032875267910676596
12,0.0,2,within-plan,15,0.0,0.0,0.1.0b1,042c345cfe16,1.1.0a5,0.7560256909494479,0.11906789275146012,192072.35567257015,150467.07546215065,-0.2166125367949613,True,0.05,0.07302665090946635,True,0.07302665090946636
12,0.0,2,realized-history,15,0.0,0.0,0.1.0b1,042c345cfe16,1.1.0a5,0.7306438486321669,0.04871383187355263,192072.35567257015,162657.322034713,-0.15314558690580954,False,0.05,3.896281396487813e-06,False,3.896281396487814e-06
12,0.0,3,within-plan,15,0.0,0.0,0.1.0b1,042c345cfe16,1.1.0a5,0.7512676867643663,0.13074003213565794,192072.35567257018,148708.46034155047,-0.22576854008571157,True,0.05,0.09283959938348336,True,0.09283959938348336
12,0.0,3,realized-history,15,0.0,0.0,0.1.0b1,042c345cfe16,1.1.0a5,0.7306432724870466,0.04871295335109309,192072.35567257018,162657.48188039172,-0.15314475468985564,False,0.05,3.1778111408271633e-06,False,3.1778111408271625e-06
12,0.02,2,within-plan,15,0.0,0.0,0.1.0b1,042c345cfe16,1.1.0a5,0.08276181090207299,0.0508374930661929,182442.93817884655,173167.99657420354,-0.050837493066193125,True,0.05,0.045000052765693084,False,0.04500005276569308
12,0.02,2,realized-history,15,1.0,0.0,0.1.0b1,042c345cfe16,1.1.0a5,0.0792903542999887,0.048576196322248404,182442.93817884655,173580.55419626305,-0.04857619632224853,False,0.05,0.042451262503589215,False,0.042451262503589215
12,0.02,3,within-plan,15,0.0,0.0,0.1.0b1,042c345cfe16,1.1.0a5,0.08276181090207271,0.050837493066192854,182442.93817884655,173167.99657420354,-0.050837493066193125,True,0.05,0.0450000527656931,False,0.0450000527656931
12,0.02,3,realized-history,15,1.0,0.0,0.1.0b1,042c345cfe16,1.1.0a5,0.07916039522627395,0.04800686685407319,182442.93817884655,173684.42433722873,-0.048006866854073356,False,0.05,0.04172941052123945,False,0.041729410521239456
12,0.04,2,within-plan,15,0.0,0.0,0.1.0b1,042c345cfe16,1.1.0a5,0.08694144638885566,0.055714627151103854,180525.40816783637,170467.50236046454,-0.055714627151103806,True,0.05,0.04961595216732591,False,0.0496159521673259
12,0.04,2,realized-history,15,1.0,0.0,0.1.0b1,042c345cfe16,1.1.0a5,0.06951587920519574,0.04025500276838677,180525.40816783637,173258.3573622759,-0.04025500276838707,False,0.05,0.03377494382988232,False,0.033774943829882324
12,0.04,3,within-plan,15,0.0,0.0,0.1.0b1,042c345cfe16,1.1.0a5,0.0869414463888551,0.055714627151103695,180525.40816783637,170467.50236046454,-0.055714627151103806,True,0.05,0.049615952167325825,False,0.049615952167325825
12,0.04,3,realized-history,15,1.0,0.0,0.1.0b1,042c345cfe16,1.1.0a5,0.0692280238919542,0.03984229376550409,180525.40816783637,173332.86182347586,-0.03984229376550433,False,0.05,0.033195292411134385,False,0.033195292411134385
12,0.06,2,within-plan,15,0.0,0.0,0.1.0b1,042c345cfe16,1.1.0a5,0.07702345798576077,0.04993183371450757,178151.34269915026,169255.91947948,-0.049931833714507726,False,0.05,0.04426856152672602,False,0.04426856152672603
12,0.06,2,realized-history,15,1.0,0.0,0.1.0b1,042c345cfe16,1.1.0a5,0.0631413745540016,0.03531668823721397,178151.34269915026,171859.62727000332,-0.035316688237213935,False,0.05,0.028693476461994365,False,0.02869347646199437
12,0.06,3,within-plan,15,0.0,0.0,0.1.0b1,042c345cfe16,1.1.0a5,0.07702345798576062,0.0499318337145074,178151.34269915026,169255.91947948007,-0.0499318337145074,False,0.05,0.04426856152672582,False,0.044268561526725814
12,0.06,3,realized-history,15,1.0,0.0,0.1.0b1,042c345cfe16,1.1.0a5,0.0633962906421335,0.035343717984235655,178151.34269915026,171854.81188427855,-0.03534371798423582,False,0.05,0.02878715855745633,False,0.028787158557456335
13,0.0,2,within-plan,15,0.0,0.0,0.1.0b1,042c345cfe16,1.1.0a5,0.738209919979447,0.11447015644068499,195982.4530585535,155767.13274594143,-0.20519857612251124,True,0.05,0.06978763453987112,True,0.06978763453987114
13,0.0,2,realized-history,15,0.0,0.0,0.1.0b1,042c345cfe16,1.1.0a5,0.7185724388874691,0.04790907122390652,195982.4530585535,167474.2691087639,-0.14546294071169855,False,0.05,3.896281396905994e-06,False,3.896281396905995e-06
13,0.0,3,within-plan,15,0.0,0.0,0.1.0b1,042c345cfe16,1.1.0a5,0.7395190006067974,0.13833615197873605,195982.4530585535,151732.85464382876,-0.22578347053092726,True,0.05,0.10612946704514666,True,0.10612946704514664
13,0.0,3,realized-history,15,0.0,0.0,0.1.0b1,042c345cfe16,1.1.0a5,0.7185718369219481,0.047908190980086716,195982.4530585535,167474.43368812546,-0.14546210094589815,False,0.05,3.177811141111506e-06,False,3.177811141111506e-06
13,0.02,2,within-plan,15,0.0,0.0,0.1.0b1,042c345cfe16,1.1.0a5,0.08579084411652611,0.054185772780718934,186615.28002986542,176503.38686875693,-0.054185772780718726,True,0.05,0.0484743079357295,False,0.0484743079357295
13,0.02,2,realized-history,15,1.0,0.0,0.1.0b1,042c345cfe16,1.1.0a5,0.0811112139564463,0.049799003738948515,186615.28002986542,177322.02500191325,-0.04979900373894838,False,0.05,0.043494315155325106,False,0.04349431515532511
13,0.02,3,within-plan,15,0.0,0.0,0.1.0b1,042c345cfe16,1.1.0a5,0.08579084411652625,0.0541857727807188,186615.28002986545,176503.38686875696,-0.05418577278071872,True,0.05,0.0484743079357293,False,0.04847430793572931
13,0.02,3,realized-history,15,1.0,0.0,0.1.0b1,042c345cfe16,1.1.0a5,0.08059324024931792,0.04913862380979997,186615.28002986545,177445.2619873174,-0.049138623809799976,False,0.05,0.04285175555215208,False,0.04285175555215208
13,0.04,2,within-plan,15,0.0,0.0,0.1.0b1,042c345cfe16,1.1.0a5,0.08671870055540762,0.05510491298599618,184351.3139693789,174192.6508542422,-0.05510491298599627,True,0.05,0.04896733403320604,False,0.04896733403320605
13,0.04,2,realized-history,15,1.0,0.0,0.1.0b1,042c345cfe16,1.1.0a5,0.07169335341820375,0.04173040875519077,184351.3139693789,176658.25828288018,-0.041730408755190976,False,0.05,0.03543636675677498,False,0.03543636675677498
13,0.04,3,within-plan,15,0.0,0.0,0.1.0b1,042c345cfe16,1.1.0a5,0.08671870055540708,0.055104912985996055,184351.3139693789,174192.6508542422,-0.05510491298599627,True,0.05,0.048967334033206,False,0.048967334033206
13,0.04,3,realized-history,15,1.0,0.0,0.1.0b1,042c345cfe16,1.1.0a5,0.0711492001910611,0.041120493505821525,184351.3139693789,176770.69696051138,-0.04112049350582162,False,0.05,0.034616362782895246,False,0.03461636278289524
13,0.06,2,within-plan,15,0.0,0.0,0.1.0b1,042c345cfe16,1.1.0a5,0.07801209093952059,0.05053797548944161,182286.25142375182,173073.87331723608,-0.050537975489441486,True,0.05,0.04498756495579391,False,0.04498756495579391
13,0.06,2,realized-history,15,1.0,0.0,0.1.0b1,042c345cfe16,1.1.0a5,0.06646221491037958,0.03723845555414107,182286.25142375182,175498.19295197743,-0.03723845555414121,False,0.05,0.030664933953373337,False,0.030664933953373334
13,0.06,3,within-plan,15,0.0,0.0,0.1.0b1,042c345cfe16,1.1.0a5,0.07801209093952059,0.050537975489441465,182286.25142375182,173073.8733172361,-0.05053797548944133,True,0.05,0.0449875649557937,False,0.044987564955793695
13,0.06,3,realized-history,15,1.0,0.0,0.1.0b1,042c345cfe16,1.1.0a5,0.06567465506773205,0.03648745732428108,182286.25142375182,175635.08960412454,-0.03648745732428086,False,0.05,0.02986485032098659,False,0.02986485032098659
14,0.0,2,within-plan,15,0.0,0.0,0.1.0b1,042c345cfe16,1.1.0a5,0.7624714813043723,0.10519429143575712,193774.5063819916,153046.7307465115,-0.21018128956134527,True,0.05,0.05490240627108252,True,0.05490240627108252
14,0.0,2,realized-history,15,0.0,0.0,0.1.0b1,042c345cfe16,1.1.0a5,0.7403572140175944,0.0493613895659146,193774.5063819916,162822.07687263444,-0.15973427096926784,False,0.05,3.8962813967488594e-06,False,3.89628139674886e-06
14,0.0,3,within-plan,15,0.0,0.0,0.1.0b1,042c345cfe16,1.1.0a5,0.7601068296248255,0.11594225894977216,193774.5063819916,151369.90565131692,-0.21883477616545513,True,0.05,0.0726907282191699,True,0.07269072821916989
14,0.0,3,realized-history,15,0.0,0.0,0.1.0b1,042c345cfe16,1.1.0a5,0.7403566586490856,0.049360512428563104,193774.5063819916,162822.23688021998,-0.15973344522810856,False,0.05,3.1778111416091124e-06,False,3.177811141609112e-06
14,0.02,2,within-plan,15,0.0,0.0,0.1.0b1,042c345cfe16,1.1.0a5,0.08210747150891867,0.05088948845795944,183814.7994161186,174460.55830282994,-0.050889488457959174,True,0.05,0.04497210199885715,False,0.04497210199885715
14,0.02,2,realized-history,15,1.0,0.0,0.1.0b1,042c345cfe16,1.1.0a5,0.07913806770324762,0.047976165304165756,183814.7994161186,174996.07021397888,-0.04797616530416542,False,0.05,0.041595784611329525,False,0.041595784611329525
14,0.02,3,within-plan,15,0.0,0.0,0.1.0b1,042c345cfe16,1.1.0a5,0.08210747150891841,0.050889488457959375,183814.79941611862,174460.55830282997,-0.05088948845795917,True,0.05,0.04497210199885715,False,0.04497210199885715
14,0.02,3,realized-history,15,1.0,0.0,0.1.0b1,042c345cfe16,1.1.0a5,0.07938163503945869,0.04723534640188688,183814.79941611862,175132.24369190494,-0.04723534640188671,False,0.05,0.04075596213078263,False,0.040755962130782634
14,0.04,2,within-plan,15,0.0,0.0,0.1.0b1,042c345cfe16,1.1.0a5,0.08551579826854398,0.056013558833658286,181951.31564295987,171759.57491933138,-0.05601355883365845,True,0.05,0.050887363510017734,True,0.05088736351001774
14,0.04,2,realized-history,15,1.0,0.0,0.1.0b1,042c345cfe16,1.1.0a5,0.0719719838871943,0.041859856826716633,181951.31564295987,174334.8596207128,-0.04185985682671682,False,0.05,0.03521902312027597,False,0.03521902312027598
14,0.04,3,within-plan,15,0.0,0.0,0.1.0b1,042c345cfe16,1.1.0a5,0.08551579826854386,0.0560135588336581,181951.31564295987,171759.57491933144,-0.056013558833658134,True,0.05,0.05088736351001756,True,0.050887363510017554
14,0.04,3,realized-history,15,1.0,0.0,0.1.0b1,042c345cfe16,1.1.0a5,0.07235061860477715,0.04130004269918224,181951.31564295987,174436.71853773325,-0.04130004269918222,False,0.05,0.03467805739815111,False,0.0346780573981511
14,0.06,2,within-plan,15,0.0,0.0,0.1.0b1,042c345cfe16,1.1.0a5,0.07672215943869877,0.04988254763888791,179726.77762671135,170761.54807976316,-0.04988254763888762,False,0.05,0.04456248650141019,False,0.04456248650141019
14,0.06,2,realized-history,15,1.0,0.0,0.1.0b1,042c345cfe16,1.1.0a5,0.06460772129160428,0.036369585159305766,179726.77762671135,173190.18928240912,-0.036369585159305454,False,0.05,0.030089199320466425,False,0.030089199320466425
14,0.06,3,within-plan,15,0.0,0.0,0.1.0b1,042c345cfe16,1.1.0a5,0.07672215943869863,0.0498825476388878,179726.77762671138,170761.5480797632,-0.04988254763888761,False,0.05,0.04456248650141008,False,0.04456248650141007
14,0.06,3,realized-history,15,1.0,0.0,0.1.0b1,042c345cfe16,1.1.0a5,0.06466745143024633,0.036228445424278714,179726.77762671138,173215.5558721806,-0.036228445424278735,False,0.05,0.02960425163079485,False,0.02960425163079484
15,0.0,2,within-plan,15,0.0,0.0,0.1.0b1,042c345cfe16,1.1.0a5,0.7742673275007351,0.1180667746205723,191349.36597076352,147920.1740702735,-0.22696282101674495,True,0.05,0.0719070983125258,True,0.0719070983125258
15,0.0,2,realized-history,15,0.0,0.0,0.1.0b1,042c345cfe16,1.1.0a5,0.7490310761172548,0.049939647039225564,191349.36597076352,159594.28697405447,-0.1659534058846108,False,0.05,3.896281396913156e-06,False,3.896281396913156e-06
15,0.0,3,within-plan,15,0.0,0.0,0.1.0b1,042c345cfe16,1.1.0a5,0.7667222774829497,0.13145778053988347,191349.3659707635,146022.62338591102,-0.23687950234325836,True,0.05,0.09727701206014253,True,0.09727701206014253
15,0.0,3,realized-history,15,0.0,0.0,0.1.0b1,042c345cfe16,1.1.0a5,0.7490305393018891,0.049938771138749234,191349.3659707635,159594.44380964484,-0.1659525862550834,False,0.05,3.177811140906956e-06,False,3.177811140906956e-06
15,0.02,2,within-plan,15,0.0,0.0,0.1.0b1,042c345cfe16,1.1.0a5,0.08020849881038099,0.04802321685464238,180972.52582546716,172281.6429730184,-0.04802321685464229,False,0.05,0.042476667468482686,False,0.042476667468482686
15,0.02,2,realized-history,15,1.0,0.0,0.1.0b1,042c345cfe16,1.1.0a5,0.07899118282383966,0.045943282360093936,180972.52582546716,172658.05397204836,-0.04594328236009377,False,0.05,0.040119490778930046,False,0.040119490778930046
15,0.02,3,within-plan,15,0.0,0.0,0.1.0b1,042c345cfe16,1.1.0a5,0.08020849881038072,0.048023216854642156,180972.52582546716,172281.64297301846,-0.04802321685464197,False,0.05,0.04247666746848246,False,0.04247666746848246
15,0.02,3,realized-history,15,1.0,0.0,0.1.0b1,042c345cfe16,1.1.0a5,0.07985851283691014,0.04567704968183392,180972.52582546716,172706.23477229034,-0.04567704968183388,False,0.05,0.039588990589487325,False,0.03958899058948732
15,0.04,2,within-plan,15,0.0,0.0,0.1.0b1,042c345cfe16,1.1.0a5,0.08297236895002122,0.05253379207788632,179197.42957519248,169783.5090689977,-0.052533792077886034,True,0.05,0.04740884854282331,False,0.04740884854282331
15,0.04,2,realized-history,15,1.0,0.0,0.1.0b1,042c345cfe16,1.1.0a5,0.06999032294922425,0.03927548856471409,179197.42957519248,172159.3629790859,-0.03927548856471374,False,0.05,0.033100044454135266,False,0.03310004445413525
15,0.04,3,within-plan,15,0.0,0.0,0.1.0b1,042c345cfe16,1.1.0a5,0.08297236895002108,0.05253379207788614,179197.42957519248,169783.50906899772,-0.05253379207788587,True,0.05,0.04740884854282318,False,0.04740884854282318
15,0.04,3,realized-history,15,1.0,0.0,0.1.0b1,042c345cfe16,1.1.0a5,0.06986796989425686,0.03887045796634639,179197.42957519248,172231.94342121267,-0.03887045796634627,False,0.05,0.03258378775743687,False,0.03258378775743687
15,0.06,2,within-plan,15,0.0,0.0,0.1.0b1,042c345cfe16,1.1.0a5,0.07451472198718262,0.04769886609569748,176873.91503430548,168437.22984526234,-0.047698866095697665,False,0.05,0.04303153618810079,False,0.043031536188100794
15,0.06,2,realized-history,15,1.0,0.0,0.1.0b1,042c345cfe16,1.1.0a5,0.061109491698538514,0.03461975290514303,176873.91503430548,170750.58380045256,-0.03461975290514305,False,0.05,0.028854038302779904,False,0.028854038302779904
15,0.06,3,within-plan,15,0.0,0.0,0.1.0b1,042c345cfe16,1.1.0a5,0.07451472198718233,0.04769886609569744,176873.91503430542,168437.22984526237,-0.047698866095697186,False,0.05,0.04303153618810087,False,0.04303153618810087
15,0.06,3,realized-history,15,1.0,0.0,0.1.0b1,042c345cfe16,1.1.0a5,0.06134862195037416,0.03411159214510776,176873.91503430542,170840.4641835468,-0.03411159214510744,False,0.05,0.02831596569944564,False,0.02831596569944564
16,0.0,2,within-plan,15,0.0,0.0,0.1.0b1,042c345cfe16,1.1.0a5,0.7489213422662905,0.11552331269462493,193471.14481192172,152722.29716668522,-0.21061976805300606,True,0.05,0.06945231283812262,True,0.06945231283812263
16,0.0,2,realized-history,15,0.0,0.0,0.1.0b1,042c345cfe16,1.1.0a5,0.7260227165905845,0.048405756404114146,193471.14481192172,164423.17283535548,-0.1501411076303111,False,0.05,3.89628139686132e-06,False,3.89628139686132e-06
16,0.0,3,within-plan,15,0.0,0.0,0.1.0b1,042c345cfe16,1.1.0a5,0.7517796048673884,0.12488334591718012,193471.14481192172,151100.2588585719,-0.21900364519236007,True,0.05,0.08472998918357136,True,0.08472998918357136
16,0.0,3,realized-history,15,0.0,0.0,0.1.0b1,042c345cfe16,1.1.0a5,0.7260221305609944,0.04840487722268971,193471.14481192172,164423.33441636106,-0.15014027246181227,False,0.05,3.1778111409823025e-06,False,3.177811140982302e-06
16,0.02,2,within-plan,15,0.0,0.0,0.1.0b1,042c345cfe16,1.1.0a5,0.08599681148062793,0.05368655652789738,183689.46080368035,173827.80618266456,-0.0536865565278975,True,0.05,0.04768580473582363,False,0.04768580473582363
16,0.02,2,realized-history,15,1.0,0.0,0.1.0b1,042c345cfe16,1.1.0a5,0.08091640527996469,0.0499952817926596,183689.46080368035,174505.85444845865,-0.04999528179265965,False,0.05,0.043695801983550095,False,0.0436958019835501
16,0.02,3,within-plan,15,0.0,0.0,0.1.0b1,042c345cfe16,1.1.0a5,0.08599681148062778,0.05368655652789721,183689.46080368033,173827.80618266462,-0.053686556527897035,True,0.05,0.04768580473582344,False,0.047685804735823456
16,0.02,3,realized-history,15,1.0,0.0,0.1.0b1,042c345cfe16,1.1.0a5,0.08126754565834969,0.049775323307133,183689.46080368033,174546.25850406426,-0.04977532330713269,False,0.05,0.043264501235433905,False,0.04326450123543391
16,0.04,2,within-plan,15,0.0,0.0,0.1.0b1,042c345cfe16,1.1.0a5,0.08685346963169854,0.05609946075857792,181506.9421455874,171324.5005672816,-0.05609946075857774,True,0.05,0.05024566041110481,True,0.050245660411104814
16,0.04,2,realized-history,15,1.0,0.0,0.1.0b1,042c345cfe16,1.1.0a5,0.07188441630137149,0.04125841403990962,181506.9421455874,174018.25357542685,-0.041258414039909604,False,0.05,0.034269526269862446,False,0.03426952626986244
16,0.04,3,within-plan,15,0.0,0.0,0.1.0b1,042c345cfe16,1.1.0a5,0.08685346963169827,0.056099460758577815,181506.94214558738,171324.5005672816,-0.056099460758577586,True,0.05,0.050245660411104766,True,0.05024566041110476
16,0.04,3,realized-history,15,1.0,0.0,0.1.0b1,042c345cfe16,1.1.0a5,0.07156700968365513,0.041005232080964876,181506.94214558738,174064.20785860135,-0.04100523208096462,False,0.05,0.03427571922283161,False,0.03427571922283161
16,0.06,2,within-plan,15,0.0,0.0,0.1.0b1,042c345cfe16,1.1.0a5,0.07821541381783818,0.0510541246448273,179213.34743732525,170063.76685924333,-0.05105412464482717,True,0.05,0.0457263481230147,False,0.0457263481230147
16,0.06,2,realized-history,15,1.0,0.0,0.1.0b1,042c345cfe16,1.1.0a5,0.06280097636531363,0.03506288469157481,179213.34743732525,172929.6105009392,-0.03506288469157478,False,0.05,0.028703790426865588,False,0.028703790426865588
16,0.06,3,within-plan,15,0.0,0.0,0.1.0b1,042c345cfe16,1.1.0a5,0.0782154138178379,0.05105412464482719,179213.34743732528,170063.76685924336,-0.051054124644827156,True,0.05,0.04572634812301465,False,0.04572634812301464
16,0.06,3,realized-history,15,1.0,0.0,0.1.0b1,042c345cfe16,1.1.0a5,0.06260294110282845,0.03496950721362525,179213.34743732528,172946.3449913378,-0.0349695072136253,False,0.05,0.028544139465872965,False,0.028544139465872954
17,0.0,2,within-plan,15,0.0,0.0,0.1.0b1,042c345cfe16,1.1.0a5,0.7534837746001207,0.11580063456687407,194634.9097243652,153542.51616539198,-0.21112550475742892,True,0.05,0.06821664945288236,True,0.06821664945288236
17,0.0,2,realized-history,15,0.0,0.0,0.1.0b1,042c345cfe16,1.1.0a5,0.7250053373074098,0.048337931118569065,194634.9097243652,165538.85656677454,-0.14949041360974458,False,0.05,3.896281396667479e-06,False,3.89628139666748e-06
17,0.0,3,within-plan,15,0.0,0.0,0.1.0b1,042c345cfe16,1.1.0a5,0.7534837746001207,0.1158006345668739,194634.90972436513,153542.516165392,-0.21112550475742856,True,0.05,0.0682166494528822,True,0.0682166494528822
17,0.0,3,realized-history,15,0.0,0.0,0.1.0b1,042c345cfe16,1.1.0a5,0.7250047491016747,0.04833705179206862,194634.90972436513,165539.01924417846,-0.14948957780179933,False,0.05,3.177811141247773e-06,False,3.177811141247773e-06
17,0.02,2,within-plan,15,0.0,0.0,0.1.0b1,042c345cfe16,1.1.0a5,0.10039097975856963,0.06371397659314988,185851.00788979218,174009.70112328863,-0.06371397659314997,True,0.05,0.0576486050666824,True,0.057648605066682394
17,0.02,2,realized-history,15,1.0,0.0,0.1.0b1,042c345cfe16,1.1.0a5,0.09613762057354319,0.06001190212495711,185851.00788979218,174697.73539448527,-0.060011902124957495,True,0.05,0.053530091471195654,True,0.05353009147119565
17,0.02,3,within-plan,15,0.0,0.0,0.1.0b1,042c345cfe16,1.1.0a5,0.10039097975856962,0.0637139765931499,185851.00788979215,174009.70112328857,-0.06371397659315013,True,0.05,0.05764860506668238,True,0.05764860506668238
17,0.02,3,realized-history,15,1.0,0.0,0.1.0b1,042c345cfe16,1.1.0a5,0.09586503730996816,0.05955446259879789,185851.00788979215,174782.75099147065,-0.059554462598797805,True,0.05,0.052879937799660284,True,0.052879937799660284
17,0.04,2,within-plan,15,0.0,0.0,0.1.0b1,042c345cfe16,1.1.0a5,0.10378611893645172,0.06947772982076228,183512.8720109961,170762.814270784,-0.06947772982076218,True,0.05,0.06375326922975368,True,0.06375326922975368
17,0.04,2,realized-history,15,1.0,0.0,0.1.0b1,042c345cfe16,1.1.0a5,0.08551785629560045,0.05093719875965241,183512.8720109961,174165.24037441736,-0.05093719875965226,True,0.05,0.04378630192960216,False,0.04378630192960216
17,0.04,3,within-plan,15,0.0,0.0,0.1.0b1,042c345cfe16,1.1.0a5,0.10378611893645116,0.06947772982076214,183512.8720109961,170762.81427078403,-0.06947772982076203,True,0.05,0.0637532692297536,True,0.0637532692297536
17,0.04,3,realized-history,15,1.0,0.0,0.1.0b1,042c345cfe16,1.1.0a5,0.08574855521672319,0.0506452163714307,183512.8720109961,174218.8229010565,-0.05064521637143089,True,0.05,0.043312549045952754,False,0.043312549045952754
17,0.06,2,within-plan,15,0.0,0.0,0.1.0b1,042c345cfe16,1.1.0a5,0.09621222616574422,0.06518194796348016,180913.40122000704,169121.11331578827,-0.06518194796348051,True,0.05,0.05960123897150288,True,0.05960123897150288
17,0.06,2,realized-history,15,1.0,0.0,0.1.0b1,042c345cfe16,1.1.0a5,0.07904664031493383,0.046553201362964744,180913.40122000704,172491.30322375317,-0.04655320136296502,False,0.05,0.03957562498285225,False,0.03957562498285224
17,0.06,3,within-plan,15,0.0,0.0,0.1.0b1,042c345cfe16,1.1.0a5,0.09621222616574393,0.06518194796348006,180913.40122000704,169121.1133157883,-0.06518194796348036,True,0.05,0.05960123897150286,True,0.05960123897150286
17,0.06,3,realized-history,15,1.0,0.0,0.1.0b1,042c345cfe16,1.1.0a5,0.07992257752226198,0.04620906461333361,180913.40122000704,172553.5621736137,-0.04620906461333413,False,0.05,0.03899918964944436,False,0.03899918964944436
18,0.0,2,within-plan,15,0.0,0.0,0.1.0b1,042c345cfe16,1.1.0a5,0.7487765215596285,0.12968712793686676,193196.69793755614,150717.51854151147,-0.21987528694602498,True,0.05,0.09180680779783898,True,0.09180680779783897
18,0.0,2,realized-history,15,0.0,0.0,0.1.0b1,042c345cfe16,1.1.0a5,0.7189299346906532,0.047932904277452164,193196.69793755614,165051.24230743895,-0.1456829020919094,False,0.05,3.896281397044165e-06,False,3.896281397044163e-06
18,0.0,3,within-plan,15,0.0,0.0,0.1.0b1,042c345cfe16,1.1.0a5,0.7400227002142322,0.14361383550462753,192971.399117512,148887.11467244368,-0.22844983581335132,True,0.05,0.1138857130678271,True,0.1124778483345826
18,0.0,3,realized-history,15,0.0,0.0,0.1.0b1,042c345cfe16,1.1.0a5,0.7303406398430825,0.10154116739915862,192971.399117512,155889.5261059734,-0.1921625338320586,True,0.05,0.060833511992105314,True,0.06171209273394073
18,0.02,2,within-plan,15,0.0,0.0,0.1.0b1,042c345cfe16,1.1.0a5,0.09171539334167443,0.059016030518750935,185211.80412748287,174281.3386426625,-0.05901603051875048,True,0.05,0.05355109907431451,True,0.053551099074314504
18,0.02,2,realized-history,15,1.0,0.0,0.1.0b1,042c345cfe16,1.1.0a5,0.08833568381416718,0.056399462168037,185211.80412748287,174765.95798752108,-0.05639946216803671,True,0.05,0.050633712405814865,True,0.05063371240581486
18,0.02,3,within-plan,15,0.0,0.0,0.1.0b1,042c345cfe16,1.1.0a5,0.09171539334167444,0.059016030518750755,185211.80412748287,174281.3386426625,-0.05901603051875048,True,0.05,0.0535510990743143,True,0.053551099074314296
18,0.02,3,realized-history,15,1.0,0.0,0.1.0b1,042c345cfe16,1.1.0a5,0.08888730419562113,0.056148390861007244,185211.80412748287,174812.4593572607,-0.05614839086100698,True,0.05,0.050306166610984526,True,0.05030616661098453
18,0.04,2,within-plan,15,0.0,0.0,0.1.0b1,042c345cfe16,1.1.0a5,0.09600808212894867,0.061369195211528886,182839.4654753809,171618.75462625068,-0.06136919521152867,True,0.05,0.05519507546623872,True,0.055195075466238724
18,0.04,2,realized-history,15,1.0,0.0,0.1.0b1,042c345cfe16,1.1.0a5,0.08016278527550222,0.048246522698479594,182839.4654753809,174018.09705414512,-0.04824652269847917,False,0.05,0.04177132494685399,False,0.041771324946854
18,0.04,3,within-plan,15,0.0,0.0,0.1.0b1,042c345cfe16,1.1.0a5,0.09600808212894854,0.06136919521152885,182839.46547538092,171618.75462625068,-0.06136919521152882,True,0.05,0.05519507546623866,True,0.05519507546623867
18,0.04,3,realized-history,15,1.0,0.0,0.1.0b1,042c345cfe16,1.1.0a5,0.07882963168274794,0.047497045643593694,182839.46547538092,174155.1310382465,-0.04749704564359355,False,0.05,0.04109748098984673,False,0.04109748098984673
18,0.06,2,within-plan,15,0.0,0.0,0.1.0b1,042c345cfe16,1.1.0a5,0.08726434886721801,0.05877146685767691,180767.18678330022,170143.23405630997,-0.058771466857677056,True,0.05,0.053525694175405,True,0.05352569417540499
18,0.06,2,realized-history,15,1.0,0.0,0.1.0b1,042c345cfe16,1.1.0a5,0.075599197374874,0.04522840016758315,180767.18678330022,172591.37612229685,-0.04522840016758327,False,0.05,0.03913911122581443,False,0.03913911122581442
18,0.06,3,within-plan,15,0.0,0.0,0.1.0b1,042c345cfe16,1.1.0a5,0.08726434886721758,0.05877146685767675,180767.18678330025,170143.23405631,-0.05877146685767704,True,0.05,0.05352569417540489,True,0.053525694175404884
18,0.06,3,realized-history,15,1.0,0.0,0.1.0b1,042c345cfe16,1.1.0a5,0.07536189083099758,0.045522447155178766,180767.18678330025,172538.2220755671,-0.04552244715517902,False,0.05,0.03952788877450006,False,0.03952788877450005
