landbase,discount_rate,horizon,calibrated_cap_mcf,converged,iterations,crit_max_slope_rel,crit_max_fluctuation,crit_max_cv,realized_cv,realized_slope_rel,realized_max_fluctuation,projected_cv,fd_version,fd_commit,ws3_version,max_abs_rel_deviation,mean_abs_rel_deviation,total_projected,total_realized,total_rel_change,occurrence,occurrence_tolerance
1,0.0,15,9382.734375,True,11,0.01,0.05,0.05,0.009137170337405662,0.00045835347958940963,0.03672640636196647,1.1192835476494847e-16,0.1.0b1,83c7b16ec5d5,1.1.0a5,0.03662109239509699,0.0028675221118192725,140741.015625,140337.43765413543,-0.0028675220870928784,False,0.05
1,0.02,15,9620.504092773437,True,12,0.01,0.05,0.05,0.009428692590044044,0.0008099755965269102,0.03779886131720665,6.72920116381551e-16,0.1.0b1,83c7b16ec5d5,1.1.0a5,0.03770385047798354,0.0025135900795119222,144307.56139160157,143944.83135064045,-0.002513589984219843,False,0.05
1,0.04,15,9396.771439453125,True,12,0.01,0.05,0.05,0.0035666775121031744,0.00030639685137030424,0.01429852002070936,2.95692220240437e-16,0.1.0b1,83c7b16ec5d5,1.1.0a5,0.014284903097093727,0.0009523269526809528,140951.57159179685,140817.33961688227,-0.0009523269119930463,False,0.05
1,0.06,15,9396.771439453125,True,12,0.01,0.05,0.05,0.00850376665269628,0.0001217532460407618,0.034090908548500706,0.008503766788122652,0.1.0b1,83c7b16ec5d5,1.1.0a5,5.589804074016593e-10,4.549516659143812e-11,140631.95351562498,140631.9535206327,3.560870313268487e-11,False,0.05
2,0.0,15,11728.41796875,True,11,0.01,0.05,0.05,0.00913716944919259,0.0004583534498246152,0.03672640269485816,1.745508248394834e-16,0.1.0b1,83c7b16ec5d5,1.1.0a5,0.036621088708497535,0.0028675219701191643,175926.26953125,175421.79709342806,-0.0028675219406748675,False,0.05
2,0.02,15,12025.6301159668,True,12,0.01,0.05,0.05,0.009428692097392059,0.0008099755611596585,0.03779885934340878,6.309529156071104e-16,0.1.0b1,83c7b16ec5d5,1.1.0a5,0.037703848514056455,0.002513589971708731,180384.45173950202,179931.039211716,-0.00251358985441162,False,0.05
2,0.04,15,11745.964299316409,True,12,0.01,0.05,0.05,0.003566677307037951,0.00030639683593116143,0.01429851916590632,2.1900624067597483e-16,0.1.0b1,83c7b16ec5d5,1.1.0a5,0.014284902244354055,0.0009523268324006456,176189.4644897461,176021.6745364934,-0.0009523268246409429,False,0.05
2,0.06,15,11745.964299316409,True,12,0.01,0.05,0.05,0.008503766438135659,0.00012175324960026899,0.03409090766993136,0.008503766788123012,0.1.0b1,83c7b16ec5d5,1.1.0a5,1.4637629520001207e-09,1.3170145529046345e-10,175789.94189453125,175789.94191407802,1.111939204732196e-10,False,0.05
3,0.0,15,7087.757568359375,True,12,0.01,0.05,0.05,0.011151301542367834,0.0011176165280850556,0.04470466054885614,0.011151301557082561,0.1.0b1,83c7b16ec5d5,1.1.0a5,5.728400917469999e-10,5.728406050234165e-11,106000.44925195312,106000.4492458629,-5.74546989999497e-11,False,0.05
3,0.02,15,7090.91312890625,True,11,0.01,0.05,0.05,0.011593051287458215,0.000663937134536369,0.04647559925822766,0.011593051546937152,0.1.0b1,83c7b16ec5d5,1.1.0a5,1.0953844707931724e-09,8.361435212300054e-11,106035.16041796874,106035.16042650239,8.047944200681005e-11,False,0.05
3,0.04,15,7090.91312890625,True,11,0.01,0.05,0.05,0.011593051284742644,0.0006639371322674039,0.0464755992587213,0.011593051546937152,0.1.0b1,83c7b16ec5d5,1.1.0a5,1.0953844707931724e-09,7.302573399581171e-11,106035.16041796874,106035.16042537615,6.985800780837979e-11,False,0.05
3,0.06,15,7090.91312890625,True,11,0.01,0.05,0.05,0.01159305128474265,0.0006639371322674039,0.0464755992587213,0.011593051546937152,0.1.0b1,83c7b16ec5d5,1.1.0a5,1.0953844707931724e-09,7.302571689421167e-11,106035.16041796874,106035.16042537615,6.985800780837979e-11,False,0.05
4,0.0,15,11461.6259765625,True,12,0.01,0.05,0.05,0.013899263092504804,0.0005470603860862459,0.0471139284549376,0.011713898159021819,0.1.0b1,83c7b16ec5d5,1.1.0a5,0.031013245274456803,0.00325558751482336,171387.8307421875,170828.11584858215,-0.0032657796716460876,False,0.05
4,0.02,15,11460.23022949219,True,11,0.01,0.05,0.05,0.011593051510425159,0.0006639371400776988,0.046475600173322945,0.011593051546937317,0.1.0b1,83c7b16ec5d5,1.1.0a5,4.5829707749230026e-10,6.144731973874387e-11,171372.47752441408,171372.47752439688,-1.0036829745592736e-13,False,0.05
4,0.04,15,11238.990263671876,True,11,0.01,0.05,0.05,0.009440980257201788,0.0005406874525870264,0.03784812162865326,0.009440980656444423,0.1.0b1,83c7b16ec5d5,1.1.0a5,1.6524739287560454e-09,1.1248948436022234e-10,168160.54987417778,168160.54989165688,1.0394287600327235e-10,False,0.05
4,0.06,15,11238.990263671876,True,11,0.01,0.05,0.05,0.009440980257201788,0.0005406874525870264,0.03784812162865326,0.009440980656444423,0.1.0b1,83c7b16ec5d5,1.1.0a5,1.6524739287560454e-09,1.1248948436022234e-10,168160.54987417778,168160.54989165688,1.0394287600327235e-10,False,0.05
5,0.0,15,8756.01562508627,True,12,0.01,0.05,0.05,0.012096136617050253,0.0012123106805258278,0.04849242720060265,0.012096136637364993,0.1.0b1,83c7b16ec5d5,1.1.0a5,2.9027772072252416e-09,4.388901566318374e-10,130917.00216056893,130917.00215014609,-7.961409300653451e-11,False,0.05
5,0.02,15,8743.70535845539,True,11,0.01,0.05,0.05,0.010699875776187969,0.0006127847449991308,0.04289493126023979,0.010699875680226621,0.1.0b1,83c7b16ec5d5,1.1.0a5,8.871650050362915e-10,8.155997137333905e-11,130781.58922762933,130781.58923257224,3.779513066381998e-11,False,0.05
5,0.04,15,8743.70535845539,True,11,0.01,0.05,0.05,0.010699875776187969,0.0006127847449991308,0.04289493126023979,0.010699875680226621,0.1.0b1,83c7b16ec5d5,1.1.0a5,8.871650050362915e-10,8.155997137333905e-11,130781.58922762933,130781.58923257224,3.779513066381998e-11,False,0.05
5,0.06,15,8743.70535845539,True,11,0.01,0.05,0.05,0.010699875776187969,0.0006127847449991308,0.04289493126023979,0.010699875680226621,0.1.0b1,83c7b16ec5d5,1.1.0a5,8.871650050362915e-10,8.155997137333905e-11,130781.58922762933,130781.58923257224,3.779513066381998e-11,False,0.05
6,0.0,15,8860.701207146882,True,12,0.01,0.05,0.05,0.009676606467912486,0.0009698182043143888,0.038792727622636074,0.00967660647755041,0.1.0b1,83c7b16ec5d5,1.1.0a5,5.108471751200369e-10,1.0200593051887764e-10,132567.67399287896,132567.67398791874,-3.7416542683463564e-11,False,0.05
6,0.02,15,8859.005302521466,True,11,0.01,0.05,0.05,0.009486476756286133,0.0005432930522008667,0.038030513375331344,0.009486477121335875,0.1.0b1,83c7b16ec5d5,1.1.0a5,1.526984796259644e-09,1.144084075163494e-10,132549.01904199936,132549.0190566894,1.108272404721444e-10,False,0.05
6,0.04,15,8859.005302521466,True,11,0.01,0.05,0.05,0.009486476754852724,0.0005432930501186117,0.03803051337554283,0.009486477121335877,0.1.0b1,83c7b16ec5d5,1.1.0a5,1.526984796259644e-09,1.0886178329212496e-10,132549.0190419994,132549.01905595232,1.0526618299088053e-10,False,0.05
6,0.06,15,8859.005302521466,True,11,0.01,0.05,0.05,0.009486476754852723,0.0005432930501186115,0.03803051337554282,0.009486477121335874,0.1.0b1,83c7b16ec5d5,1.1.0a5,1.526984796259644e-09,1.0886178329212496e-10,132549.01904199936,132549.01905595235,1.052666221315195e-10,False,0.05
7,0.0,15,6900.643485001955,True,12,0.01,0.05,0.05,0.012146292030740339,0.001217337409787461,0.048693496391499655,0.01214629203074033,0.1.0b1,83c7b16ec5d5,1.1.0a5,1.3179853498440379e-16,5.271941399376151e-17,103174.72307464738,103174.7230746474,1.4104147600026486e-16,False,0.05
7,0.02,15,6894.983260558711,True,11,0.01,0.05,0.05,0.011950200911231106,0.0011976845850965809,0.04790738296100751,0.011950200890125337,0.1.0b1,83c7b16ec5d5,1.1.0a5,6.180274866311675e-10,8.240368247171979e-11,103095.47993244197,103095.47994096453,8.266668907037922e-11,False,0.05
7,0.04,15,6894.983260558711,True,11,0.01,0.05,0.05,0.011950200921783978,0.0011976845850471035,0.04790738295902732,0.011950200890125337,0.1.0b1,83c7b16ec5d5,1.1.0a5,6.180276185378983e-10,1.2360555008892587e-10,103095.47993244197,103095.47994522583,1.2400017475545472e-10,False,0.05
7,0.06,15,6894.983260558711,True,11,0.01,0.05,0.05,0.011950200911231095,0.0011976845850966032,0.04790738296100751,0.011950200890125337,0.1.0b1,83c7b16ec5d5,1.1.0a5,6.180274866311675e-10,8.240370005928393e-11,103095.47993244197,103095.47994096453,8.266668907037922e-11,False,0.05
8,0.0,15,2875.933619899083,True,14,0.01,0.05,0.05,0.012201570660211141,0.001222877622187052,0.04891510378059179,0.012201570627273417,0.1.0b1,83c7b16ec5d5,1.1.0a5,6.435881364945986e-10,1.2871768000613427e-10,42998.784963207174,42998.784968759916,1.291371755147125e-10,False,0.05
8,0.02,15,2875.0000008625,True,12,0.01,0.05,0.05,0.01212401463597352,0.0012151047080525494,0.048604188107122366,0.012124014630854234,0.1.0b1,83c7b16ec5d5,1.1.0a5,3.0000006974612834e-10,2.0000036284340205e-11,42985.714296695,42985.7142975575,2.00647890969031e-11,False,0.05
8,0.04,15,2875.0000008625,True,12,0.01,0.05,0.05,0.012124014620604945,0.0012151046973744386,0.04860418811005011,0.012124014630854234,0.1.0b1,83c7b16ec5d5,1.1.0a5,3.000000698361284e-10,7.9958113319094e-11,42985.714296695,42985.714294968195,-4.0171555802363845e-11,False,0.05
8,0.06,15,2875.0000008625,True,12,0.01,0.05,0.05,0.012124014641740878,0.0012151047082987012,0.04860418810602367,0.012124014630854234,0.1.0b1,83c7b16ec5d5,1.1.0a5,6.00209718525829e-10,8.25319569365262e-11,42985.714296695,42985.71429852919,4.266973130519572e-11,False,0.05
9,0.0,15,9476.851947538402,True,12,0.01,0.05,0.05,2.7144451538843383e-16,3.668188578636785e-17,1.919402575470577e-16,3.2873563325344543e-16,0.1.0b1,83c7b16ec5d5,1.1.0a5,3.8388051509411544e-16,1.279601716980385e-16,142152.77921307605,142152.77921307605,0.0,False,0.05
9,0.02,15,9884.231700325796,True,11,0.01,0.05,0.05,0.004285677304847542,0.0004295232895985539,0.01718093158394165,2.4228598671798337e-16,0.1.0b1,83c7b16ec5d5,1.1.0a5,0.01716127513767275,0.0011440850091782814,148263.47550488688,148093.84948515313,-0.001144085009177889,False,0.05
9,0.04,15,9777.832003872065,True,11,0.01,0.05,0.05,0.0028610322419029195,0.0002867411701553985,0.01146964423210362,2.541680658119366e-16,0.1.0b1,83c7b16ec5d5,1.1.0a5,0.011460882084872092,0.0007640589157005053,146667.48005808092,146555.41746229926,-0.0007640589157002576,False,0.05
9,0.06,15,9812.140186341792,True,11,0.01,0.05,0.05,0.003952917601447873,0.00039617342466492604,0.015846911974646556,8.290513342526456e-17,0.1.0b1,83c7b16ec5d5,1.1.0a5,0.015830201281572028,0.0010553482672098693,147182.10279512685,147026.7746030048,-0.0010553470100794799,False,0.05
10,0.0,15,7254.679650018481,True,12,0.01,0.05,0.05,0.008734979829584369,0.0008847292842968714,0.03464187533706831,0.008741341123265642,0.1.0b1,83c7b16ec5d5,1.1.0a5,0.0004014413553967865,2.676280514241377e-05,108566.55920045245,108563.64686678481,-2.682532898795185e-05,False,0.05
10,0.02,15,7257.954454629293,True,10,0.01,0.05,0.05,0.00905993119371643,0.0006485808400776911,0.036320526919114166,0.009000525639966145,0.1.0b1,83c7b16ec5d5,1.1.0a5,0.00024585643116558606,1.6390455911000078e-05,108608.06103436876,108606.34085282775,-1.5838433396428212e-05,False,0.05
10,0.04,15,7220.167491487548,True,10,0.01,0.05,0.05,0.009955938109417447,0.0004276344187809484,0.03991254575289204,0.009955938070512156,0.1.0b1,83c7b16ec5d5,1.1.0a5,1.6157314044304708e-10,1.0771593082552366e-11,108015.10186043581,108015.10185931568,-1.0370158018744833e-11,False,0.05
10,0.06,15,7162.406151555648,True,10,0.01,0.05,0.05,0.011572094920746531,0.0004970527167932651,0.046391586900707674,0.011572095445816513,0.1.0b1,83c7b16ec5d5,1.1.0a5,2.1934463312569093e-09,1.4622982314071493e-10,107104.84135462531,107104.84136960909,1.3989818039118941e-10,False,0.05
11,0.0,15,9404.417277297734,True,12,0.01,0.05,0.05,0.0029980637140905528,0.00030047483683518677,0.012018993473406238,1.8686013864103094e-16,0.1.0b1,83c7b16ec5d5,1.1.0a5,0.012009370770145831,0.0008006247180098638,141066.25915946602,140953.31802550578,-0.0008006247180097479,False,0.05
11,0.02,15,9845.999999636831,True,11,0.01,0.05,0.05,0.015447914119050889,0.001928561001861237,0.040180352351228125,1.9080278061129974e-16,0.1.0b1,83c7b16ec5d5,1.1.0a5,0.059764328948307584,0.005304095063596599,147689.99999455246,146906.6381946388,-0.0053040950635964285,False,0.05
11,0.04,15,9711.572863204921,True,11,0.01,0.05,0.05,0.012514835645813847,0.0016115981276268873,0.027848168436133393,2.216177870993954e-16,0.1.0b1,83c7b16ec5d5,1.1.0a5,0.04735195430157777,0.00446533953481662,145673.5929480738,145023.11092018892,-0.0044653393571253575,False,0.05
11,0.06,15,9711.572863204921,True,11,0.01,0.05,0.05,0.0006659826832477381,6.674681537793702e-05,0.00266986687965582,3.4873588485238615e-16,0.1.0b1,83c7b16ec5d5,1.1.0a5,0.0026693953399807937,0.00017796008926642396,145673.59294807387,145647.66890927494,-0.00017795976795991703,False,0.05
12,0.0,15,9164.327390598017,True,12,0.01,0.05,0.05,1.0249765737073766e-16,6.892389203801215e-17,3.969717200221409e-16,1.2553348019446327e-16,0.1.0b1,83c7b16ec5d5,1.1.0a5,3.969717200221408e-16,7.939434400442818e-17,137464.91085897025,137464.91085897025,0.0,False,0.05
12,0.02,15,9612.621143256249,True,11,0.01,0.05,0.05,0.005082722483135282,0.0005094055211771649,0.02037622084708387,2.1850315457965224e-16,0.1.0b1,83c7b16ec5d5,1.1.0a5,0.020348579037724256,0.0013565719358484226,144189.31714884375,143993.7139677505,-0.0013565719358483719,False,0.05
12,0.04,15,9455.406612323797,True,11,0.01,0.05,0.05,0.011058379503487674,0.0011083035902370547,0.04433214347258936,2.27621864975415e-16,0.1.0b1,83c7b16ec5d5,1.1.0a5,0.04420150707745002,0.002946767165769306,141831.09918485698,141413.1559643907,-0.002946767125604502,False,0.05
12,0.06,15,9487.677624652548,True,11,0.01,0.05,0.05,0.00019043017366610293,1.9085510091001604e-05,0.0007634176859870858,3.603815548580347e-16,0.1.0b1,83c7b16ec5d5,1.1.0a5,0.00076338030718177,5.0892134285297685e-05,142315.16436978817,142307.92165177193,-5.089210308899125e-05,False,0.05
13,0.0,15,9755.04410475394,True,12,0.01,0.05,0.05,0.0028143512794947586,0.00018048887432818935,0.010797076835640277,2.258222044967007e-16,0.1.0b1,83c7b16ec5d5,1.1.0a5,0.0107863395719622,0.000994460245227041,146325.6615713091,146180.1465180199,-0.0009944602452268544,False,0.05
13,0.02,15,10029.334762137381,True,11,0.01,0.05,0.05,0.011563803580226658,0.0011589586897810687,0.046358347591240884,2.3414366734992703e-16,0.1.0b1,83c7b16ec5d5,1.1.0a5,0.04621551592780805,0.003081034395187312,150440.02143206075,149976.51055161588,-0.0030810343951871303,False,0.05
13,0.04,15,9893.855101331232,True,11,0.01,0.05,0.05,4.288029811839181e-11,3.4792085271391194e-12,1.7230203855962725e-10,2.7679513486561663e-16,0.1.0b1,83c7b16ec5d5,1.1.0a5,1.7230240625830058e-10,1.2559851667946622e-11,148407.82651996845,148407.82651810447,-1.2559876181335797e-11,False,0.05
13,0.06,15,9960.480388208882,True,11,0.01,0.05,0.05,0.011007304356679742,0.0011031847208152388,0.044127386098072194,0.0045873627069016164,0.1.0b1,83c7b16ec5d5,1.1.0a5,0.0261096875377214,0.001740645955578745,149224.25326931773,148968.96506135218,-0.0017107688755179317,False,0.05
14,0.0,15,9803.801474937689,True,12,0.01,0.05,0.05,1.8553919193446512e-16,3.125973347776603e-17,3.7107838386893025e-16,2.1953293247522568e-16,0.1.0b1,83c7b16ec5d5,1.1.0a5,3.7107838386893025e-16,1.2369279462297678e-16,147057.02212406535,147057.02212406535,0.0,False,0.05
14,0.02,15,10329.2242848569,True,11,0.01,0.05,0.05,0.011533296444062457,0.0013941929804041973,0.04382065755122221,2.406001244354473e-16,0.1.0b1,83c7b16ec5d5,1.1.0a5,0.043640197151566126,0.004118158187033455,154938.3642728535,154300.30357953772,-0.004118158187033196,False,0.05
14,0.04,15,10178.731694411052,True,11,0.01,0.05,0.05,0.0027971356101391238,0.0002803372306640289,0.011213489095252886,1.663652239511237e-16,0.1.0b1,83c7b16ec5d5,1.1.0a5,0.011205112376395552,0.0007470076337552589,152680.97541616578,152566.92160063362,-0.0007470073807249178,False,0.05
14,0.06,15,10214.446542461617,True,11,0.01,0.05,0.05,9.231741344693318e-10,6.827419388023157e-11,3.4769872815085205e-09,2.641354361500006e-16,0.1.0b1,83c7b16ec5d5,1.1.0a5,3.249037128125162e-09,3.4881353891367116e-10,153216.69813692424,153216.6981239941,-8.439115016328461e-11,False,0.05
15,0.0,15,9580.952825047778,True,12,0.01,0.05,0.05,0.011739107668228896,0.0011765281853829944,0.04706112741531781,2.1922538206110834e-16,0.1.0b1,83c7b16ec5d5,1.1.0a5,0.04691393922389331,0.0031275959482597185,143714.29237571664,143264.81213717538,-0.0031275959482594284,False,0.05
15,0.02,15,10028.856090801963,True,11,0.01,0.05,0.05,0.02180348986366528,0.0028952913809415274,0.04225250143479714,2.3415484288788624e-16,0.1.0b1,83c7b16ec5d5,1.1.0a5,0.07895386880695024,0.008057727406862007,150432.84136202946,149220.69453329447,-0.008057727406862246,False,0.05
15,0.04,15,9860.365880332036,True,11,0.01,0.05,0.05,0.006476157409713148,0.0005563368945408494,0.02596238810113142,3.780609175794388e-16,0.1.0b1,83c7b16ec5d5,1.1.0a5,0.025917529370261913,0.0017278353090786787,147905.4882049806,147649.93188005345,-0.0017278353090790222,False,0.05
15,0.06,15,9860.365880332036,True,11,0.01,0.05,0.05,2.3273133164904102e-10,2.016136725245962e-11,8.981958134674529e-10,2.8972926946499306e-16,0.1.0b1,83c7b16ec5d5,1.1.0a5,8.981956289512965e-10,8.095253996195908e-11,147905.48820498056,147905.48819817672,-4.6001236053424415e-11,False,0.05
16,0.0,15,9467.50788087564,True,12,0.01,0.05,0.05,0.00965113395218689,0.0006909037623012772,0.0386906106888697,2.3791004672207453e-16,0.1.0b1,83c7b16ec5d5,1.1.0a5,0.03859106988480417,0.002572737992320368,142012.61821313458,141647.2569548688,-0.0025727379923202016,False,0.05
16,0.02,15,9770.413569714452,True,11,0.01,0.05,0.05,0.00848148899444319,0.0008500399807205575,0.03400159922882163,1.922788799496507e-16,0.1.0b1,83c7b16ec5d5,1.1.0a5,0.03392469962611212,0.0022616466417409195,146556.2035457168,146224.74520014133,-0.0022616466417408705,False,0.05
16,0.04,15,9659.597188951673,True,11,0.01,0.05,0.05,0.00018054281310490408,1.8094608552771617e-05,0.0007237763503520854,1.8830903276446722e-16,0.1.0b1,83c7b16ec5d5,1.1.0a5,0.0007237466587809221,4.825039390716056e-05,144893.95783427512,144886.96671490034,-4.824990275149514e-05,False,0.05
16,0.06,15,9659.597188951673,True,11,0.01,0.05,0.05,1.0497633049488267e-08,7.28121217476177e-10,3.395078667322868e-08,3.5061233812439604e-16,0.1.0b1,83c7b16ec5d5,1.1.0a5,3.39507853566798e-08,3.949229461937249e-09,144893.95783427515,144893.95793847693,7.191589250369376e-10,False,0.05
17,0.0,15,9855.719030465953,True,12,0.01,0.05,0.05,0.01345189576949244,0.001599022254568514,0.049307303302949176,2.566227913027672e-16,0.1.0b1,83c7b16ec5d5,1.1.0a5,0.04906215254712653,0.004971895427263851,147835.7854569893,147100.7613912897,-0.004971895427264108,False,0.05
17,0.02,15,10078.438844441833,True,11,0.01,0.05,0.05,0.006518804427629157,0.0008622268908930859,0.01228211741492801,1.5455662202788916e-16,0.1.0b1,83c7b16ec5d5,1.1.0a5,0.023902676756002588,0.002410872191217695,151176.58266662748,150812.27421329427,-0.002409820667375336,False,0.05
17,0.04,15,9923.797802632005,True,11,0.01,0.05,0.05,0.008690717957493481,0.000871009529081483,0.03484038111823601,1.5696505451758192e-16,0.1.0b1,83c7b16ec5d5,1.1.0a5,0.034759645165837384,0.0023173097179878884,148856.96703948008,148512.01934891616,-0.0023173096793812084,False,0.05
17,0.06,15,9923.797802632005,True,11,0.01,0.05,0.05,0.0006404067739642438,6.418346250600935e-05,0.0025673386136556863,1.2521479667789493e-16,0.1.0b1,83c7b16ec5d5,1.1.0a5,0.0025668992737588794,0.00017112664851003489,148856.96703948008,148831.4936546119,-0.00017112658799116128,False,0.05
18,0.0,15,9739.025895243321,True,12,0.01,0.05,0.05,0.01203583236556278,0.0014645523844062506,0.04634870234690189,2.6413724657657115e-16,0.1.0b1,83c7b16ec5d5,1.1.0a5,0.046153395170440994,0.004213865039829455,146085.38842864984,145469.80431752044,-0.004213865039829492,False,0.05
18,0.02,15,10090.488192890998,True,11,0.01,0.05,0.05,0.007913105411975397,0.000793074892420718,0.031722995696826926,2.418545393797243e-16,0.1.0b1,83c7b16ec5d5,1.1.0a5,0.031656047386492255,0.0021104031590995797,151357.322893365,151037.897920978,-0.002110403159099507,False,0.05
18,0.04,15,9906.056488922248,True,11,0.01,0.05,0.05,0.009250953531242851,0.0009271586111291253,0.037086280358838764,1.9548264202826257e-16,0.1.0b1,83c7b16ec5d5,1.1.0a5,0.03699485391286285,0.002466328167899518,148590.8473338337,148224.37410132217,-0.002466324400776692,False,0.05
18,0.06,15,9906.056488922248,True,11,0.01,0.05,0.05,1.1104982166904414e-09,1.1795068980085109e-10,3.867533194537543e-09,2.2237966916113856e-16,0.1.0b1,83c7b16ec5d5,1.1.0a5,4.241369558386013e-09,3.805856839835105e-10,148590.8473338337,148590.84729894824,-2.347752403466699e-10,False,0.05
