landbase,discount_rate,period,projected_mcf,realized_mcf
1,0.0,1,9106.58203125,9106.58203125
1,0.0,2,8705.525843749998,8705.525844226915
1,0.0,3,9106.582031250002,9106.58203125
1,0.0,4,9106.58203125,9106.58203125
1,0.0,5,9106.58203125,9106.58203125
1,0.0,6,9106.582031249998,9106.582040333495
1,0.0,7,9106.58203125,9097.990299850557
1,0.0,8,9106.58203125,9106.58203125
1,0.0,9,9106.58203125,9106.582031249998
1,0.0,10,9106.58203125,8930.617256699337
1,0.0,11,9106.58203125,9106.58203125
1,0.0,12,9106.58203125,9106.58203125
1,0.0,13,9106.58203125,9106.58203125
1,0.0,14,9106.582031249996,9106.58203125
1,0.0,15,9106.58203125,9106.58203125
1,0.02,1,9110.362296874999,9110.362296874999
1,0.02,2,9110.362296874999,9110.362296875
1,0.02,3,9110.362296874997,9110.362296874999
1,0.02,4,9110.362296875,9110.362296875
1,0.02,5,9110.362296874999,9110.362296874999
1,0.02,6,8686.624515625004,8686.624510854701
1,0.02,7,9110.362296874997,9110.36229376
1,0.02,8,9110.362296874999,9110.36229631
1,0.02,9,9110.362296874997,9110.362299089998
1,0.02,10,9110.362296874999,9110.362293279999
1,0.02,11,9110.362296874999,9110.362296874999
1,0.02,12,9110.362296874995,9110.362296874999
1,0.02,13,9110.362296874999,9110.362296874999
1,0.02,14,9110.362296874999,9110.362296874997
1,0.02,15,9110.362296874995,9110.3622978275
1,0.04,1,9110.362296874999,9110.362296874999
1,0.04,2,9110.362296874999,9110.362296875
1,0.04,3,9110.362296874997,9110.362296874999
1,0.04,4,9110.362296875,9110.362296875002
1,0.04,5,9110.362296874999,9110.362296874999
1,0.04,6,8686.624515625004,8686.624510854701
1,0.04,7,9110.362296874997,9110.36229376
1,0.04,8,9110.362296874999,9110.36229631
1,0.04,9,9110.362296874997,9110.362299089998
1,0.04,10,9110.362296874999,9110.362293279999
1,0.04,11,9110.362296874999,9110.362296874999
1,0.04,12,9110.362296874995,9110.362296874999
1,0.04,13,9110.362296874999,9110.362296874999
1,0.04,14,9110.362296874999,9110.362296874999
1,0.04,15,9110.362296874995,9110.3622978275
1,0.06,1,7892.11617578125,7892.11617578125
1,0.06,2,7892.116175781251,7892.116175781251
1,0.06,3,7892.11617578125,7892.11617578125
1,0.06,4,7892.116175781254,7892.11617578125
1,0.06,5,7892.116175781251,7892.11617578125
1,0.06,6,7892.116175781251,7892.11617578125
1,0.06,7,7525.830447028182,7525.830438169417
1,0.06,8,7892.11617578125,7892.11617578125
1,0.06,9,7892.11617578125,7892.116176580001
1,0.06,10,7892.11617578125,7892.116175781249
1,0.06,11,7892.11617578125,7892.11617578125
1,0.06,12,7892.116175781254,7892.11617578125
1,0.06,13,7892.116175781251,7892.11617578125
1,0.06,14,7892.11617578125,7892.11617578125
1,0.06,15,7892.11617578125,7892.116178
2,0.0,1,11383.2275390625,11383.2275390625
2,0.0,2,10881.907304687498,10881.907301719115
2,0.0,3,11383.227539062498,11383.2275390625
2,0.0,4,11383.227539062498,11383.227538359122
2,0.0,5,11383.2275390625,11383.2275390625
2,0.0,6,11383.2275390625,11383.227541516395
2,0.0,7,11383.2275390625,11372.487880534592
2,0.0,8,11383.2275390625,11383.2275390625
2,0.0,9,11383.227539062502,11383.2275390625
2,0.0,10,11383.2275390625,11163.27155088307
2,0.0,11,11383.2275390625,11383.22753154
2,0.0,12,11383.2275390625,11383.2275390625
2,0.0,13,11383.2275390625,11383.227539062498
2,0.0,14,11383.2275390625,11383.2275390625
2,0.0,15,11383.2275390625,11383.2275390625
2,0.02,1,11387.952871093748,11387.952871093748
2,0.02,2,11387.952871093748,11387.952871093748
2,0.02,3,11387.952871093748,11387.952871093747
2,0.02,4,11387.952871093747,11387.952871093747
2,0.02,5,11387.952871093747,11387.952871093748
2,0.02,6,10858.280644531262,10858.2806437014
2,0.02,7,11387.952871093748,11387.95287486
2,0.02,8,11387.952871093748,11387.95286512
2,0.02,9,11387.95287109375,11387.95286764
2,0.02,10,11387.952871093748,11387.95287426
2,0.02,11,11387.952871093748,11387.952871093748
2,0.02,12,11387.952871093748,11387.95287109375
2,0.02,13,11387.952871093745,11387.952871093748
2,0.02,14,11387.952871093748,11387.952871093748
2,0.02,15,11387.952871093748,11387.952871093748
2,0.04,1,11387.952871093748,11387.952871093748
2,0.04,2,11387.952871093748,11387.952871093748
2,0.04,3,11387.952871093748,11387.952871093747
2,0.04,4,11387.952871093747,11387.952871093747
2,0.04,5,11387.952871093747,11387.952871093748
2,0.04,6,10858.280644531262,10858.2806437014
2,0.04,7,11387.952871093748,11387.95287486
2,0.04,8,11387.952871093748,11387.95286512
2,0.04,9,11387.95287109375,11387.95286764
2,0.04,10,11387.952871093748,11387.95287426
2,0.04,11,11387.952871093748,11387.952871093748
2,0.04,12,11387.952871093748,11387.95287109375
2,0.04,13,11387.952871093745,11387.952871093748
2,0.04,14,11387.952871093748,11387.952871093748
2,0.04,15,11387.952871093748,11387.952871093748
2,0.06,1,9865.145219726563,9865.145219726563
2,0.06,2,9865.145219726563,9865.14521972656
2,0.06,3,9865.145219726563,9865.145219726563
2,0.06,4,9865.14521972656,9865.145219726563
2,0.06,5,9865.145219726563,9865.145219726563
2,0.06,6,9865.14521972656,9865.145219726566
2,0.06,7,9407.288058785232,9407.288053595701
2,0.06,8,9865.145219726563,9865.145219726563
2,0.06,9,9865.145219726563,9865.145214980002
2,0.06,10,9865.145219726563,9865.145219726563
2,0.06,11,9865.145219726563,9865.145219726563
2,0.06,12,9865.145219726563,9865.14521972656
2,0.06,13,9865.145219726564,9865.145219726564
2,0.06,14,9865.145219726564,9865.145219726563
2,0.06,15,9865.145219726563,9865.1452225
3,0.0,1,5420.384132547294,5420.384132547294
3,0.0,2,5643.671875,5643.671875
3,0.0,3,5643.671875,5643.671874999999
3,0.0,4,5643.671875,5643.671875000001
3,0.0,5,5643.671875,5643.671875
3,0.0,6,5643.671875,5643.671884360001
3,0.0,7,5643.671875,5643.671875
3,0.0,8,5643.671875,5643.671875
3,0.0,9,5643.671875,5643.671875
3,0.0,10,5643.671875,5643.671875000001
3,0.0,11,5643.671875,5643.671875
3,0.0,12,5643.671875,5643.671874999999
3,0.0,13,5643.671875,5643.671875
3,0.0,14,5643.671875,5643.671875
3,0.0,15,5643.671875,5643.671875
3,0.02,1,5635.44921875,5635.44921875
3,0.02,2,5635.449218749999,5635.449218749999
3,0.02,3,5635.44921875,5635.44921875
3,0.02,4,5635.44921875,5635.44921875
3,0.02,5,5635.44921875,5635.44921875
3,0.02,6,5425.384941739406,5425.384934887501
3,0.02,7,5635.44921875,5635.44921875
3,0.02,8,5635.44921875,5635.44921875
3,0.02,9,5635.44921875,5635.44921875
3,0.02,10,5635.449218750001,5635.44921875
3,0.02,11,5635.44921875,5635.44921875
3,0.02,12,5635.449218750001,5635.44921875
3,0.02,13,5635.44921875,5635.44921875
3,0.02,14,5635.44921875,5635.44921875
3,0.02,15,5635.44921875,5635.44921875
3,0.04,1,5635.44921875,5635.44921875
3,0.04,2,5635.449218749999,5635.449218749999
3,0.04,3,5635.44921875,5635.449218750001
3,0.04,4,5635.44921875,5635.44921875
3,0.04,5,5635.44921875,5635.44921875
3,0.04,6,5425.384941739405,5425.384934887501
3,0.04,7,5635.44921875,5635.44921875
3,0.04,8,5635.44921875,5635.44921875
3,0.04,9,5635.44921875,5635.44921875
3,0.04,10,5635.449218750001,5635.44921875
3,0.04,11,5635.44921875,5635.44921875
3,0.04,12,5635.449218750001,5635.44921875
3,0.04,13,5635.44921875,5635.44921875
3,0.04,14,5635.44921875,5635.44921875
3,0.04,15,5635.44921875,5635.44921875
3,0.06,1,5635.44921875,5635.44921875
3,0.06,2,5635.449218749999,5635.449218749999
3,0.06,3,5635.44921875,5635.449218750001
3,0.06,4,5635.44921875,5635.44921875
3,0.06,5,5635.44921875,5635.44921875
3,0.06,6,5425.384941739405,5425.384934887501
3,0.06,7,5635.44921875,5635.44921875
3,0.06,8,5635.44921875,5635.44921875
3,0.06,9,5635.44921875,5635.44921875
3,0.06,10,5635.449218750001,5635.44921875
3,0.06,11,5635.44921875,5635.44921875
3,0.06,12,5635.449218750001,5635.44921875
3,0.06,13,5635.44921875,5635.44921875
3,0.06,14,5635.44921875,5635.44921875
3,0.06,15,5635.44921875,5635.44921875
4,0.0,1,8149.516061967559,8149.516061967559
4,0.0,2,8461.900634765625,8461.90063189523
4,0.0,3,8461.900634765625,8461.900634765625
4,0.0,4,8461.900634765625,8461.900634765627
4,0.0,5,8461.900634765625,8461.900631406985
4,0.0,6,8461.900634765625,8461.9006359375
4,0.0,7,8461.900634765625,8461.90063846
4,0.0,8,8461.900634765625,8461.900634765625
4,0.0,9,8461.900634765625,8461.900634765625
4,0.0,10,8461.900634765625,8461.900634765625
4,0.0,11,8461.900634765625,8461.900634765625
4,0.0,12,8461.900634765625,8461.900634765625
4,0.0,13,8461.900634765625,8461.900634765623
4,0.0,14,8461.900634765625,8461.900634765625
4,0.0,15,8461.900634765625,8461.900634765625
4,0.02,1,8459.676442382815,8459.676442382815
4,0.02,2,8459.676442382814,8459.676442382814
4,0.02,3,8459.676442382815,8459.676442382814
4,0.02,4,8459.676442382814,8459.676442382814
4,0.02,5,8459.676442382814,8459.676442382814
4,0.02,6,8119.159987831252,8119.159991010001
4,0.02,7,8459.676442382814,8459.67644256
4,0.02,8,8459.676442382814,8459.676442382814
4,0.02,9,8459.676442382814,8459.676442382814
4,0.02,10,8459.676442382814,8459.676442382814
4,0.02,11,8459.676442382814,8459.67644454
4,0.02,12,8459.676442382814,8459.676442382814
4,0.02,13,8459.676442382814,8459.676442382814
4,0.02,14,8459.676442382814,8459.676442382814
4,0.02,15,8459.676442382814,8459.67644275
4,0.04,1,8459.676442382815,8459.676442382815
4,0.04,2,8459.676442382814,8459.676442382814
4,0.04,3,8459.676442382815,8459.676442382814
4,0.04,4,8459.676442382814,8459.676442382814
4,0.04,5,8459.676442382814,8459.676442382814
4,0.04,6,8119.159987831252,8119.159991010001
4,0.04,7,8459.676442382814,8459.67644256
4,0.04,8,8459.676442382814,8459.676442382814
4,0.04,9,8459.676442382814,8459.676442382814
4,0.04,10,8459.676442382814,8459.676442382814
4,0.04,11,8459.676442382814,8459.67644454
4,0.04,12,8459.676442382814,8459.676442382814
4,0.04,13,8459.676442382814,8459.676442382814
4,0.04,14,8459.676442382814,8459.676442382814
4,0.04,15,8459.676442382814,8459.67644275
4,0.06,1,8085.609116699219,8085.609116699219
4,0.06,2,8085.60911669922,8085.609116699219
4,0.06,3,8085.609116699219,8085.609116699219
4,0.06,4,8085.609116699221,8085.609116699219
4,0.06,5,8085.609116699218,8085.6091179431605
4,0.06,6,8085.60911669922,8085.60911669922
4,0.06,7,7784.579215191892,7784.5792069925
4,0.06,8,8085.609116699218,8085.609116699218
4,0.06,9,8085.609116699221,8085.60911669922
4,0.06,10,8085.609116699219,8085.609116699219
4,0.06,11,8085.609116699219,8085.609116699219
4,0.06,12,8085.609116699218,8085.609119580782
4,0.06,13,8085.609116699219,8085.609116699219
4,0.06,14,8085.609116699219,8085.609116699219
4,0.06,15,8085.609116699218,8085.6091175
5,0.0,1,4304.562471251353,4304.562471251353
5,0.0,2,4528.846958650469,4528.84695891305
5,0.0,3,4528.846958650467,4528.846958650467
5,0.0,4,4528.846958650467,4528.846958650467
5,0.0,5,4528.846958650469,4528.846958650467
5,0.0,6,4528.846958650467,4528.846958650467
5,0.0,7,4528.846958650467,4528.846958650467
5,0.0,8,4528.846958650467,4528.846958650467
5,0.0,9,4528.846958650467,4528.846958650467
5,0.0,10,4528.846958650467,4528.846958650467
5,0.0,11,4528.846958650467,4528.846958650467
5,0.0,12,4528.846958650467,4528.846958650467
5,0.0,13,4528.846958650468,4528.846958650467
5,0.0,14,4528.84695865047,4528.846959
5,0.0,15,4528.846958650467,4528.846958650467
5,0.02,1,4526.1118853885455,4526.1118853885455
5,0.02,2,4307.297544513277,4307.29754607179
5,0.02,3,4526.1118853885455,4526.1118853885455
5,0.02,4,4526.1118853885455,4526.1118853885455
5,0.02,5,4526.111885388545,4526.111885388545
5,0.02,6,4526.111885388545,4526.1118853885455
5,0.02,7,4526.111885388545,4526.111885388546
5,0.02,8,4526.111885388546,4526.1118853885455
5,0.02,9,4526.1118853885455,4526.1118853885455
5,0.02,10,4526.111885388546,4526.1118853885455
5,0.02,11,4526.1118853885455,4526.111892565819
5,0.02,12,4526.111885388545,4526.1118853885455
5,0.02,13,4526.1118853885455,4526.1118853885455
5,0.02,14,4526.111885388545,4526.111889119999
5,0.02,15,4526.111885388546,4526.1118853885455
5,0.04,1,4526.1118853885455,4526.1118853885455
5,0.04,2,4307.297544513277,4307.29754607179
5,0.04,3,4526.1118853885455,4526.1118853885455
5,0.04,4,4526.1118853885455,4526.1118853885455
5,0.04,5,4526.111885388545,4526.111885388545
5,0.04,6,4526.111885388545,4526.1118853885455
5,0.04,7,4526.111885388545,4526.111885388546
5,0.04,8,4526.111885388546,4526.1118853885455
5,0.04,9,4526.1118853885455,4526.1118853885455
5,0.04,10,4526.111885388546,4526.111887842911
5,0.04,11,4526.1118853885455,4526.11187838
5,0.04,12,4526.111885388545,4526.1118853885455
5,0.04,13,4526.1118853885455,4526.1118853885455
5,0.04,14,4526.111885388545,4526.111889119999
5,0.04,15,4526.111885388546,4526.11188475
5,0.06,1,4526.1118853885455,4526.1118853885455
5,0.06,2,4307.297544513277,4307.29754607179
5,0.06,3,4526.1118853885455,4526.1118853885455
5,0.06,4,4526.1118853885455,4526.1118853885455
5,0.06,5,4526.111885388545,4526.111885388545
5,0.06,6,4526.1118853885455,4526.1118853885455
5,0.06,7,4526.111885388545,4526.1118853885455
5,0.06,8,4526.111885388546,4526.111889119999
5,0.06,9,4526.1118853885455,4526.1118853885455
5,0.06,10,4526.1118853885455,4526.1118853885455
5,0.06,11,4526.111885388545,4526.1118853885455
5,0.06,12,4526.1118853885455,4526.1118853885455
5,0.06,13,4526.111885388546,4526.1118853885455
5,0.06,14,4526.1118853885455,4526.111889119999
5,0.06,15,4526.111885388546,4526.1118905
6,0.0,1,7294.897756522042,7294.897756522042
6,0.0,2,7554.034424104564,7554.034424104564
6,0.0,3,7554.034424104564,7554.034424104564
6,0.0,4,7554.034424104564,7554.034424104563
6,0.0,5,7554.034424104564,7554.034423200001
6,0.0,6,7554.034424104565,7554.034424104564
6,0.0,7,7554.034424104564,7554.034424104564
6,0.0,8,7554.034424104564,7554.034424104564
6,0.0,9,7554.034424104563,7554.034424104564
6,0.0,10,7554.034424104564,7554.034424104564
6,0.0,11,7554.034424104564,7554.034424104564
6,0.0,12,7554.034424104565,7554.034424104564
6,0.0,13,7554.034424104562,7554.034424104564
6,0.0,14,7554.034424104566,7554.034424104564
6,0.0,15,7554.034424104564,7554.0344277854365
6,0.02,1,7564.322334848467,7564.322334848467
6,0.02,2,7564.322334848469,7564.322334848468
6,0.02,3,7564.322334848468,7564.322334848468
6,0.02,4,7564.322334848468,7564.322334848468
6,0.02,5,7222.701684323494,7222.70168832
6,0.02,6,7564.322334848468,7564.322334848468
6,0.02,7,7564.322334848468,7564.322334848468
6,0.02,8,7564.322334848467,7564.322334848467
6,0.02,9,7564.322334848468,7564.322334848468
6,0.02,10,7564.322334848468,7564.322340063065
6,0.02,11,7564.322334848468,7564.322334848468
6,0.02,12,7564.322334848468,7564.322334848468
6,0.02,13,7564.322334848468,7564.322334848468
6,0.02,14,7564.322334848468,7564.322334848469
6,0.02,15,7564.322334848467,7564.322334848468
6,0.04,1,7564.322334848467,7564.322334848467
6,0.04,2,7564.32233484847,7564.322334848468
6,0.04,3,7564.322334848468,7564.322334848468
6,0.04,4,7564.322334848468,7564.322334848468
6,0.04,5,7222.701684323493,7222.70168832
6,0.04,6,7564.322334848468,7564.322334848467
6,0.04,7,7564.322334848468,7564.322334848468
6,0.04,8,7564.322334848467,7564.322334848467
6,0.04,9,7564.322334848468,7564.322334848468
6,0.04,10,7564.322334848468,7564.322334848468
6,0.04,11,7564.322334848468,7564.322334848468
6,0.04,12,7564.322334848469,7564.322334848468
6,0.04,13,7564.322334848468,7564.322334848468
6,0.04,14,7564.322334848468,7564.322334848467
6,0.04,15,7564.322334848467,7564.3223342500005
6,0.06,1,7564.322334848467,7564.322334848467
6,0.06,2,7564.32233484847,7564.322334848468
6,0.06,3,7564.322334848468,7564.322334848468
6,0.06,4,7564.322334848468,7564.322334848468
6,0.06,5,7222.701684323493,7222.70168832
6,0.06,6,7564.322334848468,7564.322334848468
6,0.06,7,7564.322334848468,7564.322334848468
6,0.06,8,7564.322334848467,7564.322334848467
6,0.06,9,7564.322334848468,7564.322334848468
6,0.06,10,7564.322334848468,7564.322334848468
6,0.06,11,7564.322334848468,7564.322334848468
6,0.06,12,7564.322334848469,7564.322334848468
6,0.06,13,7564.322334848468,7564.322334848468
6,0.06,14,7564.322334848468,7564.322334848468
6,0.06,15,7564.322334848467,7564.3223342500005
7,0.0,1,8908.00607118844,8908.00607118844
7,0.0,2,9286.966798426061,9286.96679476
7,0.0,3,9286.966798426061,9286.96679842606
7,0.0,4,9286.966798426061,9286.966798426061
7,0.0,5,9286.966798426061,9286.966798426061
7,0.0,6,9286.966798426061,9286.966798426061
7,0.0,7,9286.966798426061,9286.96679842606
7,0.0,8,9286.966798426063,9286.966798426061
7,0.0,9,9286.966798426063,9286.966798426061
7,0.0,10,9286.966798426061,9286.96679842606
7,0.0,11,9286.966798426061,9286.966798426061
7,0.0,12,9286.966798426061,9286.96679842606
7,0.0,13,9286.966798426063,9286.966798426061
7,0.0,14,9286.966798426061,9286.966798426061
7,0.0,15,9286.966798426063,9286.96679842606
7,0.02,1,8877.290028285948,8877.290028285948
7,0.02,2,9320.970981691486,9320.970984200001
7,0.02,3,9320.970981691486,9320.970981691486
7,0.02,4,9320.970981691486,9320.970981691486
7,0.02,5,9320.970981691486,9320.970981691484
7,0.02,6,9320.970981691486,9320.970981691487
7,0.02,7,9320.970981691486,9320.971090930574
7,0.02,8,9320.970981691486,9320.970981691487
7,0.02,9,9320.970981691487,9320.970981691484
7,0.02,10,9320.970981691487,9320.970829305
7,0.02,11,9320.970981691486,9320.970981691486
7,0.02,12,9320.970981691486,9320.970981691486
7,0.02,13,9320.970981691486,9320.970981691486
7,0.02,14,9320.970981691486,9320.970981691486
7,0.02,15,9320.970981691486,9320.970981691486
7,0.04,1,9278.794642407815,9278.794642407815
7,0.04,2,8876.48545587511,8876.485458120002
7,0.04,3,9278.794642407815,9278.794642407815
7,0.04,4,9278.794642407815,9278.794642407815
7,0.04,5,9278.794642407815,9278.794642407815
7,0.04,6,9278.794642407815,9278.794642407815
7,0.04,7,9278.794642407815,9278.794642407815
7,0.04,8,9278.794642407816,9278.794642407827
7,0.04,9,9278.794642407815,9278.794648910001
7,0.04,10,9278.794642407816,9278.7946384825
7,0.04,11,9278.794642407815,9278.794642407815
7,0.04,12,9278.794642407815,9278.794642407815
7,0.04,13,9278.794642407815,9278.794642407815
7,0.04,14,9278.794642407815,9278.794642407815
7,0.04,15,9278.794642407815,9278.794642407815
7,0.06,1,9278.794642407815,9278.794642407815
7,0.06,2,8876.48545587511,8876.485458120002
7,0.06,3,9278.794642407815,9278.794642407815
7,0.06,4,9278.794642407815,9278.794642407813
7,0.06,5,9278.794642407815,9278.794642407815
7,0.06,6,9278.794642407815,9278.794642407815
7,0.06,7,9278.794642407815,9278.794642407815
7,0.06,8,9278.794642407816,9278.794642407818
7,0.06,9,9278.794642407813,9278.794648910001
7,0.06,10,9278.794642407816,9278.7946384825
7,0.06,11,9278.794642407815,9278.794642407815
7,0.06,12,9278.794642407815,9278.794642407815
7,0.06,13,9278.794642407815,9278.794642407815
7,0.06,14,9278.794642407815,9278.794642407815
7,0.06,15,9278.794642407815,9278.794642407815
8,0.0,1,9585.741930808188,9585.741930808188
8,0.0,2,9988.875733684386,9988.875733684383
8,0.0,3,9988.875733684383,9988.87573366
8,0.0,4,9988.875733684385,9988.875733684385
8,0.0,5,9988.875733684385,9988.875733684385
8,0.0,6,9988.875733684385,9988.875733684385
8,0.0,7,9988.875733684385,9988.875733684385
8,0.0,8,9988.875733684385,9988.875733684385
8,0.0,9,9988.875733684385,9988.875733684385
8,0.0,10,9988.875733684386,9988.875733684385
8,0.0,11,9988.875733684385,9988.875733684385
8,0.0,12,9988.875733684385,9988.875733684385
8,0.0,13,9988.875733684386,9988.875733684385
8,0.0,14,9988.875733684383,9988.875735255
8,0.0,15,9988.875733684385,9988.875733684385
8,0.02,1,9565.883488813979,9565.883488813979
8,0.02,2,10000.575821698174,10000.575821698174
8,0.02,3,10000.575821698174,10000.575816465
8,0.02,4,10000.575821698174,10000.575821698174
8,0.02,5,10000.575821698174,10000.57582325635
8,0.02,6,10000.575821698174,10000.575821698174
8,0.02,7,10000.575821698174,10000.575821698174
8,0.02,8,10000.575821698174,10000.575821698174
8,0.02,9,10000.575821698176,10000.575821698174
8,0.02,10,10000.575821698174,10000.575823759307
8,0.02,11,10000.575821698174,10000.575821698174
8,0.02,12,10000.575821698174,10000.57582014
8,0.02,13,10000.575821698174,10000.575821698174
8,0.02,14,10000.575821698174,10000.575821698174
8,0.02,15,10000.575821698174,10000.575821698174
8,0.04,1,9971.755718465614,9971.755718465614
8,0.04,2,9971.755718465614,9971.755718465614
8,0.04,3,9522.1820199759,9522.1820213475
8,0.04,4,9971.755718465614,9971.755718465614
8,0.04,5,9971.755718465614,9971.755718465614
8,0.04,6,9971.755718465614,9971.755720683463
8,0.04,7,9971.755718465614,9971.755718465614
8,0.04,8,9971.755718465614,9971.755718465614
8,0.04,9,9971.755718465613,9971.755718465614
8,0.04,10,9971.755718465614,9971.755718465613
8,0.04,11,9971.755718465614,9971.755718465614
8,0.04,12,9971.755718465614,9971.755718465614
8,0.04,13,9971.755718465616,9971.755718465614
8,0.04,14,9971.755718465614,9971.755718465614
8,0.04,15,9971.755718465614,9971.755718465614
8,0.06,1,9971.755718465614,9971.755718465614
8,0.06,2,9971.755718465614,9971.755718465614
8,0.06,3,9522.1820199759,9522.1820213475
8,0.06,4,9971.755718465614,9971.755718465614
8,0.06,5,9971.755718465614,9971.755718465614
8,0.06,6,9971.755718465614,9971.755720683463
8,0.06,7,9971.755718465614,9971.755718465614
8,0.06,8,9971.755718465614,9971.755718465614
8,0.06,9,9971.755718465613,9971.755716636497
8,0.06,10,9971.755718465614,9971.75571472
8,0.06,11,9971.755718465614,9971.755718465614
8,0.06,12,9971.755718465614,9971.755718465614
8,0.06,13,9971.755718465616,9971.7557175
8,0.06,14,9971.755718465614,9971.755718465614
8,0.06,15,9971.755718465614,9971.755718465614
9,0.0,1,12598.972246741088,12598.972246741088
9,0.0,2,12598.972246741092,12598.97224674109
9,0.0,3,12598.97224674109,12598.97224674109
9,0.0,4,12598.97224674109,12598.972246741092
9,0.0,5,12598.97224674109,12598.97224674109
9,0.0,6,12598.97224674109,12598.97224674109
9,0.0,7,12598.97224674109,12598.97224674109
9,0.0,8,12598.97224674109,12598.97224674109
9,0.0,9,12598.97224674109,12598.97224674109
9,0.0,10,12598.97224674109,12598.972246741087
9,0.0,11,12598.97224674109,12009.482787144801
9,0.0,12,12598.972246741088,12598.97224674109
9,0.0,13,12598.97224674109,12598.972246741088
9,0.0,14,12598.972246741088,12598.97224674109
9,0.0,15,12598.97224674109,12598.97224674109
9,0.02,1,13150.349940125094,13150.349940125094
9,0.02,2,13150.349940125094,13150.349940125096
9,0.02,3,13150.349940125096,13150.349940125094
9,0.02,4,13150.349940125092,13150.349940125094
9,0.02,5,13150.349940125092,13150.349940125094
9,0.02,6,13150.349940125092,13150.349940125092
9,0.02,7,13150.349940125096,13150.34994012509
9,0.02,8,13150.349940125092,13150.349940125096
9,0.02,9,13150.349940125096,13150.349940125092
9,0.02,10,13150.349940125096,13150.349940125094
9,0.02,11,13150.349940125092,13150.349940125094
9,0.02,12,13150.349940125096,13150.349940125094
9,0.02,13,13150.349940125092,12982.302469595
9,0.02,14,13150.349940125092,12630.08848384
9,0.02,15,13150.349940125092,12915.111987475
9,0.04,1,12910.008753663376,12910.008753663376
9,0.04,2,12910.008753663378,12910.008753663376
9,0.04,3,12910.008753663376,12910.008753663376
9,0.04,4,12910.008753663376,12910.008753663376
9,0.04,5,12910.008753663376,12910.00875366338
9,0.04,6,12910.008753663376,12910.008753663376
9,0.04,7,12910.008753663376,12910.008753663376
9,0.04,8,12910.008753663373,12910.008753663376
9,0.04,9,12910.008753663376,12910.008754816668
9,0.04,10,12910.008753663376,12910.008753663375
9,0.04,11,12910.008753663373,12910.008753663376
9,0.04,12,12910.008753663376,12910.008745730001
9,0.04,13,12910.008753663376,12910.008753663376
9,0.04,14,12910.008753663373,12910.008751379999
9,0.04,15,12910.008753663373,12307.205589584999
9,0.06,1,12959.662633485157,12959.662633485157
9,0.06,2,12959.662633485159,12959.662633485159
9,0.06,3,12959.662633485157,12959.662633485157
9,0.06,4,12959.662633485157,12959.662633485157
9,0.06,5,12959.662633485157,12959.662633485157
9,0.06,6,12959.662633485157,12959.662633485157
9,0.06,7,12959.662633485157,12959.66263712044
9,0.06,8,12959.662633485157,12959.662633485157
9,0.06,9,12959.662633485157,12959.662637575002
9,0.06,10,12959.662633485159,12959.662633485157
9,0.06,11,12959.66263348516,12959.662633485157
9,0.06,12,12959.662633485157,12959.66263348516
9,0.06,13,12959.662633485157,12959.662633485157
9,0.06,14,12959.662633485157,12959.662633485157
9,0.06,15,12959.662633485157,12959.662654764998
10,0.0,1,12664.600491631547,12664.600491631547
10,0.0,2,12664.600491631545,12664.600491631547
10,0.0,3,12664.600491631547,12664.600491631545
10,0.0,4,12664.600491631547,12664.600491631549
10,0.0,5,12664.600491631545,12664.600491631545
10,0.0,6,12664.600491631545,12664.600491631547
10,0.0,7,12664.600491631545,12664.600491631547
10,0.0,8,12664.600491631543,12664.600491631547
10,0.0,9,12664.600491631547,12664.600491631547
10,0.0,10,12664.600491631547,12664.600491631547
10,0.0,11,12664.600491631547,12664.600491631543
10,0.0,12,12664.60049163155,12664.600491631547
10,0.0,13,12664.600491631547,12664.600491631547
10,0.0,14,12664.600491631549,12664.600491631547
10,0.0,15,12664.600491631545,12664.600491631547
10,0.02,1,12988.516945799718,12988.516945799718
10,0.02,2,12988.516945799718,12988.516945799718
10,0.02,3,12988.51694579972,12988.516945799718
10,0.02,4,12988.516945799718,12988.516945799718
10,0.02,5,12988.51694579972,12988.516945799716
10,0.02,6,12988.51694579972,12988.516945799718
10,0.02,7,12988.51694579972,12988.516945799718
10,0.02,8,12988.516945799718,12988.516945799718
10,0.02,9,12988.51694579972,12988.516945799718
10,0.02,10,12988.516945799718,12988.51694579972
10,0.02,11,12988.516945799718,12988.516945799718
10,0.02,12,12988.516945799718,12988.516945799718
10,0.02,13,12988.51694579972,12988.516945799716
10,0.02,14,12988.516945799718,12988.516945799718
10,0.02,15,12988.51694579972,12595.243095049998
10,0.04,1,12943.582887740977,12943.582887740977
10,0.04,2,12943.582887740977,12943.582887740977
10,0.04,3,12943.58288774098,12943.582887740977
10,0.04,4,12943.582887740977,12943.582887740977
10,0.04,5,12943.582887740975,12943.582887740979
10,0.04,6,12943.58288774098,12943.582887740977
10,0.04,7,12943.582887740975,12943.582887740973
10,0.04,8,12943.58288774098,12943.582887740977
10,0.04,9,12943.582887740979,12943.582891431666
10,0.04,10,12943.582887740977,12943.582887740979
10,0.04,11,12943.582887740977,12943.582887740979
10,0.04,12,12943.582887740977,12943.582887740977
10,0.04,13,12943.582887740979,12943.582887740979
10,0.04,14,12943.582887740977,12943.582887740977
10,0.04,15,12943.582887740977,12478.247806259998
10,0.06,1,12992.060726271842,12992.060726271842
10,0.06,2,12992.060726271842,12992.060726271842
10,0.06,3,12992.060726271842,12992.060726271844
10,0.06,4,12992.060726271844,12992.060726271844
10,0.06,5,12992.060726271842,12992.060726271839
10,0.06,6,12992.060726271844,12992.060726271844
10,0.06,7,12992.060726271842,12992.06072627184
10,0.06,8,12992.06072627184,12992.060729782523
10,0.06,9,12992.060726271842,12992.060722515002
10,0.06,10,12992.060726271844,12992.060726271844
10,0.06,11,12992.060726271842,12992.060726271844
10,0.06,12,12992.060726271844,12992.060726271844
10,0.06,13,12992.060726271842,12992.06072916
10,0.06,14,12992.060726271842,12992.060726271842
10,0.06,15,12737.811130281989,12456.612174499998
11,0.0,1,11353.978711367465,11353.978711367465
11,0.0,2,11353.978711367468,11353.978711367467
11,0.0,3,11353.978711367463,11353.978711367465
11,0.0,4,11353.978711367467,11353.978711367465
11,0.0,5,11353.978711367463,11353.978711367465
11,0.0,6,11353.978711367465,11353.978711367463
11,0.0,7,11353.978711367467,11353.978711367463
11,0.0,8,11353.978711367463,11353.978711367465
11,0.0,9,11353.978711367467,11353.978711367465
11,0.0,10,11353.978711367465,11353.978711367463
11,0.0,11,11353.978711367465,11353.978711367465
11,0.0,12,11353.978711367465,11353.978711367465
11,0.0,13,11353.978711367463,11353.978711367467
11,0.0,14,11353.978711367463,11353.978711367463
11,0.0,15,11353.978711367463,11353.97870982932
11,0.02,1,11825.782025910998,11825.782025910998
11,0.02,2,11825.782025910998,11825.782025911
11,0.02,3,11825.782025911,11825.782025911
11,0.02,4,11825.782025910996,11825.782025910996
11,0.02,5,11825.782025910998,11825.782025911
11,0.02,6,11825.782025910996,11825.782025910996
11,0.02,7,11825.782025911,11825.782025911
11,0.02,8,11825.782025910998,11825.782025910998
11,0.02,9,11825.782025910998,11825.782025910998
11,0.02,10,11825.782025910998,11825.782025910998
11,0.02,11,11825.782025910996,11825.782025910996
11,0.02,12,11825.782025910994,11825.782025910998
11,0.02,13,11825.782025910998,11825.782025910998
11,0.02,14,11825.782025911,11825.782025910996
11,0.02,15,11825.782025911,11318.161947132501
11,0.04,1,11773.415522985277,11773.415522985277
11,0.04,2,11773.415522985277,11773.415522985277
11,0.04,3,11773.415522985279,11773.41552298528
11,0.04,4,11773.415522985275,11773.415522985275
11,0.04,5,11773.415522985279,11773.415522985277
11,0.04,6,11773.415522985275,11773.415522985273
11,0.04,7,11773.415522985275,11773.415522985279
11,0.04,8,11773.415522985277,11773.415522985277
11,0.04,9,11773.415522985277,11773.41552298528
11,0.04,10,11773.415522985275,11773.4155231745
11,0.04,11,11773.415522985277,11773.415522985277
11,0.04,12,11773.415522985275,11773.415522985275
11,0.04,13,11773.415522985279,11773.415522985279
11,0.04,14,11773.415522985277,11268.626048413002
11,0.04,15,11773.415522985279,11194.961532745
11,0.06,1,11773.415522985277,11773.415522985277
11,0.06,2,11773.415522985277,11773.415522985277
11,0.06,3,11773.41552298528,11773.415522985279
11,0.06,4,11773.415522985275,11773.415522985275
11,0.06,5,11773.415522985277,11773.415522985277
11,0.06,6,11773.415522985275,11773.41554055946
11,0.06,7,11773.415522985279,11773.415522985279
11,0.06,8,11773.415522985277,11773.415522985277
11,0.06,9,11773.415522985277,11773.415522985277
11,0.06,10,11773.415522985275,11773.415522985277
11,0.06,11,11773.415522985277,11773.41552298528
11,0.06,12,11773.415522985273,11773.415522985273
11,0.06,13,11773.415522985275,11773.4155389325
11,0.06,14,11773.415522985279,11773.4155008465
11,0.06,15,11773.415522985279,11389.180250585001
12,0.0,1,11352.180182423166,11352.180182423166
12,0.0,2,11352.180182423166,11352.180182423166
12,0.0,3,11352.180182423162,11352.180182423166
12,0.0,4,11352.180182423164,11352.180182423162
12,0.0,5,11352.180182423166,11352.180182423168
12,0.0,6,11352.180182423166,11352.180182423166
12,0.0,7,11352.180182423166,11352.18018242317
12,0.0,8,11352.180182423168,11352.180182423162
12,0.0,9,11352.180182423166,11352.180182423168
12,0.0,10,11352.180182423164,11352.180182423166
12,0.0,11,11352.180182423166,11352.180182423164
12,0.0,12,11352.180182423166,11352.180182423168
12,0.0,13,11352.180182423164,11352.180182423166
12,0.0,14,11352.180182423168,11352.180182423166
12,0.0,15,11352.180182423168,11052.33167868855
12,0.02,1,11817.307570284087,11817.307570284087
12,0.02,2,11817.307570284085,11817.307570284085
12,0.02,3,11817.307570284087,11817.307570284083
12,0.02,4,11817.307570284085,11817.307570284082
12,0.02,5,11817.307570284085,11817.307570284085
12,0.02,6,11817.307570284085,11817.307570284085
12,0.02,7,11817.307570284087,11817.307570284083
12,0.02,8,11817.307570284087,11817.307570284085
12,0.02,9,11817.307570284085,11817.307570284085
12,0.02,10,11817.307570284087,11817.307570284083
12,0.02,11,11817.307570284083,11817.307570284085
12,0.02,12,11817.307570284082,11817.307570284083
12,0.02,13,11817.307570284083,11817.307570284083
12,0.02,14,11817.307570284085,11497.8044888625
12,0.02,15,11817.307570284087,11511.188956085003
12,0.04,1,11607.074311280032,11607.074311280032
12,0.04,2,11607.074311280034,11607.074311280034
12,0.04,3,11607.074311280037,11607.074311280037
12,0.04,4,11607.074311280032,11607.074311280028
12,0.04,5,11607.074311280032,11607.074311280034
12,0.04,6,11607.074311280036,11607.074311280032
12,0.04,7,11607.074311280037,11607.074311280037
12,0.04,8,11607.074311280032,11607.074311280032
12,0.04,9,11607.074311280032,11607.074311280034
12,0.04,10,11607.074311280034,11607.074311280034
12,0.04,11,11607.074311280032,11607.074311280032
12,0.04,12,11607.074311280032,11607.074311280034
12,0.04,13,11607.074311280034,11607.074318941002
12,0.04,14,11607.074311280032,11607.074296818499
12,0.04,15,11607.074311280037,11291.06312396
12,0.06,1,11645.63601995538,11645.63601995538
12,0.06,2,11645.636019955382,11645.63601995538
12,0.06,3,11645.636019955382,11645.636019955386
12,0.06,4,11645.63601995538,11645.63601995538
12,0.06,5,11645.636019955382,11645.636019955382
12,0.06,6,11645.636019955384,11645.63601995538
12,0.06,7,11645.636019955386,11645.636019955386
12,0.06,8,11645.63601995538,11645.636023861769
12,0.06,9,11645.636019955382,11645.636019955382
12,0.06,10,11645.63601995538,11645.636019955384
12,0.06,11,11645.636019955382,11645.63601995538
12,0.06,12,11645.636019955376,11645.636021094726
12,0.06,13,11645.636019955382,11645.636019955382
12,0.06,14,11645.636019955382,11645.636012324498
12,0.06,15,11645.636019955386,11543.974440829003
13,0.0,1,11505.930615764288,11505.930615764288
13,0.0,2,11505.93061576429,11505.930615764286
13,0.0,3,11505.930615764286,11505.93061576429
13,0.0,4,11505.930615764288,11505.930615764288
13,0.0,5,11505.930615764286,11505.930615764286
13,0.0,6,11505.930615764286,11505.930615764288
13,0.0,7,11505.930615764288,11505.930615764291
13,0.0,8,11505.930615764288,11505.930615764286
13,0.0,9,11505.93061576429,11505.930615764288
13,0.0,10,11505.930615764288,11505.930615764288
13,0.0,11,11505.930615764286,11505.93061576429
13,0.0,12,11505.930615764286,11505.930615764288
13,0.0,13,11505.930615764286,11375.264559827845
13,0.0,14,11505.930615764288,11505.93061576429
13,0.0,15,11505.930615764288,11084.2313567575
13,0.02,1,11936.95695241574,11936.95695241574
13,0.02,2,11936.95695241574,11936.956952415738
13,0.02,3,11936.956952415743,11936.95695241574
13,0.02,4,11936.956952415741,11936.956952415743
13,0.02,5,11936.956952415736,11936.95695241574
13,0.02,6,11936.95695241574,11936.956952415741
13,0.02,7,11936.956952415743,11936.956952415743
13,0.02,8,11936.956952415738,11936.956952415741
13,0.02,9,11936.956952415738,11936.956952415741
13,0.02,10,11936.956952415745,11936.95695241574
13,0.02,11,11936.956952415741,11936.95695241574
13,0.02,12,11936.956952415738,11936.95695241574
13,0.02,13,11936.95695241574,11936.956952415738
13,0.02,14,11936.95695241574,11936.95695241574
13,0.02,15,11936.956952415745,11816.7594464245
13,0.04,1,11870.628378796768,11870.628378796768
13,0.04,2,11870.628378796766,11870.628378796764
13,0.04,3,11870.628378796768,11870.62837879677
13,0.04,4,11870.628378796766,11870.628378796768
13,0.04,5,11870.62837879676,11870.628383915626
13,0.04,6,11870.628378796762,11870.628378796764
13,0.04,7,11870.628378796768,11870.628378796768
13,0.04,8,11870.628378796762,11870.628378796766
13,0.04,9,11870.628378796764,11870.628378796766
13,0.04,10,11870.628378796766,11870.6283843075
13,0.04,11,11870.628378796768,11870.628413398152
13,0.04,12,11870.628378796766,11870.628378796764
13,0.04,13,11870.628378796764,11870.628378796764
13,0.04,14,11870.628378796766,11870.628332973998
13,0.04,15,11870.62837879677,11384.433506278003
13,0.06,1,11870.628378796766,11870.628378796766
13,0.06,2,11870.628378796764,11870.628378796766
13,0.06,3,11870.628378796764,11870.628378796768
13,0.06,4,11870.628378796766,11870.628378796766
13,0.06,5,11870.628378796764,11870.628378796764
13,0.06,6,11870.628378796766,11870.628378796764
13,0.06,7,11870.628378796768,11870.628378796768
13,0.06,8,11870.628378796762,11870.628390113987
13,0.06,9,11870.628378796768,11870.628391109525
13,0.06,10,11870.628378796766,11870.628378796768
13,0.06,11,11870.628378796768,11870.628378796768
13,0.06,12,11870.628378796768,11870.628378796764
13,0.06,13,11870.628378796764,11870.628378796764
13,0.06,14,11870.628378796766,11870.628370220998
13,0.06,15,11870.628378796766,11870.628386274002
14,0.0,1,11315.082608697121,11315.082608697121
14,0.0,2,11315.082608697114,11315.082608697114
14,0.0,3,11315.08260869712,11315.08260869712
14,0.0,4,11315.082608697117,11315.08260869712
14,0.0,5,11315.082608697116,11315.082608697116
14,0.0,6,11315.082608697117,11315.082608697116
14,0.0,7,11315.082608697117,11315.082608697117
14,0.0,8,11315.08260869712,11315.082608697117
14,0.0,9,11315.08260869712,11315.082608697116
14,0.0,10,11315.082608697114,11315.082608697117
14,0.0,11,11315.082608697117,11315.082608697117
14,0.0,12,11315.082608697116,11315.082608697117
14,0.0,13,11315.08260869712,11315.082608697117
14,0.0,14,11315.082608697114,11315.082608697116
14,0.0,15,11315.082608697117,10783.286280880677
14,0.02,1,11903.721548686008,11903.721548686008
14,0.02,2,11903.721548686008,11903.721548686008
14,0.02,3,11903.721548686004,11903.721548686006
14,0.02,4,11903.721548686004,11903.721548686004
14,0.02,5,11903.721548686006,11903.721548686006
14,0.02,6,11903.721548686008,11903.721548686011
14,0.02,7,11903.721548686006,11903.721548686006
14,0.02,8,11903.721548686006,11903.721548686008
14,0.02,9,11903.721548686006,11903.721548686006
14,0.02,10,11903.721548686006,11903.721548686008
14,0.02,11,11903.721548686008,11903.72154868601
14,0.02,12,11903.721548686004,11903.721548686006
14,0.02,13,11903.72154868601,11903.721548686008
14,0.02,14,11903.721548686008,11657.724472707
14,0.02,15,11903.721548686006,11373.257726939999
14,0.04,1,11759.203383686181,11759.203383686181
14,0.04,2,11759.20338368618,11759.203383686181
14,0.04,3,11759.203383686185,11759.203383686181
14,0.04,4,11759.203383686181,11759.203383686181
14,0.04,5,11759.203383686183,11759.20338368618
14,0.04,6,11759.203383686181,11759.203383686181
14,0.04,7,11759.20338368618,11759.20338368618
14,0.04,8,11759.20338368618,11759.203464348087
14,0.04,9,11759.203383686181,11759.20338368618
14,0.04,10,11759.203383686181,11759.203383686181
14,0.04,11,11759.203383686181,11759.203383686181
14,0.04,12,11759.20338368618,11759.20338368618
14,0.04,13,11759.20338368618,11759.203383686181
14,0.04,14,11759.203383686181,11253.5674122745
14,0.04,15,11759.203383686181,11759.2033244
14,0.06,1,11759.20338368618,11759.20338368618
14,0.06,2,11759.20338368618,11759.203383686183
14,0.06,3,11759.203383686177,11759.203383686181
14,0.06,4,11759.203383686183,11759.203383686181
14,0.06,5,11759.203383686181,11759.203383686181
14,0.06,6,11759.203383686181,11759.203383686185
14,0.06,7,11759.20338368618,11759.203383686183
14,0.06,8,11759.203383686181,11759.203378785
14,0.06,9,11759.203383686181,11759.203380649271
14,0.06,10,11759.203383686181,11759.20338368618
14,0.06,11,11759.203383686183,11759.203383686181
14,0.06,12,11759.20338368618,11759.203392329002
14,0.06,13,11759.20338368618,11759.20338368618
14,0.06,14,11741.587627401725,11638.427383190501
14,0.06,15,11759.203383686181,11759.203385679999
15,0.0,1,11333.973533430948,11333.973533430948
15,0.0,2,11333.973533430944,11333.973533430946
15,0.0,3,11333.973533430953,11333.97353343095
15,0.0,4,11333.973533430948,11333.973533430948
15,0.0,5,11333.973533430946,11333.973533430948
15,0.0,6,11333.973533430948,11333.97353343095
15,0.0,7,11333.97353343095,11333.97353343095
15,0.0,8,11333.973533430948,11333.973533430946
15,0.0,9,11333.973533430952,11333.97353343095
15,0.0,10,11333.973533430946,11052.63166455672
15,0.0,11,11333.97353343095,11333.973533430948
15,0.0,12,11333.97353343095,11333.973533430948
15,0.0,13,11333.973533430948,10793.117931562534
15,0.0,14,11333.97353343095,11333.97353343095
15,0.0,15,11333.973533430946,11207.23637285238
15,0.02,1,11704.480050391912,11704.480050391912
15,0.02,2,11704.480050391912,11704.480050391914
15,0.02,3,11704.480050391914,11704.480050391918
15,0.02,4,11704.480050391914,11704.480050391914
15,0.02,5,11704.480050391912,11704.480050391916
15,0.02,6,11704.480050391914,11704.480050391914
15,0.02,7,11704.480050391916,11704.480050391912
15,0.02,8,11704.480050391914,11704.480050391914
15,0.02,9,11704.480050391912,11704.480050391914
15,0.02,10,11704.480050391914,11704.480050391914
15,0.02,11,11704.480050391916,11704.480050391916
15,0.02,12,11704.48005039191,11704.480050391914
15,0.02,13,11704.480050391912,11704.480050391916
15,0.02,14,11704.480050391914,11392.441757135
15,0.02,15,11704.480050391918,10893.80308302
15,0.04,1,11512.369527148021,11512.369527148021
15,0.04,2,11512.369527148023,11512.36952714802
15,0.04,3,11512.369527148021,11512.369527148021
15,0.04,4,11512.369527148025,11512.369527148025
15,0.04,5,11512.369527148016,11512.369525217564
15,0.04,6,11512.369527148021,11512.369527148021
15,0.04,7,11512.36952714802,11512.369527148021
15,0.04,8,11512.36952714802,11512.369527148017
15,0.04,9,11512.369527148021,11512.369527148021
15,0.04,10,11512.369527148023,11512.369527148021
15,0.04,11,11512.369527148021,11512.369527148021
15,0.04,12,11512.369527148021,11512.369527148021
15,0.04,13,11512.369527148017,11512.369534082498
15,0.04,14,11512.369527148023,11512.369527202502
15,0.04,15,11512.369527148023,11512.369522980001
15,0.06,1,11553.049278127342,11553.049278127342
15,0.06,2,11553.049278127342,11553.049278127344
15,0.06,3,11553.049278127342,11553.049278127342
15,0.06,4,11553.049278127346,11553.049278127346
15,0.06,5,11553.049278127335,11553.049278127337
15,0.06,6,11553.049278127342,11553.049278127344
15,0.06,7,11553.049278127342,11553.049275396057
15,0.06,8,11553.04927812734,11553.049278127339
15,0.06,9,11553.049278127346,11553.049278127346
15,0.06,10,11553.049278127342,11553.049278127342
15,0.06,11,11553.04927812734,11553.049333760908
15,0.06,12,11553.049278127339,11553.049278127342
15,0.06,13,11553.049278127339,11553.049220570498
15,0.06,14,11099.024839891517,11161.989539780001
15,0.06,15,11553.049278127344,11113.937115530001
16,0.0,1,11365.506723327399,11365.506723327399
16,0.0,2,11365.506723327404,11365.506723327406
16,0.0,3,11365.506723327404,11365.5067233274
16,0.0,4,11365.506723327397,11365.506723327399
16,0.0,5,11365.5067233274,11365.506723327404
16,0.0,6,11365.5067233274,11365.506723327404
16,0.0,7,11365.506723327404,11365.506723327402
16,0.0,8,11365.506723327404,11365.506723327402
16,0.0,9,11365.506723327402,11365.5067233274
16,0.0,10,11365.506723327402,11365.506723327402
16,0.0,11,11365.506723327404,11365.506723327402
16,0.0,12,11365.5067233274,11365.506723327402
16,0.0,13,11365.506723327402,11365.506723327404
16,0.0,14,11365.506723327399,11365.506723327406
16,0.0,15,11365.5067233274,11130.073771985682
16,0.02,1,11750.753270616642,11750.753270616642
16,0.02,2,11750.753270616638,11750.753270616644
16,0.02,3,11750.753270616646,11750.75327061664
16,0.02,4,11750.75327061664,11750.75327061664
16,0.02,5,11750.753270616642,11750.753270616642
16,0.02,6,11750.753270616642,11750.75327061664
16,0.02,7,11750.75327061664,11750.753270616644
16,0.02,8,11750.75327061664,11750.75327061664
16,0.02,9,11750.75327061664,11750.753270616642
16,0.02,10,11750.75327061664,11750.753270616644
16,0.02,11,11750.75327061664,11750.753270616642
16,0.02,12,11750.753270616637,11750.75327061664
16,0.02,13,11750.753270616642,11750.753270616642
16,0.02,14,11750.753270616642,11750.75327061664
16,0.02,15,11750.75327061664,11608.729891359999
16,0.04,1,11619.832819296073,11619.832819296073
16,0.04,2,11619.832819296073,11619.832819296073
16,0.04,3,11619.832819296073,11619.832819296074
16,0.04,4,11619.83281929607,11619.83281929607
16,0.04,5,11619.832819296076,11619.832817603408
16,0.04,6,11619.832819296074,11619.83281929607
16,0.04,7,11619.83281929607,11619.83281929607
16,0.04,8,11619.832819296074,11619.832822304237
16,0.04,9,11619.83281929607,11619.832820194748
16,0.04,10,11619.832819296074,11619.832819296073
16,0.04,11,11619.832819296073,11619.832819296073
16,0.04,12,11619.83281929607,11619.83281929607
16,0.04,13,11619.832819296073,11619.832819296074
16,0.04,14,11619.832819296074,11317.615746723503
16,0.04,15,11619.832819296074,11619.832819884998
16,0.06,1,11661.480965601793,11661.480965601793
16,0.06,2,11661.480965601793,11661.480965601793
16,0.06,3,11661.480965601793,11661.480965601795
16,0.06,4,11661.48096560179,11661.480965601791
16,0.06,5,11661.480965601793,11661.480965601797
16,0.06,6,11661.480965601791,11661.480965601791
16,0.06,7,11661.480965601791,11661.480999819878
16,0.06,8,11661.480965601791,11661.480965601791
16,0.06,9,11661.480965601795,11661.480965601791
16,0.06,10,11661.480965601793,11661.480965601793
16,0.06,11,11661.480965601793,11661.480965601795
16,0.06,12,11661.480965601791,11661.480965601791
16,0.06,13,11661.480965601795,11661.480965601795
16,0.06,14,11661.480965601791,11661.480932948502
16,0.06,15,11661.480965601795,11180.138663469997
17,0.0,1,11314.029860241606,11314.029860241606
17,0.0,2,11314.029860241608,11314.029860241608
17,0.0,3,11314.029860241606,11314.029860241608
17,0.0,4,11314.029860241606,11314.029860241606
17,0.0,5,11314.029860241602,11314.029860241606
17,0.0,6,11314.029860241606,11314.029860241608
17,0.0,7,11314.029860241608,11314.02986024161
17,0.0,8,11314.029860241604,11314.02986024161
17,0.0,9,11314.029860241606,11314.029860241608
17,0.0,10,11314.02986024161,11314.029860241606
17,0.0,11,11314.029860241606,11314.029860241608
17,0.0,12,11314.029860241604,11314.02986024161
17,0.0,13,11314.029860241606,11052.787781676516
17,0.0,14,11314.029860241606,11103.842525990201
17,0.0,15,11314.029860241606,11314.029860241606
17,0.02,1,11796.894726102597,11796.894726102597
17,0.02,2,11796.8947261026,11796.894726102599
17,0.02,3,11796.894726102597,11796.8947261026
17,0.02,4,11796.894726102597,11796.894726102597
17,0.02,5,11796.8947261026,11796.894726102599
17,0.02,6,11796.894726102602,11796.894726102602
17,0.02,7,11796.894726102597,11796.8947261026
17,0.02,8,11796.894726102599,11796.894726102599
17,0.02,9,11796.894726102597,11796.894726102597
17,0.02,10,11796.894726102599,11796.894726102599
17,0.02,11,11796.894726102597,11796.8947261026
17,0.02,12,11796.894726102599,11796.894726102597
17,0.02,13,11796.894726102599,11796.894726102599
17,0.02,14,11796.894726102602,11276.701524583503
17,0.02,15,11796.8947261026,11796.894726102597
17,0.04,1,11589.088252597183,11589.088252597183
17,0.04,2,11589.088252597185,11589.088252597183
17,0.04,3,11589.088252597183,11589.088252597183
17,0.04,4,11589.088252597183,11589.088252597181
17,0.04,5,11589.088252597185,11589.088252597185
17,0.04,6,11589.088252597185,11589.088252597185
17,0.04,7,11589.088252597185,11589.088252597185
17,0.04,8,11589.088252597183,11589.08825777164
17,0.04,9,11589.088252597183,11589.088252816098
17,0.04,10,11589.088252597185,11589.088273704652
17,0.04,11,11589.088252597181,11589.088252597183
17,0.04,12,11589.088252597181,11589.088252597183
17,0.04,13,11589.088252597183,11589.088252597183
17,0.04,14,11589.088252597185,11589.088258017999
17,0.04,15,11589.088252597183,11589.088252771002
17,0.06,1,11634.714584300322,11634.714584300322
17,0.06,2,11634.714584300322,11634.71458430032
17,0.06,3,11634.71458430032,11634.71458430032
17,0.06,4,11634.714584300318,11634.714584300318
17,0.06,5,11634.714584300324,11634.71458430032
17,0.06,6,11634.714584300322,11634.714584300322
17,0.06,7,11634.71458430032,11634.714610245295
17,0.06,8,11634.71458430032,11634.714667221335
17,0.06,9,11634.71458430032,11634.714584300316
17,0.06,10,11634.71458430032,11634.71458430032
17,0.06,11,11634.71458430032,11634.71458430032
17,0.06,12,11634.714584300322,11634.71458430032
17,0.06,13,11634.71458430032,11634.71458430032
17,0.06,14,11634.714584300322,11634.714525557001
17,0.06,15,11634.714584300324,11544.38152321
18,0.0,1,11285.649831994157,11285.649831994157
18,0.0,2,11285.649831994155,11285.649831994158
18,0.0,3,11285.649831994155,11285.649831994155
18,0.0,4,11285.649831994158,11285.649831994157
18,0.0,5,11285.64983199416,11285.649831994155
18,0.0,6,11285.649831994157,11285.649831994158
18,0.0,7,11285.649831994157,11285.64983199416
18,0.0,8,11285.649831994157,11285.649831994157
18,0.0,9,11285.649831994158,11285.649831994157
18,0.0,10,11285.649831994158,11285.649831994157
18,0.0,11,11285.649831994157,11285.649831994157
18,0.0,12,11285.649831994158,11285.649831994158
18,0.0,13,11285.649831994158,11285.649831994157
18,0.0,14,11285.649831994158,11285.649831994157
18,0.0,15,11285.649831994158,11005.402187876882
18,0.02,1,11846.834692089675,11846.834692089675
18,0.02,2,11846.834692089675,11846.834692089675
18,0.02,3,11846.834692089673,11846.834692089673
18,0.02,4,11846.834692089675,11846.834692089671
18,0.02,5,11846.834692089677,11846.834692089677
18,0.02,6,11846.834692089673,11846.834692089675
18,0.02,7,11846.834692089673,11846.834692089673
18,0.02,8,11846.834692089675,11846.834692089673
18,0.02,9,11846.834692089677,11846.834692089675
18,0.02,10,11846.834692089673,11846.834692089671
18,0.02,11,11846.834692089671,11846.834692089677
18,0.02,12,11846.834692089675,11846.834692089673
18,0.02,13,11846.834692089675,11846.834692089673
18,0.02,14,11846.834692089673,11846.834692089675
18,0.02,15,11846.834692089675,11382.665805942
18,0.04,1,11655.251889701518,11655.251889701518
18,0.04,2,11655.251889701518,11655.251889701518
18,0.04,3,11655.251889701516,11655.251889701516
18,0.04,4,11655.251889701518,11655.251889701523
18,0.04,5,11655.25188970152,11655.251889701522
18,0.04,6,11655.25188970152,11655.25188970152
18,0.04,7,11655.251889701518,11655.251889701518
18,0.04,8,11655.251889701518,11655.251889701518
18,0.04,9,11655.251889701518,11655.251889701518
18,0.04,10,11655.251889701516,11655.251891241518
18,0.04,11,11655.251889701518,11655.251889701518
18,0.04,12,11655.251889701518,11655.251889981591
18,0.04,13,11655.25188970152,11655.251889701518
18,0.04,14,11655.251889701516,11655.25188970152
18,0.04,15,11655.251889701516,11182.671461663
18,0.06,1,11655.251889701518,11655.251889701518
18,0.06,2,11655.25188970152,11655.251889701518
18,0.06,3,11655.251889701516,11655.251889701518
18,0.06,4,11655.251889701522,11655.251889701523
18,0.06,5,11655.25188970152,11655.251889701522
18,0.06,6,11655.251889701518,11655.251889701516
18,0.06,7,11655.251889701518,11655.251889701518
18,0.06,8,11655.25188970152,11655.251889701518
18,0.06,9,11655.251889701518,11655.251889701518
18,0.06,10,11655.251889701518,11655.251889701516
18,0.06,11,11655.251889701516,11655.251889701518
18,0.06,12,11655.251889701518,11655.251889701518
18,0.06,13,11655.251889701518,11655.2519042565
18,0.06,14,11655.25188970152,11655.251882099501
18,0.06,15,11655.25188970152,11655.251880246
