landbase,discount_rate,calibrated_cap_mcf,cap_realized_mcf_1_11,ndy_realized_mcf_1_11,ndy_announced_mcf_1_11,cap_npv_1_11,ndy_realized_npv_1_11,volume_cap_vs_realized_ndy_1_11,volume_cap_vs_announced_ndy_1_11,npv_cap_vs_realized_ndy_1_11,cap_realized_mcf_1_15,ndy_realized_mcf_1_15,ndy_announced_mcf_1_15,cap_npv_1_15,ndy_realized_npv_1_15,volume_cap_vs_realized_ndy_1_15,volume_cap_vs_announced_ndy_1_15,npv_cap_vs_realized_ndy_1_15
1,0.0,7556.5236,83121.76,74593.5904,89984.9818,96990323.23,83246228.1991,0.1143,-0.0763,0.1651,113126.0588,104287.5658,127149.9889,137991924.7,122474952.7313,0.0848,-0.1103,0.1267
1,0.02,8410.9529,92520.4824,87466.6656,98277.174,37849910.3054,36458405.5289,0.0578,-0.0586,0.0382,126164.2942,116891.3213,134014.3282,41047156.3699,39405076.4408,0.0793,-0.0586,0.0417
1,0.04,7949.5927,87445.5192,89546.0946,98051.0608,17558756.0335,18734328.8229,-0.0235,-0.1082,-0.0627,119136.4355,118328.1152,133705.9919,17779253.8443,18937179.2714,0.0068,-0.109,-0.0611
1,0.06,7949.5927,87445.5192,89946.4446,98051.0608,10483338.6808,11350551.9347,-0.0278,-0.1082,-0.0764,119177.7445,118551.5226,133705.9919,10502038.99,11367816.3159,0.0053,-0.1087,-0.0762
2,0.0,9445.6545,103902.2,93414.2074,114044.9669,121237904.0375,107852545.4672,0.1123,-0.0889,0.1241,141407.5734,129257.583,156334.0112,172489905.4485,154458278.9171,0.094,-0.0955,0.1167
2,0.02,10513.6912,115650.603,107458.0386,113988.4692,47312387.8821,44578093.5061,0.0762,0.0146,0.0613,157705.3677,144165.1423,155438.8216,51308945.4623,48237535.2795,0.0939,0.0146,0.0637
2,0.04,9936.9908,109306.899,106358.932,113943.4926,21948445.0419,21997409.1001,0.0277,-0.0407,-0.0022,148920.5444,141666.9926,155377.4899,22224067.3054,22246424.3802,0.0512,-0.0416,-0.001
2,0.06,9936.9908,109306.899,105731.3876,113950.2595,13104173.351,13239981.4916,0.0338,-0.0407,-0.0103,148972.1806,140618.6323,155386.7175,13127548.7375,13260983.5561,0.0594,-0.0413,-0.0101
3,0.0,6185.9336,67808.8705,51020.5804,63814.0173,80050203.3783,55518701.5293,0.329,0.0626,0.4419,92552.605,83389.5305,102365.6768,113656729.6493,96302367.7289,0.1099,-0.0959,0.1802
3,0.02,6183.6196,67796.3006,69019.7065,68912.5959,28109323.18,28047840.4605,-0.0177,-0.0162,0.0022,92530.779,94551.4452,97781.5519,30315967.0422,30492114.3173,-0.0214,-0.0537,-0.0058
3,0.04,6161.6138,67637.4274,70186.9562,76256.9724,13575801.7579,14033224.5066,-0.0363,-0.113,-0.0326,92283.8827,92614.864,103986.7805,13745703.1686,14182393.072,-0.0036,-0.1125,-0.0308
3,0.06,6117.6023,67064.0295,69948.7082,75744.0102,8077946.028,8652470.2887,-0.0412,-0.1146,-0.0664,91534.4387,92013.2752,103287.2866,8092236.9423,8665631.0717,-0.0052,-0.1138,-0.0662
4,0.0,8377.6119,92153.731,70946.4385,88790.6932,108970633.7244,83152715.7997,0.2989,0.0379,0.3105,125664.1786,108154.1501,131281.6436,153849059.8337,130962138.4212,0.1619,-0.0428,0.1748
4,0.02,8444.4269,92888.6957,92381.8818,93832.4701,38281777.8296,38170687.5479,0.0055,-0.0101,0.0029,126598.527,125360.4763,127953.3684,41508147.0943,41310579.5962,0.0099,-0.0106,0.0048
4,0.04,8328.7498,91616.2478,91664.6764,93761.9189,18465201.6218,18630686.0358,-0.0005,-0.0229,-0.0089,124931.247,123875.5765,127857.1622,18695268.1826,18856174.3581,0.0085,-0.0229,-0.0085
4,0.06,8290.1908,91192.0985,91305.2346,93761.9189,10992321.8436,11155993.2686,-0.0012,-0.0274,-0.0147,124352.8616,123358.9801,127857.1622,11011687.2093,11174879.2725,0.0081,-0.0274,-0.0146
5,0.0,5100.6924,55855.9241,50938.9244,60762.7211,65914075.8595,57536857.7281,0.0965,-0.0808,0.1456,76258.6937,78829.8352,99314.3806,93290013.1845,92210721.0828,-0.0326,-0.2321,0.0117
5,0.02,5098.8941,55844.2671,64657.4212,65059.6449,23507277.1168,25396268.9941,-0.1363,-0.1416,-0.0744,76239.8433,90250.8853,92807.4296,25348391.6744,27847553.9814,-0.1552,-0.1785,-0.0897
5,0.04,5078.0823,55636.7479,64968.0846,70310.2224,11378739.8978,12076980.9985,-0.1436,-0.2087,-0.0578,75949.0769,89933.7127,98271.8017,11520125.8871,12248715.2081,-0.1555,-0.2272,-0.0595
5,0.06,5078.0823,55636.7479,65296.8415,71334.7946,6812743.7974,7332909.0578,-0.1479,-0.2201,-0.0709,75949.0769,88479.8429,99162.7039,6824685.3929,7345878.2808,-0.1416,-0.2341,-0.071
6,0.0,7715.5928,84503.8752,62427.7954,80598.1875,100200047.5179,74514317.5102,0.3536,0.0485,0.3447,115366.2463,102289.401,123041.9315,141497422.3795,124371953.8657,0.1278,-0.0624,0.1377
6,0.02,7697.4845,84405.5113,84970.3332,84227.2774,34941855.6803,34852281.8817,-0.0066,0.0021,0.0026,115195.4493,116184.1792,117836.1477,37729418.9417,37788838.1342,-0.0085,-0.0224,-0.0016
6,0.04,7600.6608,83607.2691,83874.7146,84145.2094,16815776.5938,16881989.2797,-0.0032,-0.0064,-0.0039,113862.964,114501.3537,117153.637,17025298.8177,17092196.0207,-0.0056,-0.0281,-0.0039
6,0.06,7528.043,82808.4735,83541.4413,84145.2094,9962208.711,10091043.473,-0.0088,-0.0159,-0.0128,112920.6457,114044.8814,114966.4487,9979827.3904,10108762.6512,-0.0099,-0.0178,-0.0128
7,0.0,7018.8634,76380.7944,66138.8254,78639.36,91786443.5615,83145171.0056,0.1549,-0.0287,0.1039,103431.7518,92033.3171,119852.1997,126015565.6056,120902012.0497,0.1239,-0.137,0.0423
7,0.02,7073.8587,77812.4458,77192.7808,77803.1429,31324387.9224,31192499.3834,0.008,0.0001,0.0042,105812.8294,104442.8206,111206.5221,33919078.6705,33719986.9214,0.0131,-0.0485,0.0059
7,0.04,7036.5224,77401.7461,75988.6901,80662.3522,14555859.9625,14922925.3686,0.0186,-0.0404,-0.0246,105492.8047,103410.6175,110096.6382,14758439.9532,15117195.7399,0.0201,-0.0418,-0.0237
7,0.06,6910.8702,76019.5721,76263.2548,80681.4567,8269242.2019,8665497.6952,-0.0032,-0.0578,-0.0457,103663.0528,102932.6778,110124.2336,8286309.3435,8680364.8597,0.0071,-0.0587,-0.0454
8,0.0,7477.5919,81933.4227,76071.026,90143.5249,97410930.2452,94550591.2582,0.0771,-0.0911,0.0303,111843.7903,115416.9175,137988.2889,138463933.0197,152193177.4451,-0.031,-0.1895,-0.0902
8,0.02,7481.6551,81967.6837,89982.7114,90006.4043,32881804.7702,35183041.7995,-0.0891,-0.0893,-0.0654,111894.3042,125247.5566,128458.8689,35634575.8585,38397919.759,-0.1066,-0.1289,-0.072
8,0.04,7440.9653,81536.5405,89839.8699,89839.8699,15228540.1525,15905336.9237,-0.0924,-0.0924,-0.0426,111300.4019,125130.2968,128635.3609,15440442.9713,16154440.3264,-0.1105,-0.1348,-0.0442
8,0.06,7440.9653,81536.5405,89839.8699,89839.8699,8800887.3908,9006988.1056,-0.0924,-0.0924,-0.0229,111300.4019,125109.8307,128329.3488,8818849.5877,9028112.4489,-0.1104,-0.1327,-0.0232
9,0.0,10980.1467,120781.6139,115063.3603,126943.7354,144668891.4174,140142616.0177,0.0497,-0.0485,0.0323,164466.1909,155751.7192,176505.1911,201347773.0891,193282527.3298,0.056,-0.0682,0.0417
9,0.02,11890.9863,130800.8496,124370.2718,129631.4411,53512109.7783,51452342.5875,0.0517,0.009,0.04,178046.48,167342.5407,176770.1469,57874116.5498,55362203.8296,0.064,0.0072,0.0454
9,0.04,11271.6888,123988.5771,122412.6465,128821.1441,24564091.6298,24733765.5097,0.0129,-0.0375,-0.0069,169075.1987,164170.8998,175665.1966,24882411.071,25030506.2602,0.0299,-0.0375,-0.0059
9,0.06,11225.869,123484.5585,121073.5954,128028.9224,14549069.2434,14739323.711,0.0199,-0.0355,-0.0129,168388.0343,162318.1227,174584.8942,14575860.5842,14764222.1812,0.0374,-0.0355,-0.0128
10,0.0,11211.7372,122379.2872,115553.7471,126843.0874,146747204.7011,141150884.9095,0.0591,-0.0352,0.0396,163138.4334,155647.3589,176404.543,198678120.2841,193025759.8561,0.0481,-0.0752,0.0293
10,0.02,11912.0879,131032.9673,124411.7738,129722.6775,53573300.4407,51440733.6691,0.0532,0.0101,0.0415,177834.2246,167364.1064,176894.5603,57921172.0372,55370056.6607,0.0626,0.0053,0.0461
10,0.04,11283.369,124117.0592,122548.551,128864.0072,24565510.9986,24704817.7507,0.0128,-0.0368,-0.0056,168739.2561,164383.2263,175723.6461,24882035.1594,25003582.7837,0.0265,-0.0397,-0.0049
10,0.06,11238.2355,123620.591,121099.164,128107.2293,14531879.2292,14707742.8775,0.0208,-0.035,-0.012,168185.3049,162369.6041,174691.6764,14558684.6275,14732651.0419,0.0358,-0.0372,-0.0118
11,0.0,10024.2183,104413.4496,99520.8739,110680.934,127022071.3975,124703945.3188,0.0492,-0.0566,0.0186,140602.9946,133436.7797,154683.0683,174133144.9133,169926331.3858,0.0537,-0.091,0.0248
11,0.02,10196.8003,112164.8033,108084.0513,112467.802,46803954.1123,45674495.7477,0.0378,-0.0027,0.0247,152605.285,145437.0436,153365.1845,50633844.146,49130889.3788,0.0493,-0.005,0.0306
11,0.04,9691.6757,106608.4322,106926.7367,111958.273,21615904.8709,21983039.6287,-0.003,-0.0478,-0.0167,144970.9416,143462.2834,152670.3723,21890972.1217,22246919.4574,0.0105,-0.0504,-0.016
11,0.06,9691.6757,106608.4322,105639.9999,110909.6418,12862168.3305,13097640.0223,0.0092,-0.0388,-0.018,145099.8283,141694.1058,151240.4206,12885570.3907,13119679.2992,0.024,-0.0406,-0.0178
12,0.0,9646.727,103500.3599,98037.8376,108710.9409,126640279.1453,122420637.6366,0.0557,-0.0479,0.0345,138774.5957,132428.8155,151580.0892,172165425.5859,168358734.3246,0.0479,-0.0845,0.0226
12,0.02,10044.6256,110490.8812,105850.3377,110250.4773,45995454.2212,44635170.0474,0.0438,0.0022,0.0305,150580.6376,142447.9396,150341.5599,49775615.1399,48029534.1704,0.0571,0.0016,0.0364
12,0.04,9478.2724,104260.9959,104749.2988,109832.4452,21062434.0565,21468522.6097,-0.0047,-0.0507,-0.0189,142144.3494,140517.8335,149771.5161,21335132.9597,21729955.1875,0.0116,-0.0509,-0.0182
12,0.06,9478.2724,104260.996,103571.346,109072.1347,12525487.6856,12782051.4224,0.0067,-0.0441,-0.0201,142154.1661,138892.1586,148734.7291,12548579.5113,12803896.9591,0.0235,-0.0442,-0.0199
13,0.0,9463.6616,104100.2781,99264.7119,109987.3364,127019912.6575,124045525.976,0.0487,-0.0535,0.024,141954.9247,133058.9797,153442.0426,177146080.0976,168882882.068,0.0669,-0.0749,0.0489
13,0.02,10172.8757,111901.6327,107123.8825,111635.3451,46530526.814,45141964.2915,0.0446,0.0024,0.0308,152422.1006,144143.3273,152230.0161,50351912.3264,48601376.3245,0.0574,0.0013,0.036
13,0.04,9554.7394,105102.1339,105974.0977,111160.6632,21241896.4725,21729121.8243,-0.0082,-0.0545,-0.0224,143321.0917,142248.5895,151582.7226,21516916.1696,21991637.7936,0.0075,-0.0545,-0.0216
13,0.06,9588.6215,105474.8365,104841.9139,110111.5237,12679723.791,12949570.0908,0.006,-0.0421,-0.0208,143714.2092,140655.9992,150152.0778,12703018.432,12971606.0211,0.0217,-0.0429,-0.0207
14,0.0,10460.1167,100288.447,98133.9791,109393.3371,122732514.0587,123282085.126,0.022,-0.0832,-0.0045,137100.9143,134043.1246,153331.3069,171562740.7317,171603895.8453,0.0228,-0.1059,-0.0002
14,0.02,10178.4294,111962.7232,107254.4509,111602.4255,46798174.6112,45414059.4501,0.0439,0.0032,0.0305,152389.4492,144388.1734,152185.1257,50622076.4441,48873193.7838,0.0554,0.0013,0.0358
14,0.04,9672.8592,106401.4511,105869.6072,110980.5227,21638332.6284,21894211.7755,0.005,-0.0413,-0.0117,145092.8878,142130.1294,151337.0764,21915384.8622,22156578.1179,0.0208,-0.0413,-0.0109
14,0.06,9672.8592,106401.4512,104891.7074,110306.5426,12881135.0802,13075356.0951,0.0144,-0.0354,-0.0149,145092.8878,140798.7069,150418.0126,12904507.4675,13097361.6963,0.0305,-0.0354,-0.0147
15,0.0,9641.8205,103178.1998,96551.9103,107952.9552,125960357.8513,121375793.1383,0.0686,-0.0442,0.0378,138041.3118,131706.0479,151041.2523,171467769.0174,167916114.8148,0.0481,-0.0861,0.0212
15,0.02,9933.114,109264.2542,105516.7501,109797.9149,45564134.9152,44521602.1346,0.0355,-0.0049,0.0234,148996.7103,142030.9504,149724.4295,49310759.7751,47944468.8321,0.049,-0.0049,0.0285
15,0.04,9467.7724,104145.4968,104209.7051,109235.755,21070384.2155,21407917.7445,-0.0006,-0.0466,-0.0158,142016.5866,139869.4998,148957.8478,21340237.1586,21664283.8359,0.0154,-0.0466,-0.015
15,0.06,9467.7724,104145.4968,103219.3393,108520.3025,12527037.3882,12750013.6243,0.009,-0.0403,-0.0175,141733.6435,138526.9382,147982.2306,12549771.0806,12771554.2815,0.0231,-0.0422,-0.0174
16,0.0,9700.1737,106701.9111,100421.703,111493.5323,130029893.2777,125378210.0231,0.0625,-0.043,0.0371,142872.6084,132743.1768,155096.2888,177721451.9699,168163243.3266,0.0763,-0.0788,0.0568
16,0.02,10280.4823,113085.3051,108688.3016,113420.4169,46949073.1744,45631092.6929,0.0405,-0.003,0.0289,153961.1777,146161.9454,154664.2049,50791873.5384,49159540.9287,0.0534,-0.0045,0.0332
16,0.04,9651.0195,106161.2149,106795.627,112579.7571,21389647.7128,21860427.7176,-0.0059,-0.057,-0.0215,144765.293,143264.2781,153517.8506,21666688.9213,22125596.3444,0.0105,-0.057,-0.0207
16,0.06,9651.0195,106161.2149,105385.6937,111250.1994,12710884.0991,13005474.0969,0.0074,-0.0457,-0.0227,144430.8431,141398.2771,151704.8174,12734171.0762,13027601.9934,0.0214,-0.0479,-0.0225
17,0.0,9734.8088,107082.8966,103320.0117,114631.7998,132056566.7543,129552512.9414,0.0364,-0.0659,0.0193,145770.9835,136861.3745,158327.3215,182950742.6365,173681401.1204,0.0651,-0.0793,0.0534
17,0.02,10472.8172,115200.9891,110667.096,115925.6444,48462696.5832,47147344.1534,0.041,-0.0063,0.0279,156797.1832,148573.3143,158080.4242,52397331.6395,50665786.5622,0.0554,-0.0081,0.0342
17,0.04,9767.5013,107442.5142,107838.5952,114886.3005,22078199.7473,22654506.1499,-0.0037,-0.0648,-0.0254,146487.541,144387.8305,156663.1371,22359944.5529,22922494.4202,0.0145,-0.065,-0.0245
17,0.06,9563.1603,105194.7629,106356.5483,113922.483,12885002.5536,13527124.6158,-0.0109,-0.0766,-0.0475,143003.4032,142412.4867,155348.8405,12908272.3552,13549455.8241,0.0041,-0.0795,-0.0473
18,0.0,9418.2235,103600.4587,100503.8204,111139.9318,126943927.4853,124715183.108,0.0308,-0.0678,0.0179,141273.3528,133137.664,153691.1538,177204862.5067,168596834.3041,0.0611,-0.0808,0.0511
18,0.02,10245.3001,112698.3012,107273.7326,112271.4196,47156852.555,45509399.3492,0.0506,0.0038,0.0362,153346.179,144150.8761,153097.3904,51020485.356,48976668.7776,0.0638,0.0016,0.0417
18,0.04,9575.078,105325.8584,105725.4644,111443.1471,21493148.227,21938956.8864,-0.0038,-0.0549,-0.0203,143626.1706,141658.291,151967.9279,21766925.645,22200618.3085,0.0139,-0.0549,-0.0195
18,0.06,9421.8768,103640.6447,104400.8216,110866.8035,12607817.7912,13110542.3219,-0.0073,-0.0652,-0.0383,141328.1518,139790.3983,151182.0047,12630725.1725,13132334.7191,0.011,-0.0652,-0.0382
