landbase,discount_rate,flow_policy,dbar_1_15,dbar_2_11,thesis_IV_2_11,end_share_12_15,mean_abs_rel_deviation
1,0.0,+/-10%,0.11729970614722286,0.11342296182746578,0.11408719283918711,0.35536660432829725,0.1172997061472228
1,0.0,+/-20%,0.16514714037664974,0.15132915182828224,0.17049933132065637,0.3891138472711988,0.1651471403766497
1,0.0,-10%,0.2711762683883755,0.21824415206479952,0.24531323498031493,0.4634630005006368,0.2711762683883755
1,0.0,-20%,0.35644502068831324,0.324219216967511,0.3548548947826746,0.3936059361199148,0.3564450206883132
1,0.0,NDY,0.1845760551681463,0.16246981787141884,0.16246981787141873,0.413178422219462,0.1845760551681463
1,0.0,NHF,0.4183836187001611,0.5548654138119883,1.348383850634136,0.1158586059753004,0.4183836187001611
1,0.02,+/-10%,0.09259822270587496,0.08904713926157395,0.09027777348717932,0.35889957957098534,0.0925982227058749
1,0.02,+/-20%,0.10698064786559418,0.0949655329324195,0.08992454200593743,0.4082074043165262,0.1069806478655941
1,0.02,-10%,0.10258443607109191,0.07485475848682963,0.07670937258601537,0.5135405112528986,0.1025844360710918
1,0.02,-20%,0.16792207123514047,0.08443320121005715,0.07770650657864135,0.6647921241521381,0.1679220712351404
1,0.02,NDY,0.09251035324919243,0.08173885770378535,0.08173885770378536,0.41095704546994294,0.0925103532491924
1,0.02,NHF,0.0,0.0,0.0,0.0,0.0
1,0.04,+/-10%,0.013717273084841382,0.0034351245773024015,0.0031184202717774853,0.8330511438118376,0.0137172730848413
1,0.04,+/-20%,0.10746704322054294,0.11516442020687974,0.1183143130520918,0.2855830230635434,0.1074670432205429
1,0.04,-10%,0.1058689784177853,0.0917067064853456,0.0841885137051486,0.42251445855745606,0.1058689784177852
1,0.04,-20%,0.1180666853620826,0.11045431883381143,0.08160738148591822,0.376316762598616,0.1180666853620826
1,0.04,NDY,0.08501567525115068,0.06811426166083465,0.06811426166083466,0.46586899839656165,0.0850156752511506
1,0.04,NHF,0.0,0.0,0.0,0.0,0.0
1,0.06,+/-10%,0.07378002945554016,0.06972065893288205,0.06620660656945299,0.37001327281121327,0.0737800294555401
1,0.06,+/-20%,0.10165518320160147,0.0490016543847734,0.05429641410565206,0.6786413780292682,0.1016551832016014
1,0.06,-10%,0.1346919655541769,0.08047510161213192,0.07489827756532129,0.6016832368531909,0.1346919655541769
1,0.06,-20%,0.11428314746898419,0.12591271425769998,0.09680646529574438,0.26549267005518307,0.1142831474689842
1,0.06,NDY,0.0990076263648308,0.06855502547552286,0.06855502547552286,0.5383855567993917,0.0990076263648308
1,0.06,NHF,0.0,0.0,0.0,0.0,0.0
2,0.0,+/-10%,0.11664216075259111,0.1067525311138762,0.10798676319204428,0.38985737561161793,0.116642160752591
2,0.0,+/-20%,0.16369837505770185,0.16230116225620156,0.1852752764697873,0.33902352543616815,0.1636983750577018
2,0.0,-10%,0.28938328716587236,0.23712704476886093,0.261574503044858,0.45371863710304405,0.2893832871658723
2,0.0,-20%,0.3513289857631144,0.24591908597847315,0.2929326612185389,0.5333545936641743,0.3513289857631144
2,0.0,NDY,0.13303294085866915,0.10348892556790143,0.10348955016012716,0.4813869662660195,0.1330329408586691
2,0.0,NHF,0.4183836187001611,0.5548654138119883,1.348383850634136,0.1158586059753004,0.4183836187001611
2,0.02,+/-10%,0.050755911269127374,0.027558835921827785,0.02662106416642482,0.6380213294999246,0.0507559112691274
2,0.02,+/-20%,0.03706179830367687,0.005384925870453625,0.005309869990051137,0.9031360931035488,0.0370617983036768
2,0.02,-10%,0.022812358787020037,0.0011390450789356874,0.0010204134131637892,0.9667126318217828,0.02281235878702
2,0.02,-20%,0.060803530822722295,5.039765980351336e-10,3.6615990047399825e-10,0.9999999944742618,0.0608035308227223
2,0.02,NDY,0.06341616630920234,0.058905903042410855,0.058905903042410855,0.38074777594092224,0.0634161663092023
2,0.02,NHF,0.0,0.0,0.0,0.0,0.0
2,0.04,+/-10%,0.024777853853479064,0.01214547831748764,0.011211380112080449,0.6732168333515753,0.024777853853479
2,0.04,+/-20%,0.06991140542052286,0.05056306750340232,0.06039295908374752,0.5178367325592412,0.0699114054205228
2,0.04,-10%,0.02151913320739214,4.293590897933615e-10,3.7243410627526307e-10,0.9999999866983773,0.0215191332073921
2,0.04,-20%,0.029716516963297517,0.0021433222782143565,0.0018794930910542066,0.9519162518078965,0.0297165169632975
2,0.04,NDY,0.05739777884657706,0.052255130951251484,0.052255130951251484,0.39306442396283625,0.057397778846577
2,0.04,NHF,0.0,0.0,0.0,0.0,0.0
2,0.06,+/-10%,0.021372906403411197,0.023944623019679367,0.0231450116364159,0.25311599125461876,0.0213729064034112
2,0.06,+/-20%,0.09163036108329337,0.04759764764316012,0.05364662844856789,0.6536981332356047,0.0916303610832933
2,0.06,-10%,0.033916853425373296,9.237063847599081e-11,9.337196306283082e-11,0.9999999981843708,0.0339168534253732
2,0.06,-20%,0.028179790198662562,2.3130526678642875e-10,2.0350981096536192e-10,0.9999999945278688,0.0281797901986625
2,0.06,NDY,0.05864732973976383,0.05200248959461264,0.05200248959461264,0.40886777709671684,0.0586473297397638
2,0.06,NHF,0.0,0.0,0.0,0.0,0.0
3,0.0,+/-10%,0.16646219585969552,0.14705660949832192,0.18549977665072484,0.41105102477333577,0.1664621958596955
3,0.0,+/-20%,0.1472622370176206,0.08712159561701538,0.11636559088284723,0.6055943131046744,0.1472622370176206
3,0.0,-10%,0.2204384673856698,0.198183940735354,0.23702850472659684,0.40063715410547407,0.2204384673856698
3,0.0,-20%,0.2489084496435591,0.1916299418286264,0.23726211823194507,0.48674585079227983,0.2489084496435591
3,0.0,NDY,0.21305182080613383,0.19417878820491322,0.22624115710892448,0.39238949012438956,0.2130518208061338
3,0.0,NHF,0.37070630676027094,0.41260257663057287,1.2118668126490948,0.2579883875613057,0.3707063067602709
3,0.02,+/-10%,0.10660994508234997,0.11940307696246288,0.14745505657731034,0.2533337180989951,0.1066099450823499
3,0.02,+/-20%,0.16070607769012496,0.17515676518747428,0.22808687331926505,0.27338667914720166,0.1607060776901249
3,0.02,-10%,0.07398042988562889,0.03997463454661426,0.04879402373089651,0.6397728912144862,0.0739804298856288
3,0.02,-20%,0.05391238479491297,0.02243148364314013,0.02416373391865665,0.722618049903607,0.0539123847949129
3,0.02,NDY,0.09050886011374189,0.045579209766408134,0.05523386927781601,0.6642744168240984,0.0905088601137419
3,0.02,NHF,0.0,0.0,0.0,0.0,0.0
3,0.04,+/-10%,0.13592740901733955,0.13101749452538483,0.16517321700799364,0.3574143950679263,0.1359274090173395
3,0.04,+/-20%,0.25782633204748945,0.24570968816532623,0.33303832977138037,0.3646635800306372,0.2578263320474894
3,0.04,-10%,0.12403609271711195,0.13189413279242726,0.1090646446769872,0.29109809946885357,0.1240360927171119
3,0.04,-20%,0.176114452297263,0.16167285377810514,0.11408997793697825,0.388000807924542,0.176114452297263
3,0.04,NDY,0.10876909044578296,0.10112859013611893,0.09440137360541806,0.3801634286502408,0.1087690904457829
3,0.04,NHF,0.0,0.0,0.0,0.0,0.0
3,0.06,+/-10%,0.18414035496406136,0.16951112651386402,0.23523604266752438,0.38629738333042213,0.1841403549640614
3,0.06,+/-20%,0.3202206524840052,0.2573645111923706,0.4380746798771505,0.4641933945735,0.3202206524840053
3,0.06,-10%,0.15756999316455378,0.1415198316363673,0.116243343577845,0.4012403470391934,0.1575699931645537
3,0.06,-20%,0.19313852378950555,0.1891205839858826,0.13145127067253498,0.3472022730103705,0.1931385237895055
3,0.06,NDY,0.12404145643050432,0.10247288345419847,0.09509503713129293,0.4492546475830301,0.1240414564305043
3,0.06,NHF,0.0,0.0,0.0,0.0,0.0
4,0.0,+/-10%,0.1504478091392112,0.14081568949330286,0.15839616380514832,0.37601533138975163,0.1504478091392111
4,0.0,+/-20%,0.1585621145279608,0.1197672196128667,0.1421004039792402,0.49644457433642125,0.1585621145279608
4,0.0,-10%,0.3056000522518874,0.28325566671786595,0.3554905105207957,0.3820776215391577,0.3056000522518874
4,0.0,-20%,0.3501643558568928,0.29822424123192764,0.34917197249042586,0.43222044878109045,0.3501643558568927
4,0.0,NDY,0.1216265017263806,0.07616388276692232,0.08461399559020029,0.5825258383337875,0.1216265017263806
4,0.0,NHF,0.5491187365814801,0.6106356292967244,1.2050797448113963,0.25864773424874005,0.5491187365814801
4,0.02,+/-10%,0.07035807236795359,0.08188880911040966,0.09257211744647473,0.22407568073446318,0.0703580723679535
4,0.02,+/-20%,0.08291667662974707,0.09807812689613883,0.1234986018809063,0.2114322403112135,0.082916676629747
4,0.02,-10%,0.015061416165981212,0.008946025624396408,0.010440226820127931,0.6040201653545904,0.0150614161659812
4,0.02,-20%,0.013119098881433684,0.005532792387793933,0.00549405520893397,0.7188428647527506,0.0131190988814336
4,0.02,NDY,0.026810948045435726,0.015635016395661998,0.01701295041329198,0.6112280607865664,0.0268109480454357
4,0.02,NHF,0.0,0.0,0.0,0.0,0.0
4,0.04,+/-10%,0.13480511138370327,0.11156997492455363,0.1428006875342161,0.4482406303472878,0.1348051113837032
4,0.04,+/-20%,0.1823483732258972,0.15489291518468495,0.24225312654194267,0.4337106406288941,0.1823483732258972
4,0.04,-10%,2.848622555770541e-10,1.7734187711013718e-10,1.649999984548632e-10,0.5849646074242904,2.848622712169345e-10
4,0.04,-20%,0.003167700640974024,0.0008846662169204817,0.0007333645108872633,0.8138152733505651,0.003167700640974
4,0.04,NDY,1.9422500171783045e-10,2.7243147165125857e-10,2.572945634620721e-10,0.0648939143030748,1.9422498972451523e-10
4,0.04,NHF,0.0,0.0,0.0,0.0,0.0
4,0.06,+/-10%,0.12258639957548584,0.08396523676910742,0.11942528026729195,0.5433683939932582,0.1225863995754858
4,0.06,+/-20%,0.21342159509427036,0.14460229146273385,0.27919109902240047,0.5483047177149947,0.2134215950942703
4,0.06,-10%,0.020195853796287345,1.4330482429765694e-10,1.1415402499377979e-10,0.9999999952694967,0.0201958537962873
4,0.06,-20%,0.017640840615871713,1.2745383932390044e-10,8.720320542186505e-11,0.9999999951833799,0.0176408406158717
4,0.06,NDY,0.004371874348986697,8.261410164817919e-11,8.150627415902783e-11,0.9999999874021842,0.0043718743489867
4,0.06,NHF,0.0,0.0,0.0,0.0,0.0
5,0.0,+/-10%,0.16894803442132494,0.15274195303075264,0.2082202763553895,0.3972823120674584,0.1689480344213249
5,0.0,+/-20%,0.1755183403471611,0.13702861071527977,0.16407027920766595,0.479527854679846,0.175518340347161
5,0.0,-10%,0.18382719294243277,0.1258968611591646,0.1475052190142225,0.5434231495932146,0.1838271929424327
5,0.0,-20%,0.24066282968348535,0.2040868309456282,0.22908292078383555,0.43465350475590286,0.2406628296834853
5,0.0,NDY,0.1630569786286027,0.13531994709310385,0.14904902979860923,0.44673758326192586,0.1630569786286027
5,0.0,NHF,0.3748093515457296,0.4228515421240303,0.3811686541926653,0.2478815511936533,0.3748093515457296
5,0.02,+/-10%,0.1502336395270555,0.15794071990993,0.20261561344546575,0.29913291320933255,0.1502336395270555
5,0.02,+/-20%,0.18069175251286224,0.1965959694119695,0.2633281897277815,0.2746543337740327,0.1806917525128622
5,0.02,-10%,0.07787575574091331,0.041572084431605386,0.046942903985413474,0.644116160533859,0.0778757557409132
5,0.02,-20%,0.050666094275341335,0.0014586185467095028,0.0019044378879357333,0.9808074338789864,0.0506660942753413
5,0.02,NDY,0.07185808646905446,0.028402501096337872,0.033889262467819564,0.736494503801653,0.0718580864690544
5,0.02,NHF,1.3971882508428136e-17,0.0,0.0,0.00020957823762642204,1.3971882508428136e-17
5,0.04,+/-10%,0.1523582952505152,0.14491536683707246,0.18066644245474417,0.365900987542576,0.1523582952505152
5,0.04,+/-20%,0.20891476962971392,0.16584546743185022,0.20327068562337633,0.47077152491165297,0.2089147696297139
5,0.04,-10%,0.08206803857415086,0.042193092093691265,0.043170213767904725,0.6572511229564024,0.0820680385741508
5,0.04,-20%,0.06430837866194378,0.03309168137627275,0.036046965004560984,0.6569479533376817,0.0643083786619437
5,0.04,NDY,0.06468988312710199,0.04118777227768418,0.04959965285311159,0.5755361808609352,0.0646898831271019
5,0.04,NHF,1.3971882508428136e-17,0.0,0.0,0.00020957823762642204,1.3971882508428136e-17
5,0.06,+/-10%,0.14268578542961882,0.13722622980364013,0.15325667507260518,0.35884185711300454,0.1426857854296188
5,0.06,+/-20%,0.21326138629848146,0.15955102116813236,0.18281369505582956,0.5012348494417579,0.2132613862984815
5,0.06,-10%,0.1432991682501686,0.11170552556855196,0.099192489205182,0.480315543429911,0.1432991682501686
5,0.06,-20%,0.10290078009237971,0.09475981109887321,0.07467103764323295,0.3860764967716014,0.1029007800923797
5,0.06,NDY,0.07759783367891328,0.035376866851186475,0.04260905215027911,0.6960665422906008,0.0775978336789132
5,0.06,NHF,1.3971882508428136e-17,0.0,0.0,0.00020957823762642204,1.3971882508428136e-17
6,0.0,+/-10%,0.1387747720525807,0.13045893993862426,0.15445765483808027,0.3732821510757284,0.1387747720525806
6,0.0,+/-20%,0.16996322656801724,0.10558473509469232,0.14027624757503002,0.5858526293139511,0.1699632265680172
6,0.0,-10%,0.21208802106997654,0.16555184352905142,0.186078889009159,0.47961277997110763,0.2120880210699765
6,0.0,-20%,0.2752184259736389,0.1917671912311693,0.25018180871645634,0.5354787976065303,0.2752184259736389
6,0.0,NDY,0.191370924822385,0.15452928902438792,0.18196852893315382,0.4616761866418685,0.191370924822385
6,0.0,NHF,0.4112820167994149,0.4724149463299792,0.8885504024063581,0.23424004773123963,0.4112820167994149
6,0.02,+/-10%,0.08846651368027042,0.09725887246247708,0.12261199156731423,0.2670758051723886,0.0884665136802703
6,0.02,+/-20%,0.17888778553518148,0.1978149110121926,0.24820593845478273,0.26279702693549273,0.1788877855351814
6,0.02,-10%,0.06592972582772821,0.005471666940108004,0.006852703802494752,0.9446717256248948,0.0659297258277281
6,0.02,-20%,0.02911040936005153,0.002783376226091035,0.0031290235572276033,0.9362570231226706,0.0291104093600515
6,0.02,NDY,0.0394376559983396,0.00363497206714171,0.004106116215574921,0.9385532773162321,0.0394376559983395
6,0.02,NHF,1.1000961889167448e-17,1.6501442833751172e-17,3.686829295253826e-17,0.0,1.1000961889167448e-17
6,0.04,+/-10%,0.12237307392933403,0.1049082726229904,0.13781974044766312,0.4284784538818232,0.122373073929334
6,0.04,+/-20%,0.15460094545374706,0.12332192580783885,0.16337738314124453,0.46821400759271187,0.154600945453747
6,0.04,-10%,0.0341709567305993,0.001150360459177576,0.0013770286089985018,0.9775567602970185,0.0341709567305992
6,0.04,-20%,0.02373975870772043,1.294731173900343e-10,1.015723187485826e-10,0.9999999963640991,0.0237397587077204
6,0.04,NDY,0.02464620593867179,0.002502903570186843,0.0028185806996305685,0.9322977993336331,0.0246462059386718
6,0.04,NHF,1.1000961889167448e-17,1.6501442833751172e-17,3.686829295253826e-17,0.0,1.1000961889167448e-17
6,0.06,+/-10%,0.18599528763268747,0.15711698609307828,0.21283623061562085,0.43684241289897413,0.1859952876326874
6,0.06,+/-20%,0.28826969350975945,0.2588060970398066,0.37014857397625656,0.40147229517661226,0.2882696935097594
6,0.06,-10%,0.031058751626554092,1.3722331603748658e-10,1.1526904003785373e-10,0.9999999970545432,0.031058751626554
6,0.06,-20%,0.02985736340095972,1.0865308808001121e-10,8.441039430262567e-11,0.9999999975739522,0.0298573634009597
6,0.06,NDY,0.028522372676748634,0.0053853389260346924,0.006064561395559784,0.8741259715179116,0.0285223726767486
6,0.06,NHF,1.1000961889167448e-17,1.6501442833751172e-17,3.686829295253826e-17,0.0,1.1000961889167448e-17
7,0.0,+/-10%,0.15378586786256926,0.1396136106974603,0.14809658911534637,0.3947705224243968,0.1537858678625692
7,0.0,+/-20%,0.15852249796657658,0.11726287653596115,0.12867608179987514,0.5068507497247687,0.1585224979665765
7,0.0,-10%,0.40701726321132997,0.40442385980139745,0.44889051503634564,0.3375811521923677,0.4070172632113299
7,0.0,-20%,0.32232916231475334,0.25698434968463746,0.2822311240726142,0.46848464296735864,0.3223291623147534
7,0.0,NDY,0.10156767557991601,0.06813410256121638,0.06813410256121633,0.5527835526267294,0.1015676755799159
7,0.0,NHF,0.3128506822990633,0.27570677520542375,0.5904403029291266,0.4124848459562838,0.3128506822990633
7,0.02,+/-10%,0.08991060091339032,0.06034341880129428,0.06694303931777917,0.5525672672760631,0.0899106009133903
7,0.02,+/-20%,0.10390036474441484,0.05710283121143252,0.06534587111530128,0.6336051924880142,0.1039003647444148
7,0.02,-10%,0.12303688652353134,0.08189402858537878,0.09928736355083952,0.5562629988489065,0.1230368865235313
7,0.02,-20%,0.15208382287547736,0.14014909181878057,0.16391195433840075,0.38564979422112783,0.1520838228754773
7,0.02,NDY,0.10970716629277101,0.041099185451322295,0.04158194026069398,0.7502491597091443,0.109707166292771
7,0.02,NHF,0.0,0.0,0.0,0.0,0.0
7,0.04,+/-10%,0.07085838985612701,0.05792982479597453,0.06331015619804614,0.45497091768905124,0.070858389856127
7,0.04,+/-20%,0.09593156783032787,0.11162475312375955,0.12444123363657587,0.22427513939806282,0.0959315678303278
7,0.04,-10%,0.07094292601704379,0.059240645680142714,0.06187362539726105,0.4433022994107463,0.0709429260170437
7,0.04,-20%,0.08861430631831176,0.07135791099030626,0.06756621458069438,0.46315733162407374,0.0886143063183117
7,0.04,NDY,0.13791909407642935,0.08672297640708426,0.08786171152248491,0.5808026583129682,0.1379190940764293
7,0.04,NHF,0.0,0.0,0.0,0.0,0.0
7,0.06,+/-10%,0.10468058782547907,0.10126985352183511,0.11772788682081656,0.3550548665834792,0.104680587825479
7,0.06,+/-20%,0.14457700002050064,0.12434818576798681,0.1684570918070104,0.42661149076107296,0.1445770000205006
7,0.06,-10%,0.07374820953388421,0.049474010939182404,0.03614726111370266,0.5527664445290598,0.0737482095338842
7,0.06,-20%,0.055254775794991676,0.0549799906917018,0.03627454746918943,0.33664870410851483,0.0552547757949917
7,0.06,NDY,0.13347503169284577,0.08421753524510525,0.08532896604899076,0.5793593544451191,0.1334750316928457
7,0.06,NHF,0.0,0.0,0.0,0.0,0.0
8,0.0,+/-10%,0.18703664255773977,0.18736856601327748,0.2117750864706706,0.3321502373331819,0.1870366425577397
8,0.0,+/-20%,0.22106341530545315,0.2313856308936137,0.28002567972468223,0.30220436045799237,0.2210634153054531
8,0.0,-10%,0.38827910380146935,0.40576417657479374,0.4597214717942274,0.3033118486124444,0.3882791038014693
8,0.0,-20%,0.5820377852951839,0.5995437814533591,0.7702810464322661,0.3132819476667977,0.5820377852951839
8,0.0,NDY,0.1922876957883396,0.1906613696082352,0.20127740996420215,0.3389718503947494,0.1922876957883396
8,0.0,NHF,0.44714942243573813,0.44253395254225864,0.9368814934226615,0.34021465705779486,0.4471494224357381
8,0.02,+/-10%,0.12410418131777719,0.09530004593166713,0.10167894910295969,0.4880642756768746,0.1241041813177772
8,0.02,+/-20%,0.11738773234407084,0.04913009428307616,0.051891059213879064,0.7209810979846243,0.1173877323440708
8,0.02,-10%,0.10295845219268952,0.07351929228241663,0.08638261800274499,0.5239549500036949,0.1029584521926895
8,0.02,-20%,0.0864015374821421,0.07827888849936702,0.09196467933823661,0.3960069787296237,0.086401537482142
8,0.02,NDY,0.0734569938300009,0.0031419638163706076,0.003153450996354252,0.9714847772140711,0.0734569938300009
8,0.02,NHF,0.0,0.0,0.0,0.0,0.0
8,0.04,+/-10%,0.08034644037524204,0.04638675423227477,0.055195161345437,0.6151104806001387,0.080346440375242
8,0.04,+/-20%,0.14999542187009368,0.10575866773775695,0.12124594075790604,0.5299471303004115,0.1499954218700937
8,0.04,-10%,0.04500550343235611,0.007416482107825478,0.007163115385901179,0.8901396267536844,0.0450055034323561
8,0.04,-20%,0.026530003065757982,0.003959098504470954,0.003417261757941773,0.900512676291874,0.0265300030657579
8,0.04,NDY,0.06966902433824035,0.010241214281770685,0.01056854192758543,0.902001265947116,0.0696690243382403
8,0.04,NHF,0.0,0.0,0.0,0.0,0.0
8,0.06,+/-10%,0.10572613379957237,0.0679430136258452,0.07522889867099208,0.5715785606697998,0.1057261337995723
8,0.06,+/-20%,0.17107514529739956,0.10986007757079694,0.11919780727770934,0.5718837380699396,0.1710751452973996
8,0.06,-10%,0.0386085590855796,5.39607628893554e-05,5.168364554941615e-05,0.9990682417894309,0.0386085590855795
8,0.06,-20%,0.02207971292844382,1.3979808024852492e-10,9.581890805367779e-11,0.9999999957789887,0.0220797129284438
8,0.06,NDY,0.06868614314705704,0.014855867480906292,0.015330114771777169,0.8558091748908765,0.0686861431470569
8,0.06,NHF,0.0,0.0,0.0,0.0,0.0
9,0.0,+/-10%,0.11899545230624985,0.06734537858853724,0.06700769139493441,0.6227005470471516,0.1189954523062498
9,0.0,+/-20%,0.13638595440479667,0.09615108622568384,0.09715877119548852,0.5300049449358732,0.1363859544047966
9,0.0,-10%,0.2992473312799493,0.2322222266427108,0.256359255171103,0.4826526368685434,0.2992473312799493
9,0.0,-20%,0.39833436607855516,0.3643387055267882,0.38925888988758683,0.3902296888356065,0.3983343660785552
9,0.0,NDY,0.09623617423133031,0.04735968376282166,0.04735968376282165,0.6719204315764565,0.0962361742313302
9,0.0,NHF,0.6237169138233989,0.548399929581399,0.8497458219156601,0.4138367183068195,0.6237169138233988
9,0.02,+/-10%,0.05219314257252824,0.031485257487858055,0.029280439552780153,0.5978366002889396,0.0521931425725282
9,0.02,+/-20%,0.059149691406291054,0.015812483292396106,0.01585903358999126,0.8217800418288762,0.059149691406291
9,0.02,-10%,0.06899866531400804,0.035513167269464366,0.033325520869500545,0.6568709736838488,0.068998665314008
9,0.02,-20%,0.06021746221075648,0.021648535938452784,0.021538485886749743,0.760329366890459,0.0602174622107564
9,0.02,NDY,0.06579567273616167,0.06080913714805416,0.06080913714805416,0.3838587998342824,0.0657956727361617
9,0.02,NHF,0.16078496961523123,0.10419087996165939,0.09094698682011193,0.5679907966066111,0.1607849696152312
9,0.04,+/-10%,0.006058441397448598,0.0011963954467486796,0.0010816554414907298,0.8683494793174011,0.0060584413974486
9,0.04,+/-20%,0.07403401771993282,0.06468236414653328,0.07589886749104673,0.41754375318632936,0.0740340177199328
9,0.04,-10%,0.005461686482577174,0.004121286402325566,0.0037943596870549205,0.49694581023980944,0.0054616864825771
9,0.04,-20%,0.006007987803846036,0.0017238040850422343,0.0017201038227774067,0.8087208628110357,0.006007987803846
9,0.04,NDY,0.06464327199362824,0.05940989291621298,0.059409892916212965,0.3873052205436127,0.0646432719936282
9,0.04,NHF,1.9328461220907754e-17,1.4496345915680816e-17,3.6373725752747446e-17,0.00014496345915680816,1.9328461220907757e-17
9,0.06,+/-10%,0.04276908817812118,0.025587022758011547,0.027278750842941703,0.6011601860445124,0.0427690881781211
9,0.06,+/-20%,0.07814142215010687,0.06797378719860209,0.07936255638769234,0.42007891735894887,0.0781414221501068
9,0.06,-10%,0.029561705021727717,0.016563893661263724,0.016078832365482305,0.6264560597550256,0.0295617050217277
9,0.06,-20%,0.013231489107140514,0.008709937382105107,0.009818911011419327,0.5611510636191509,0.0132314891071405
9,0.06,NDY,0.05250515653315965,0.046564861882061784,0.046564861882061784,0.40875823815319007,0.0525051565331596
9,0.06,NHF,1.9328461220907754e-17,1.4496345915680816e-17,3.6373725752747446e-17,0.00014496345915680816,1.9328461220907757e-17
10,0.0,+/-10%,0.11973449484026194,0.08655546112076148,0.08667616447017894,0.5180700363403473,0.119734494840262
10,0.0,+/-20%,0.1545276179233707,0.11398636013722938,0.11277197639678688,0.5082373767268169,0.1545276179233707
10,0.0,-10%,0.3155108064079183,0.2733828627781426,0.3027819640323217,0.4223486544658617,0.3155108064079183
10,0.0,-20%,0.34944271712239494,0.30519970080595565,0.3121285184046846,0.417740140989389,0.3494427171223949
10,0.0,NDY,0.10103742796299767,0.05336932151453212,0.053369321514532116,0.6478577454546366,0.1010374279629976
10,0.0,NHF,0.6500953807504597,0.5843511405718786,0.8765607740952392,0.4007534300609725,0.6500953807504597
10,0.02,+/-10%,0.0548730826819296,0.024790737430580502,0.022420810785621643,0.6988111934069221,0.0548730826819295
10,0.02,+/-20%,0.05588083572405116,0.030882731411935732,0.028477718725584026,0.6315644291787882,0.0558808357240511
10,0.02,-10%,0.06413657707718351,0.0422410491559179,0.0389950621630626,0.560926062465271,0.0641365770771834
10,0.02,-20%,0.07975995890114658,0.04266230548834508,0.04049741687091194,0.6434108369152983,0.0797599589011465
10,0.02,NDY,0.07248783297193391,0.06701475969736273,0.06701475969736273,0.38366889127163606,0.0724878329719339
10,0.02,NHF,0.1140641842625726,0.044570911523476434,0.04245586509202123,0.7394980623606593,0.1140641842625726
10,0.04,+/-10%,0.02517155674685962,0.019100994242015605,0.017966567187859085,0.4941116956172201,0.0251715567468596
10,0.04,+/-20%,0.04148726262264261,0.05175039428438281,0.05725384560987736,0.16841313031277452,0.0414872626226426
10,0.04,-10%,0.011899928582787583,0.007283026246194429,0.006876848337348845,0.5919848764622663,0.0118999285827875
10,0.04,-20%,0.023376053807890998,0.008203171897099227,0.008126248138765097,0.7660519902257098,0.023376053807891
10,0.04,NDY,0.0704507779283001,0.06545132669840484,0.06545132669840484,0.380642498464042,0.0704507779283001
10,0.04,NHF,6.085799410921055e-17,3.827475305913463e-17,5.3907953140800134e-17,0.0005301223810468118,6.085799410921055e-17
10,0.06,+/-10%,0.05032952691204203,0.024069156701410903,0.02526947569250991,0.6811791119028378,0.050329526912042
10,0.06,+/-20%,0.04137601731071903,0.04913217166375087,0.05578079975777285,0.20836312342025065,0.0413760173107189
10,0.06,-10%,0.023124524543531453,0.011196355430221478,0.010606836697644834,0.6772155492568201,0.0231245245435314
10,0.06,-20%,0.023675865740314373,0.017916433567381075,0.019361857239275523,0.49550782320147946,0.0236758657403143
10,0.06,NDY,0.05710387255336284,0.051426083237851514,0.05142608323785152,0.3996194310663782,0.0571038725533628
10,0.06,NHF,6.085799410921055e-17,3.827475305913463e-17,5.3907953140800134e-17,0.0005301223810468118,6.085799410921055e-17
11,0.0,+/-10%,0.15357651678282408,0.10787165583068788,0.11363747067817627,0.5317354584740689,0.1535765167828241
11,0.0,+/-20%,0.16783808159713978,0.12948133266370604,0.1338072235362374,0.4856894953693172,0.1678380815971398
11,0.0,-10%,0.26627631615825936,0.24796580459935996,0.28999302674757216,0.3791767184381422,0.2662763161582593
11,0.0,-20%,0.31093808260282235,0.264815095075568,0.3105957016694006,0.4322233055558088,0.3109380826028223
11,0.0,NDY,0.11885608824482054,0.07192339008146967,0.07192339008146964,0.596579969700717,0.1188560882448206
11,0.0,NHF,0.5370280580770361,0.497600224257262,0.5115895901260992,0.3822790488340036,0.5370280580770361
11,0.02,+/-10%,0.036089014203744635,0.014482474576693072,0.013795333984836513,0.7324675316255409,0.0360890142037446
11,0.02,+/-20%,0.023882202282968144,0.007187994712767334,0.0076405199234989615,0.7993486355068817,0.0238822022829681
11,0.02,-10%,0.05117092715805338,0.024094245739149037,0.024065054971092986,0.6860945973647845,0.0511709271580533
11,0.02,-20%,0.037258473499438366,0.021629534643459812,0.025176405958249964,0.612982272005215,0.0372584734994383
11,0.02,NDY,0.05556360544147855,0.05003068215139307,0.05003068215139307,0.3997187936974673,0.0555636054414785
11,0.02,NHF,0.0670405533129081,0.036808499468683434,0.03406304046625891,0.633967823456729,0.0670405533129081
11,0.04,+/-10%,0.028023864377473114,0.01759017738912177,0.018283087975455685,0.5815429032868245,0.0280238643774731
11,0.04,+/-20%,0.06464519025460315,0.06740926620965942,0.08245952424665794,0.30482823811877263,0.0646451902546031
11,0.04,-10%,0.015091397519189358,0.004892366945532182,0.004658633995204406,0.7838783346909466,0.0150913975191894
11,0.04,-20%,0.0031734358393382123,0.0008784597217886814,0.0009713089780522905,0.8154555994905772,0.0031734358393382
11,0.04,NDY,0.06171636552401347,0.056151295258587294,0.05615129525858728,0.3934478072190954,0.0617163655240134
11,0.04,NHF,0.0,0.0,0.0,0.0,0.0
11,0.06,+/-10%,0.030749587971160855,0.020710527505756714,0.02160949877766072,0.5509852570993686,0.0307495879711608
11,0.06,+/-20%,0.06809957949040021,0.06434581711337453,0.08195697531041306,0.37008111166143925,0.0680995794904002
11,0.06,-10%,0.005383727161439196,0.005893181420504892,0.005514737749674543,0.27024763776853966,0.0053837271614392
11,0.06,-20%,0.007232464098565701,0.0038195363896161433,0.004143265757298585,0.6479266874504903,0.0072324640985656
11,0.06,NDY,0.05570379242328981,0.050080880758935,0.05008088075893499,0.40062871149629725,0.0557037924232898
11,0.06,NHF,0.0,0.0,0.0,0.0,0.0
12,0.0,+/-10%,0.1425160431835935,0.08254983438932667,0.08456203718012888,0.6138454191060982,0.1425160431835935
12,0.0,+/-20%,0.18637411319857639,0.15006268174336893,0.15822806052859253,0.46322058298771934,0.1863741131985764
12,0.0,-10%,0.23338149456652027,0.20868132023749603,0.2511571074443103,0.4038906965750136,0.2333814945665203
12,0.0,-20%,0.31560609550418867,0.2697568958665222,0.3058355485014672,0.4301823280998872,0.3156060955041886
12,0.0,NDY,0.11455391486551016,0.06442209023786045,0.06442209023786045,0.6250843089125676,0.1145539148655101
12,0.0,NHF,0.5680276204055328,0.558482635619575,0.6258800567975142,0.3445358223709186,0.5680276204055328
12,0.02,+/-10%,0.026723276873258827,0.005277748700211362,0.005073134140805108,0.8683357901741796,0.0267232768732588
12,0.02,+/-20%,0.02299443505092851,0.00499201823517993,0.0053974564316585415,0.8552688009331094,0.0229944350509285
12,0.02,-10%,0.035106620733610594,0.018070798191580546,0.017746368223211437,0.6568396916980046,0.0351066207336105
12,0.02,-20%,0.028896054688894987,0.012067055761988816,0.013170869998237623,0.7215985390414722,0.028896054688895
12,0.02,NDY,0.050837493066192986,0.0450000527656932,0.0450000527656932,0.4098836632627176,0.0508374930661929
12,0.02,NHF,0.0667095239686725,0.029190485239021773,0.023072718672737365,0.7082826808684775,0.0667095239686724
12,0.04,+/-10%,0.022034739904331423,0.011525186859555546,0.011556847630353754,0.6513025368245892,0.0220347399043314
12,0.04,+/-20%,0.055865638194334225,0.07269902402573267,0.08429937871538812,0.132453909350123,0.0558656381943342
12,0.04,-10%,0.014519661450638632,0.002807108256220176,0.002834247519869983,0.8711123182514375,0.0145196614506386
12,0.04,-20%,0.00501464238917148,0.0004221831837614246,0.0004346570012377601,0.9438732747027546,0.0050146423891714
12,0.04,NDY,0.055714627151103764,0.04961595216732587,0.049615952167325866,0.40630848421232557,0.0557146271511037
12,0.04,NHF,1.9095938632528198e-17,2.8643907948792294e-17,3.7821867300439127e-17,0.0,1.90959386325282e-17
12,0.06,+/-10%,0.03091463023207416,0.021026576665008994,0.02347354000972951,0.5465668626329168,0.0309146302320741
12,0.06,+/-20%,0.05253466135376055,0.05276522995263244,0.06850356206203556,0.3304074098518278,0.0525346613537605
12,0.06,-10%,0.020319620882875335,0.006648536139870123,0.006913763016437778,0.7818681041280885,0.0203196208828753
12,0.06,-20%,0.014625078015609428,0.006989611513263484,0.008039315707364008,0.6813869297743947,0.0146250780156094
12,0.06,NDY,0.04993183371450748,0.04426856152672594,0.04426856152672594,0.40894671483743394,0.0499318337145074
12,0.06,NHF,1.9095938632528198e-17,2.8643907948792294e-17,3.7821867300439127e-17,0.0,1.90959386325282e-17
13,0.0,+/-10%,0.14018849330810906,0.08333727858990096,0.08648029523828495,0.6036894012086015,0.140188493308109
13,0.0,+/-20%,0.17031250268904946,0.14173443939116515,0.14760876126133393,0.4451985334670785,0.1703125026890494
13,0.0,-10%,0.24938927253360307,0.27336467568010353,0.32735581382907997,0.2692423564629737,0.249389272533603
13,0.0,-20%,0.296655100877026,0.2080189924411965,0.23459777773811025,0.532523365065553,0.296655100877026
13,0.0,NDY,0.11445693086165393,0.06974328359349999,0.06974328359349997,0.5937727663529037,0.1144569308616539
13,0.0,NHF,0.5465418651738868,0.5086020193491001,0.5366810293868671,0.3796120032057875,0.5465418651738868
13,0.02,+/-10%,0.037954373370727996,0.007843422668705179,0.007447261388182304,0.8622306737953883,0.037954373370728
13,0.02,+/-20%,0.04404702269501081,0.009913476856141168,0.0085947102695725,0.849956156707287,0.0440470226950108
13,0.02,-10%,0.04556888804009524,0.021824230759138724,0.021544752905116604,0.6807144567592407,0.0455688880400952
13,0.02,-20%,0.07465420595460999,0.04617546984912715,0.04602582828002334,0.5876502043997183,0.0746542059546099
13,0.02,NDY,0.05418577278071901,0.04847430793572939,0.0484743079357294,0.4036034989984422,0.054185772780719
13,0.02,NHF,0.057306887915436346,0.01573431924366576,0.013535018337327908,0.8169583702063441,0.0573068879154363
13,0.04,+/-10%,0.01111114217674289,0.009256301143447318,0.009282742702604485,0.4446234841741716,0.0111111421767428
13,0.04,+/-20%,0.037834464373597235,0.018976497389360643,0.01992988578683852,0.6656223771360628,0.0378344643735972
13,0.04,-10%,0.008258566835613022,0.003337248489939397,0.0032837183441105275,0.7306030972550556,0.008258566835613
13,0.04,-20%,0.00662716976594456,0.0009395503253866438,0.0009973000284229318,0.905485010085324,0.0066271697659445
13,0.04,NDY,0.05510491298599614,0.04896733403320608,0.04896733403320608,0.4075865909856931,0.0551049129859961
13,0.04,NHF,0.0,0.0,0.0,0.0,0.0
13,0.06,+/-10%,0.0308641150372687,0.027241836237978212,0.028100873446581968,0.4115747645211179,0.0308641150372686
13,0.06,+/-20%,0.04401546502944145,0.0473836544947798,0.05375105234811396,0.282318090348693,0.0440154650294414
13,0.06,-10%,0.007782286486925485,0.007146224226954323,0.0075726487187878005,0.387821369382873,0.0077822864869255
13,0.06,-20%,0.013070785360542108,0.009784446078126594,0.010628291415217471,0.5009508708041506,0.0130707853605421
13,0.06,NDY,0.05053797548944158,0.04498756495579384,0.044987564955793834,0.40655102069145777,0.0505379754894415
13,0.06,NHF,0.0,0.0,0.0,0.0,0.0
14,0.0,+/-10%,0.13073819857232014,0.08000968923351832,0.08375675110086042,0.5920106487252866,0.1307381985723201
14,0.0,+/-20%,0.16900389882654698,0.13058416912589013,0.14016653174770446,0.4848869561290932,0.1690038988265469
14,0.0,-10%,0.2650597982019263,0.21985672818943386,0.2688474000896059,0.4470260932794143,0.2650597982019263
14,0.0,-20%,0.32910370934198563,0.2888473155715822,0.3278829127250967,0.4148808670897745,0.3291037093419856
14,0.0,NDY,0.10519429143575719,0.05490240627108258,0.054902406271082574,0.652057125142817,0.1051942914357571
14,0.0,NHF,0.5871851658034136,0.5512555394051857,0.582641180036342,0.37412640110900086,0.5871851658034136
14,0.02,+/-10%,0.027477267602755276,0.004408382170677934,0.004232781423826199,0.8930417139867314,0.0274772676027553
14,0.02,+/-20%,0.035767559819174795,0.008037337689277776,0.007496792400249362,0.8501931595760505,0.0357675598191748
14,0.02,-10%,0.027514008111870197,0.005579814483558078,0.0053203911500867155,0.8648006387420084,0.0275140081118701
14,0.02,-20%,0.0392857412182284,0.013079978707180879,0.012666796954117373,0.7780368771369593,0.0392857412182283
14,0.02,NDY,0.05088948845795945,0.044972101998857164,0.044972101998857164,0.41085276663098097,0.0508894884579594
14,0.02,NHF,0.05763364097032107,0.0349168111700895,0.02880245067067448,0.5961061331283907,0.057633640970321
14,0.04,+/-10%,0.008836469037484102,0.001626754201317296,0.0016097390535977512,0.8772696654876783,0.0088364690374841
14,0.04,+/-20%,0.06216905822148628,0.0680652998492286,0.08198165482861142,0.2701052924995139,0.0621690582214862
14,0.04,-10%,0.012822850446461968,0.003173873074579679,0.0030914656226421577,0.8349886874304975,0.0128228504464619
14,0.04,-20%,0.008624815535411928,0.0004100839639919092,0.0003776842659081521,0.9683020108423824,0.0086248155354119
14,0.04,NDY,0.05601355883365833,0.05088736351001769,0.05088736351001769,0.3943446959436342,0.0560135588336583
14,0.04,NHF,8.133983194112528e-18,0.0,0.0,0.00012200974791168792,8.133983194112529e-18
14,0.06,+/-10%,0.025524802347932644,0.02129415361515506,0.023083402377577597,0.4438310543371095,0.0255248023479326
14,0.06,+/-20%,0.09261408784919006,0.08866373104726326,0.10966379359188307,0.3617693009322689,0.09261408784919
14,0.06,-10%,0.01702500653935758,0.01235920118830077,0.01374851476307836,0.5160373395558128,0.0170250065393575
14,0.06,-20%,0.0020489372576156053,0.0008883609995583387,0.0009560843339973462,0.710952268464565,0.0020489372576156
14,0.06,NDY,0.04988254763888793,0.04456248650141022,0.04456248650141022,0.40443450183540414,0.0498825476388879
14,0.06,NHF,8.133983194112528e-18,0.0,0.0,0.00012200974791168792,8.133983194112529e-18
15,0.0,+/-10%,0.14274501710067752,0.09077014616346027,0.0964393415276969,0.5760732528200246,0.1427450171006775
15,0.0,+/-20%,0.20161590492101428,0.1529107489889016,0.1651953408029834,0.4943826511808633,0.2016159049210142
15,0.0,-10%,0.28161375543856176,0.24737276757331345,0.29897383708007225,0.4143923185663151,0.2816137554385617
15,0.0,-20%,0.2768449984991728,0.2559161720200266,0.30318947032457916,0.3837317550557297,0.2768449984991728
15,0.0,NDY,0.10626332609306295,0.052926596539864965,0.052926596539864965,0.6679531971139124,0.1062633260930629
15,0.0,NHF,0.5790846743352883,0.545763941380877,0.5649570555122009,0.3716935644948747,0.5790846743352883
15,0.02,+/-10%,0.02837018977105955,0.008482060667960143,0.008240631933555172,0.8006813786722782,0.0283701897710595
15,0.02,+/-20%,0.022853862080178474,0.0019462951911127647,0.0020329905693009694,0.9432249077702329,0.0228538620801784
15,0.02,-10%,0.028539884153749227,0.009816316069330802,0.00984275075110416,0.7706994647338993,0.0285398841537492
15,0.02,-20%,0.028205938346968065,0.0050546256302636365,0.005276592325586202,0.8805304621061125,0.0282059383469681
15,0.02,NDY,0.048023216854642295,0.042476667468482596,0.04247666746848259,0.41033149865752244,0.0480232168546422
15,0.02,NHF,0.057828464438903784,0.03575618894453915,0.031790252242978316,0.58779020802906,0.0578284644389038
15,0.04,+/-10%,0.017956376630066183,0.0038771042823880844,0.0039036069782599925,0.856054690681257,0.0179563766300662
15,0.04,+/-20%,0.06219567691589842,0.04606210047268418,0.05639473912544634,0.5062668580114789,0.0621956769158984
15,0.04,-10%,0.006411581793045377,0.0027277055009207046,0.002781785928792803,0.7163772696591618,0.0064115817930453
15,0.04,-20%,0.01186539187334226,0.003136675646008791,0.003460796200697089,0.8237633346069871,0.0118653918733422
15,0.04,NDY,0.05253379207788636,0.04740884854282336,0.04740884854282336,0.39837011990891247,0.0525337920778863
15,0.04,NHF,4.4175549984306485e-17,0.0,0.0,0.0006626332497645973,2.7453126432158573e-17
15,0.06,+/-10%,0.06183844296973059,0.0462817276275778,0.05419296157149936,0.5010468633540001,0.0618384429697305
15,0.06,+/-20%,0.05119784967026719,0.037023823246294676,0.04700403686191596,0.5178987205551067,0.0511978496702671
15,0.06,-10%,0.013059958398048384,0.005634803145035143,0.005410616416630618,0.7123623739425703,0.0130599583980483
15,0.06,-20%,0.008168310924397775,0.00408749746909573,0.0045352671964650655,0.6663939046943916,0.0081683109243978
15,0.06,NDY,0.047698866095697436,0.043031536188100974,0.043031536188100974,0.3985666088055074,0.0476988660956974
15,0.06,NHF,4.4175549984306485e-17,0.0,0.0,0.0006626332497645973,2.7453126432158573e-17
16,0.0,+/-10%,0.1503272750512457,0.09683389165181719,0.10158586916000949,0.5705641059091149,0.1503272750512457
16,0.0,+/-20%,0.2122923053722151,0.1424323080150521,0.1560275805171864,0.5527163745122602,0.2122923053722151
16,0.0,-10%,0.2629613169330203,0.2759663278879293,0.35561317509899126,0.30036267664362315,0.2629613169330203
16,0.0,-20%,0.3075558352446493,0.3139958857096238,0.35222750727883534,0.3193736990664875,0.3075558352446493
16,0.0,NDY,0.11552331269462511,0.06945231283812284,0.06945231283812284,0.5992017471445299,0.1155233126946251
16,0.0,NHF,0.5866834661954102,0.5667008398932162,0.5894107820510988,0.3560402129979671,0.5866834661954102
16,0.02,+/-10%,0.03402002103088042,0.007334163479633485,0.006990778097108028,0.8562775044930911,0.0340200210308804
16,0.02,+/-20%,0.03560981909673999,0.007310597028894507,0.007643982071889909,0.863135183603263,0.0356098190967399
16,0.02,-10%,0.06302447551107968,0.029974844808156716,0.031111699649834852,0.6829290571630156,0.0630244755110796
16,0.02,-20%,0.03810091783503874,0.012507730546201,0.013613027522651701,0.7811473448775466,0.0381009178350387
16,0.02,NDY,0.0536865565278973,0.047685804735823546,0.047685804735823546,0.40784921688859643,0.0536865565278973
16,0.02,NHF,0.0696264617668571,0.03515220480893875,0.029059958683465878,0.6634210239717457,0.0696264617668571
16,0.04,+/-10%,0.013366345418903263,0.0032214223509285074,0.0032029064059640702,0.8393266945217684,0.0133663454189032
16,0.04,+/-20%,0.06980420808432783,0.07011445455543437,0.08433938100749164,0.33037031740042816,0.0698042080843278
16,0.04,-10%,0.01634124072100712,0.003877780841463779,0.003925951175127524,0.8417998197456827,0.016341240721007
16,0.04,-20%,0.006851578784286522,0.002346870186896615,0.00247895177805615,0.7716467731224274,0.0068515787842864
16,0.04,NDY,0.056099460758578065,0.05024566041110495,0.05024566041110497,0.40289788016162614,0.056099460758578
16,0.04,NHF,5.1851928140158084e-17,1.7642212807463725e-17,3.8585586240149446e-17,0.000601356794027734,3.59067862781254e-17
16,0.06,+/-10%,0.04069797458135344,0.027971634368413774,0.029764842502263928,0.5418013688044071,0.0406979745813534
16,0.06,+/-20%,0.07818937972626731,0.06812555400229629,0.08709381613050071,0.41914060246377355,0.0781893797262673
16,0.06,-10%,0.014560077971434644,0.004526358896429012,0.004523725863865839,0.7927502446388333,0.0145600779714346
16,0.06,-20%,0.02681435355820142,0.015685466375129974,0.017538722893651566,0.6100231332922952,0.0268143535582014
16,0.06,NDY,0.051054124644827316,0.045726348123014716,0.04572634812301471,0.402903638166708,0.0510541246448273
16,0.06,NHF,5.1851928140158084e-17,1.7642212807463725e-17,3.8585586240149446e-17,0.000601356794027734,3.59067862781254e-17
17,0.0,+/-10%,0.13532381889592934,0.07399288794602939,0.0762094107232961,0.6354773877468259,0.1353238188959293
17,0.0,+/-20%,0.18859243936935002,0.13538104073035578,0.14800563352607926,0.5214334813453897,0.18859243936935
17,0.0,-10%,0.28221534817038724,0.22922302385122278,0.2546705928992267,0.4585151012343723,0.2822153481703872
17,0.0,-20%,0.2756178345157895,0.2316302101183843,0.284831253365416,0.4397309580847299,0.2756178345157895
17,0.0,NDY,0.11580063456687407,0.06821664945288236,0.06821664945288236,0.6072753273587764,0.115800634566874
17,0.0,NHF,0.5566818643680995,0.4967460147488031,0.45125457263249796,0.4051108343390238,0.5566818643680995
17,0.02,+/-10%,0.04112020790353226,0.013886784127904844,0.013195481491231769,0.7748587237936938,0.0411202079035322
17,0.02,+/-20%,0.0573557692067097,0.019417862101697186,0.022783491787006883,0.7742992277816566,0.0573557692067096
17,0.02,-10%,0.049096728714936,0.02503905382372216,0.02408680223048799,0.6600037724291411,0.049096728714936
17,0.02,-20%,0.036707817792267665,0.016315382839015742,0.017519238786206134,0.7036892262506453,0.0367078177922676
17,0.02,NDY,0.06371397659315,0.0576486050666825,0.0576486050666825,0.3967979173046898,0.06371397659315
17,0.02,NHF,0.07011928969377858,0.03560793172073716,0.031459794062051315,0.6614537704128463,0.0701192896937785
17,0.04,+/-10%,0.030097451073925727,0.006941387906403101,0.006827728118457504,0.8462463839135174,0.0300974510739257
17,0.04,+/-20%,0.053157771607182464,0.04688396987615465,0.05687145615120676,0.412014857424662,0.0531577716071824
17,0.04,-10%,0.016224050553755136,0.006274252510882773,0.006250963765629049,0.7421830637548745,0.0162240505537551
17,0.04,-20%,0.021837794200823057,0.008603408638181351,0.009707569205718943,0.7373541619614956,0.0218377942008231
17,0.04,NDY,0.06947772982076222,0.0637532692297536,0.0637532692297536,0.38826182726250574,0.0694777298207622
17,0.04,NHF,1.5882952603670455e-17,2.382442890550568e-17,1.9264973273544677e-17,0.0,1.5882952603670458e-17
17,0.06,+/-10%,0.07532797764196646,0.03856324348582813,0.045065301789107996,0.6587080949823712,0.0753279776419664
17,0.06,+/-20%,0.10393314956073513,0.07880857339544496,0.11088287162184773,0.4944919002998698,0.1039331495607351
17,0.06,-10%,0.028335803603015273,0.02091553132665284,0.020902553835418218,0.5079127542506642,0.0283358036030152
17,0.06,-20%,0.06027634710212594,0.022862310089837964,0.02501338034167278,0.7471389559478728,0.0602763471021259
17,0.06,NDY,0.06518194796348016,0.05960123897150282,0.05960123897150282,0.39041160082240434,0.0651819479634801
17,0.06,NHF,1.5882952603670455e-17,2.382442890550568e-17,1.9264973273544677e-17,0.0,1.5882952603670458e-17
18,0.0,+/-10%,0.15300156744675658,0.09150920040894805,0.09469294924891469,0.6012711854916449,0.1530015674467565
18,0.0,+/-20%,0.2006069570757967,0.15628917402074965,0.16779216565323293,0.48061231674466864,0.2006069570757967
18,0.0,-10%,0.2820647051834173,0.2558909496083881,0.3094969610267577,0.3951956296883707,0.2820647051834173
18,0.0,-20%,0.271919501129452,0.18737782967305952,0.21926225033860777,0.5406046546992473,0.271919501129452
18,0.0,NDY,0.12149089061765235,0.07761301223409638,0.07761301223409638,0.5741079195896004,0.1214908906176523
18,0.0,NHF,0.5494485040014582,0.5212188140641858,0.5050738208302771,0.3675854846349685,0.5494485040014582
18,0.02,+/-10%,0.014532670603924169,0.0032117452074637114,0.0031860090078956963,0.8526655196420464,0.0145326706039241
18,0.02,+/-20%,0.038568884423025536,0.020722916915665492,0.02444299293476959,0.6418025008903473,0.0385688844230255
18,0.02,-10%,0.025522454961620988,0.008159865943871943,0.007780044331646604,0.7868578615408218,0.0255224549616209
18,0.02,-20%,0.031120826413321267,0.0031478900891176694,0.0030976251483996694,0.9325662704173303,0.0311208264133212
18,0.02,NDY,0.05901603051875081,0.053551099074314344,0.053551099074314344,0.39506719780371224,0.0590160305187509
18,0.02,NHF,0.07229821452794696,0.02700009399519293,0.02114190868405762,0.7510303292966659,0.0722982145279469
18,0.04,+/-10%,0.019323203211159285,0.018031781495676504,0.01943666027808804,0.37788846225857564,0.0193232032111592
18,0.04,+/-20%,0.06359823139994651,0.05015802352626715,0.06511816996867636,0.4742199332468717,0.0635982313999464
18,0.04,-10%,0.006893819469405927,0.007771207255881455,0.008259328188459689,0.24848556591216375,0.0068938194694059
18,0.04,-20%,0.009335670080878811,0.0020715880045444604,0.002143034116883094,0.8520664657457238,0.0093356700808788
18,0.04,NDY,0.06136919521152901,0.05519507546623881,0.055195075466238794,0.4004041139750878,0.0613691952115289
18,0.04,NHF,0.0,0.0,0.0,0.0,0.0
18,0.06,+/-10%,0.07502030047658348,0.046727521880950564,0.0559692411711354,0.5847566451204685,0.0750203004765834
18,0.06,+/-20%,0.11706169869059253,0.08169508330782274,0.12110011291581795,0.53474629634553,0.1170616986905925
18,0.06,-10%,0.005905464896729523,0.0061320141617162306,0.005940651775139103,0.3077582353578776,0.0059054648967295
18,0.06,-20%,0.014929988834694879,0.00783808728367922,0.008125751190632552,0.6500070040032552,0.0149299888346948
18,0.06,NDY,0.058771466857676945,0.05352569417540507,0.053525694175405064,0.39283808921513125,0.0587714668576769
18,0.06,NHF,0.0,0.0,0.0,0.0,0.0
