landbase,discount_rate,flow_policy,first_rel_gap,tail_status
10,0.0,-20%,0.0006341341587394079,suboptimal
18,0.06,NDY,0.002153349437447728,suboptimal
18,0.04,NDY,0.0009874324186099298,suboptimal
1,0.02,NDY,0.0002482190770801513,suboptimal
1,0.0,NDY,7.683102040173794e-05,suboptimal
13,0.06,NDY,0.0013522673408780151,suboptimal
5,0.06,+/-20%,0.0013266017473612512,suboptimal
6,0.0,NDY,5.905359997581724e-05,suboptimal
10,0.0,+/-20%,0.0003124730894360704,suboptimal
18,0.0,NHF,0.0003589490652876397,suboptimal
18,0.0,NDY,1.7493766802889797e-05,suboptimal
9,0.04,NDY,0.0010639237650275572,suboptimal
10,0.02,NDY,,infeasible
13,0.04,NDY,0.0011512300719541742,suboptimal
5,0.06,+/-10%,0.0017686918732018444,suboptimal
12,0.0,NHF,1.256016605229392e-05,suboptimal
12,0.0,NDY,2.2520726244281284e-06,suboptimal
16,0.0,NHF,4.5630776074872445e-05,suboptimal
12,0.0,-10%,6.138921930080346e-05,suboptimal
12,0.0,-20%,1.633840855522635e-06,suboptimal
8,0.0,NDY,0.0035114678510039837,suboptimal
3,0.04,+/-10%,1.5370228771144308e-05,suboptimal
4,0.0,NDY,1.0576577063620279e-05,suboptimal
4,0.0,-10%,0.0004048181000612426,suboptimal
4,0.0,-20%,0.0020976502280004566,suboptimal
15,0.06,NDY,0.0011381125484262822,suboptimal
11,0.06,NDY,0.002282644147699298,suboptimal
3,0.04,-10%,0.00032405181738250375,suboptimal
16,0.02,NDY,0.000114196773993605,suboptimal
4,0.0,+/-10%,0.0015921227571461494,suboptimal
4,0.0,+/-20%,0.0020073188288938027,suboptimal
15,0.04,NDY,0.0005854871854569874,suboptimal
8,0.02,-10%,0.001638840305486759,suboptimal
8,0.02,-20%,0.0016717344903321976,suboptimal
16,0.06,NDY,0.0019370350339908446,suboptimal
3,0.02,+/-10%,0.0006261936798196313,suboptimal
16,0.04,NDY,0.0006030538048129541,suboptimal
8,0.0,-10%,0.0008467023180596057,suboptimal
8,0.0,-20%,0.00024869053254993783,suboptimal
8,0.0,+/-10%,0.00039386084162949266,suboptimal
14,0.0,NHF,0.00011663525474599037,suboptimal
13,0.0,+/-20%,6.923016288198345e-05,suboptimal
13,0.02,NDY,,infeasible
14,0.0,-10%,5.148201798009824e-05,suboptimal
14,0.0,-20%,3.063732095574153e-05,suboptimal
6,0.0,+/-20%,0.0016659865446860883,suboptimal
18,0.0,-10%,8.029951600363226e-05,suboptimal
9,0.02,NDY,0.0007289163475509438,suboptimal
10,0.04,NDY,0.0013278373610929508,suboptimal
12,0.02,NDY,,infeasible
4,0.02,+/-20%,0.004198977003372257,suboptimal
15,0.02,NDY,,infeasible
7,0.02,-20%,0.0014701862585328055,suboptimal
11,0.04,NDY,0.0016966281120122412,suboptimal
3,0.0,+/-10%,0.0003364038869140012,suboptimal
3,0.0,+/-20%,0.0022361942923314346,suboptimal
8,0.0,+/-20%,0.0011777189054030465,suboptimal
12,0.04,NDY,0.0008097225413114205,suboptimal
15,0.0,+/-20%,9.777105460054209e-06,suboptimal
15,0.0,NHF,0.00012410453802773385,suboptimal
12,0.06,NDY,0.0011924633219760085,suboptimal
7,0.0,+/-10%,2.9790675054385208e-05,suboptimal
11,0.02,NDY,,infeasible
17,0.0,-10%,0.00021054035368278957,suboptimal
3,0.0,-10%,1.7472501048485486e-05,suboptimal
3,0.0,-20%,0.0007053753788174988,suboptimal
7,0.0,+/-20%,0.0004239823530900322,suboptimal
15,0.0,-10%,1.5830547529624524e-05,suboptimal
7,0.0,NDY,0.0016685614438554563,suboptimal
11,0.0,-20%,1.1859328514532048e-06,suboptimal
17,0.0,NHF,0.00023638359851771909,suboptimal
17,0.0,NDY,7.946874786746377e-06,suboptimal
8,0.04,+/-20%,0.00014242727995934538,suboptimal
9,0.0,+/-10%,0.00014020428535429692,suboptimal
6,0.04,+/-20%,0.0018376974524476376,suboptimal
14,0.02,NDY,,infeasible
5,0.04,+/-10%,0.0007450163970055823,suboptimal
6,0.02,+/-20%,0.0003046815967975042,suboptimal
9,0.0,+/-20%,0.00025132117886237504,suboptimal
2,0.0,NDY,0.00018684005760081596,suboptimal
17,0.06,NDY,0.0016748678481038563,suboptimal
17,0.02,NDY,,infeasible
7,0.0,-10%,0.0005540105774171398,suboptimal
13,0.0,NHF,0.00037784311656434156,suboptimal
5,0.0,+/-10%,0.002732495899973782,suboptimal
17,0.0,-20%,4.257210952849338e-06,suboptimal
17,0.0,+/-20%,1.3702890774788184e-05,suboptimal
11,0.0,-10%,0.0002671556551939374,suboptimal
17,0.04,NDY,0.0017778546474543542,suboptimal
5,0.0,+/-20%,2.516806830247051e-05,suboptimal
14,0.04,NDY,0.000726452054284604,suboptimal
14,0.06,NDY,0.0005540148821981833,suboptimal
13,0.0,-10%,3.4590122571582406e-05,suboptimal
13,0.0,-20%,2.3011670179783216e-06,suboptimal
8,0.06,+/-20%,0.0008633514510552456,suboptimal
11,0.0,NHF,0.0006210448874915085,suboptimal
2,0.02,+/-20%,0.0005029500886250771,suboptimal
9,0.0,-10%,0.0002029474671316607,suboptimal
5,0.02,+/-10%,0.0002334573003523631,suboptimal
14,0.0,+/-20%,1.5731010637140176e-06,suboptimal
6,0.04,+/-10%,0.005055915734085392,suboptimal
9,0.0,-20%,0.0005669421561354181,suboptimal
10,0.06,NDY,0.00044297661632802793,suboptimal
2,0.0,+/-10%,0.00016684218727610337,suboptimal
2,0.0,+/-20%,0.001490180503542906,suboptimal
1,0.0,+/-10%,0.0001668421871510138,suboptimal
1,0.0,+/-20%,0.0014901805033121823,suboptimal
18,0.0,-20%,3.113675567679068e-05,suboptimal
18,0.0,+/-20%,4.2651329143851696e-05,suboptimal
9,0.06,NDY,0.00037272769158415854,suboptimal
10,0.0,+/-10%,0.0002204565914370729,suboptimal
6,0.0,-10%,0.00039908555248053157,suboptimal
6,0.0,-20%,0.00036642369328353843,suboptimal
6,0.0,+/-10%,1.3845998697051409e-05,suboptimal
16,0.0,-10%,6.786312028816986e-06,suboptimal
16,0.0,-20%,4.8465772477143156e-05,suboptimal
16,0.0,+/-10%,6.596205025813465e-06,suboptimal
16,0.0,+/-20%,0.00020940225188766567,suboptimal
18,0.02,NDY,,infeasible
10,0.0,NDY,3.0470401683393445e-06,suboptimal
10,0.0,-10%,0.00013868568877854794,suboptimal
2,0.0,NHF,0.013069179722857122,suboptimal
7,0.04,+/-20%,0.019627605470592956,suboptimal
13,0.0,NDY,0.0008879487235489341,suboptimal
7,0.04,+/-10%,0.024105821035686092,suboptimal
14,0.02,NHF,0.00015453980008931325,suboptimal
3,0.04,NDY,0.004141795633849272,suboptimal
12,0.0,+/-10%,0.00016683140099724215,suboptimal
3,0.02,+/-20%,0.00035187279060272904,suboptimal
11,0.0,+/-10%,7.780661777435117e-05,suboptimal
3,0.0,NHF,0.00872492487150936,suboptimal
3,0.0,NDY,0.0005026293555084072,suboptimal
15,0.0,-20%,0.004546484169568628,suboptimal
5,0.0,NHF,0.01225156431719377,suboptimal
5,0.0,NDY,0.0010228429911316504,suboptimal
7,0.06,+/-20%,0.051201811851185344,suboptimal
16,0.0,NDY,0.00030635593865320455,suboptimal
5,0.0,-10%,2.0104682549306902e-05,suboptimal
5,0.0,-20%,0.0009427109329646436,suboptimal
16,0.02,NHF,0.0001507406909936608,suboptimal
8,0.0,NHF,0.033306273877167926,suboptimal
7,0.0,-20%,0.0009722218159452085,suboptimal
2,0.0,-10%,0.0024680663562421604,suboptimal
2,0.0,-20%,0.006711553432721679,suboptimal
9,0.02,NHF,0.0005068372525115521,suboptimal
12,0.0,+/-20%,0.0006423047723445479,suboptimal
4,0.0,NHF,0.007073977474576389,suboptimal
7,0.02,+/-10%,0.008955818910308921,suboptimal
5,0.04,+/-20%,0.002374208932350669,suboptimal
15,0.0,NDY,2.3399272983629534e-05,suboptimal
11,0.02,NHF,0.0001321502313504464,suboptimal
15,0.02,NHF,0.00012539632922909785,suboptimal
7,0.02,+/-20%,0.0055472445274149865,suboptimal
13,0.02,-20%,2.0471249497806517e-05,suboptimal
10,0.02,NHF,0.00010367801575965863,suboptimal
1,0.0,NHF,0.013069179722857122,suboptimal
1,0.0,-10%,0.002468066358034323,suboptimal
18,0.0,+/-10%,0.0003993846515401497,suboptimal
1,0.0,-20%,0.006711553437054954,suboptimal
1,0.02,-10%,0.004972797216527788,suboptimal
6,0.0,NHF,0.009936469002729372,suboptimal
10,0.0,NHF,0.004325838227740795,suboptimal
1,0.02,-20%,0.005765917620961605,suboptimal
14,0.0,NDY,0.0001004036766871162,suboptimal
18,0.02,NHF,0.00010555438199656094,suboptimal
3,0.04,+/-20%,0.003243475295592851,suboptimal
17,0.02,NHF,8.284008746750459e-05,suboptimal
6,0.06,+/-10%,0.008465091171778795,suboptimal
7,0.06,+/-10%,0.047644338946227,suboptimal
9,0.0,NDY,2.33094454381561e-05,suboptimal
5,0.02,+/-20%,0.0004392800868873983,suboptimal
11,0.0,+/-20%,0.00044197717112106185,suboptimal
12,0.02,NHF,4.569860807739109e-05,suboptimal
7,0.0,NHF,0.03707639480917332,suboptimal
9,0.0,NHF,0.004774614773752423,suboptimal
11,0.0,NDY,0.0007082356258413939,suboptimal
3,0.06,+/-10%,0.0046061677975887845,suboptimal
1,0.04,+/-20%,7.951009080633588e-05,suboptimal
3,0.04,-20%,0.009322816302864348,suboptimal
3,0.06,+/-20%,4.077609228965679e-05,suboptimal
13,0.02,NHF,1.5958613847526018e-06,suboptimal
5,0.06,-20%,0.02678158917887448,suboptimal
5,0.06,-10%,0.057097784980674075,suboptimal
13,0.0,+/-10%,0.00032599555830543545,suboptimal
17,0.0,+/-10%,0.00011656659242242715,suboptimal
8,0.06,+/-10%,0.05723340903901933,suboptimal
1,0.02,+/-10%,0.0008485189989293529,suboptimal
3,0.06,-10%,0.008479981186451708,suboptimal
3,0.06,-20%,0.02807506423341549,suboptimal
1,0.02,+/-20%,0.0008301315354804024,suboptimal
1,0.04,NDY,1.0896858900130304e-05,suboptimal
15,0.0,+/-10%,0.0004126677772314045,suboptimal
8,0.02,+/-20%,0.0010548452591239714,suboptimal
8,0.02,+/-10%,0.00341815795612779,suboptimal
14,0.0,+/-10%,0.00025731501935696117,suboptimal
8,0.04,+/-10%,0.022228367708269157,suboptimal
7,0.02,NDY,0.0003310848932880402,suboptimal
3,0.06,NDY,0.06897590292754018,suboptimal
1,0.06,NDY,0.015500433209583712,suboptimal
1,0.04,+/-10%,0.0021127441046058792,suboptimal
10,0.02,+/-20%,9.230082225572222e-05,suboptimal
1,0.06,-10%,0.02192813679436905,suboptimal
1,0.06,-20%,0.017638995461226707,suboptimal
11,0.04,+/-20%,6.302569150317795e-05,suboptimal
12,0.04,+/-20%,0.00012561506482475972,suboptimal
2,0.04,+/-20%,0.0008774353381027234,suboptimal
16,0.06,+/-10%,2.643446866742082e-05,suboptimal
1,0.04,-20%,0.03187581746315669,suboptimal
1,0.04,-10%,0.030307305033198003,suboptimal
9,0.02,+/-20%,,infeasible
8,0.06,NDY,0.00016354088543825976,suboptimal
5,0.04,NDY,0.0002103652129868244,suboptimal
6,0.06,+/-20%,0.08743236512286919,suboptimal
4,0.06,+/-20%,0.005107474646824286,suboptimal
5,0.02,NDY,0.00037979579711210385,suboptimal
5,0.02,-10%,0.000522341958020718,suboptimal
13,0.06,+/-20%,0.0035168308870736475,suboptimal
7,0.04,-10%,0.007444992780475109,suboptimal
5,0.06,NDY,0.008099678294055916,suboptimal
3,0.02,NDY,0.009322129116622219,suboptimal
8,0.04,NDY,0.00010720828263761883,suboptimal
7,0.02,-10%,0.00645732151975417,suboptimal
5,0.04,-20%,0.00824084194981492,suboptimal
7,0.04,-20%,0.0077083393324844495,suboptimal
8,0.04,-10%,0.0006808662095568191,suboptimal
13,0.06,+/-10%,0.0004420140237589846,suboptimal
4,0.02,NDY,,infeasible
6,0.02,+/-10%,0.053839512224923086,suboptimal
10,0.02,-10%,,infeasible
6,0.02,-10%,0.0008407112733365664,suboptimal
6,0.02,NDY,0.00015625546076293874,suboptimal
13,0.06,-20%,,infeasible
10,0.02,-20%,,infeasible
9,0.04,+/-20%,0.026133026710649918,suboptimal
9,0.06,+/-10%,,infeasible
9,0.06,+/-20%,0.04855341918835147,suboptimal
10,0.04,+/-20%,0.014125744903008315,suboptimal
17,0.06,-20%,,infeasible
1,0.06,+/-10%,0.014921319151706821,suboptimal
1,0.06,+/-20%,0.24247154932034964,suboptimal
9,0.04,-10%,,infeasible
13,0.02,-10%,,infeasible
10,0.04,+/-10%,,infeasible
10,0.06,-20%,,infeasible
9,0.02,-20%,,infeasible
9,0.02,+/-10%,,infeasible
9,0.02,-10%,,infeasible
10,0.04,-20%,,infeasible
2,0.02,+/-10%,0.006291204101492471,suboptimal
2,0.02,NDY,,infeasible
10,0.06,+/-20%,0.010844263646623314,suboptimal
17,0.02,-10%,,infeasible
17,0.02,-20%,,infeasible
2,0.04,NDY,,infeasible
11,0.02,-10%,,infeasible
2,0.06,+/-10%,0.0039841905622000845,suboptimal
2,0.06,+/-20%,0.2520590047429768,suboptimal
6,0.06,NDY,0.0007245763418723186,suboptimal
11,0.02,-20%,,infeasible
16,0.06,-20%,,infeasible
11,0.06,+/-20%,0.030771961591130787,suboptimal
16,0.06,+/-20%,0.040688043360287696,suboptimal
11,0.06,-10%,,infeasible
16,0.02,-20%,,infeasible
16,0.02,-10%,,infeasible
3,0.02,-20%,2.7522322350407925e-06,suboptimal
16,0.04,+/-20%,0.037100168707033386,suboptimal
3,0.02,-10%,0.00011489797472920723,suboptimal
11,0.04,-10%,0.0009641169900398528,suboptimal
14,0.04,+/-20%,0.03536502522316114,suboptimal
14,0.06,+/-20%,0.11369861268625812,suboptimal
12,0.06,-20%,,infeasible
4,0.06,+/-10%,0.3557128236977991,suboptimal
15,0.04,+/-20%,0.008859050841437083,suboptimal
12,0.02,-20%,,infeasible
7,0.04,NDY,0.017424788101360063,suboptimal
15,0.06,-10%,,infeasible
15,0.06,-20%,,infeasible
15,0.02,-10%,,infeasible
4,0.02,+/-10%,0.04965055092579836,suboptimal
15,0.04,-10%,0.0004919805542136124,suboptimal
15,0.04,-20%,0.0001986895962486319,suboptimal
12,0.02,-10%,,infeasible
4,0.04,+/-20%,0.23618043209831766,suboptimal
4,0.04,+/-10%,0.16996625674185586,suboptimal
9,0.06,-20%,,infeasible
18,0.02,-10%,0.00017177766514775325,suboptimal
18,0.06,-20%,,infeasible
14,0.02,+/-20%,8.791389555083765e-05,suboptimal
14,0.02,-10%,1.3961731907766413e-05,suboptimal
14,0.02,+/-10%,7.969323033011151e-05,suboptimal
11,0.06,+/-10%,0.020873708454766483,suboptimal
11,0.02,+/-20%,0.0005312698241802264,suboptimal
15,0.02,-20%,0.00010186208095513411,suboptimal
12,0.02,+/-20%,0.00032137813113800967,suboptimal
18,0.06,+/-20%,0.19627754069717476,suboptimal
18,0.06,-10%,0.0024387059824730662,suboptimal
13,0.04,+/-20%,0.005602081219820934,suboptimal
12,0.06,+/-20%,0.08406197544394255,suboptimal
10,0.02,+/-10%,,infeasible
17,0.04,-10%,9.149954352115298e-05,suboptimal
15,0.06,+/-20%,0.05303239461221868,suboptimal
12,0.04,+/-10%,0.005624716760887537,suboptimal
15,0.02,+/-10%,0.0002431865742056788,suboptimal
9,0.06,-10%,,infeasible
10,0.06,-10%,,infeasible
5,0.04,-10%,0.005033820247756098,suboptimal
17,0.04,-20%,0.00221929163877911,suboptimal
10,0.04,-10%,,infeasible
17,0.04,+/-20%,0.02996725336312313,suboptimal
13,0.04,+/-10%,0.004830753174470252,suboptimal
7,0.06,-10%,0.0137817913121305,suboptimal
7,0.06,-20%,0.008311357298600025,suboptimal
6,0.04,NDY,0.0003655110526863048,suboptimal
17,0.06,+/-20%,0.17049547371986892,suboptimal
13,0.02,+/-10%,0.0004383038350770633,suboptimal
7,0.06,NDY,0.0450687934718837,suboptimal
17,0.02,+/-20%,0.004354110567008885,suboptimal
14,0.06,+/-10%,0.010114318683825762,suboptimal
17,0.02,+/-10%,0.0006330283362373968,suboptimal
14,0.06,-10%,,infeasible
11,0.04,+/-10%,0.011135769522973075,suboptimal
14,0.02,-20%,0.0007762786909277048,suboptimal
16,0.02,+/-10%,7.134674418789798e-05,suboptimal
16,0.02,+/-20%,0.0005551316130647275,suboptimal
11,0.02,+/-10%,0.00022009697662862232,suboptimal
15,0.06,+/-10%,0.09591392152986504,suboptimal
12,0.06,-10%,,infeasible
4,0.04,NDY,0.00043304995489949126,suboptimal
17,0.06,-10%,,infeasible
18,0.02,+/-20%,0.0044595077368433916,suboptimal
18,0.04,+/-20%,0.05075841607435161,suboptimal
18,0.04,-10%,0.004313775170832153,suboptimal
13,0.06,-10%,,infeasible
18,0.04,+/-10%,0.013195433674053564,suboptimal
18,0.02,+/-10%,0.00013949040543658001,suboptimal
16,0.04,+/-10%,3.022834945958902e-05,suboptimal
2,0.06,NDY,0.0011678716046291224,suboptimal
17,0.06,+/-10%,0.10575981477204024,suboptimal
2,0.04,+/-10%,0.03174063643056354,suboptimal
10,0.06,+/-10%,0.05002917578046739,suboptimal
17,0.04,+/-10%,0.0013586049789008426,suboptimal
12,0.06,+/-10%,0.03871407482287991,suboptimal
12,0.02,+/-10%,0.0005398517600626368,suboptimal
18,0.06,+/-10%,0.13149249068883598,suboptimal
13,0.02,+/-20%,0.00039279698462661765,suboptimal
8,0.02,NDY,0.0004493245892802446,suboptimal
9,0.04,+/-10%,6.88010579826597e-05,suboptimal
15,0.02,+/-20%,,infeasible
16,0.04,-20%,,infeasible
2,0.02,-10%,,infeasible
2,0.02,-20%,,infeasible
15,0.04,+/-10%,0.0001475436196149762,suboptimal
8,0.06,-10%,,infeasible
9,0.04,-20%,,infeasible
5,0.02,-20%,0.002963441063522214,suboptimal
14,0.04,-20%,,infeasible
18,0.02,-20%,0.0016764165144020596,suboptimal
8,0.06,-20%,,infeasible
13,0.04,-10%,,infeasible
13,0.04,-20%,0.0014986377303577473,suboptimal
4,0.02,-10%,,infeasible
4,0.02,-20%,,infeasible
12,0.04,-10%,,infeasible
8,0.04,-20%,,infeasible
14,0.04,-10%,0.0008641243548135459,suboptimal
14,0.04,+/-10%,9.997430667715091e-05,suboptimal
11,0.04,-20%,0.0003717898554756485,suboptimal
14,0.06,-20%,,infeasible
16,0.04,-10%,,infeasible
18,0.04,-20%,,infeasible
6,0.02,-20%,0.0022213347905657385,suboptimal
11,0.06,-20%,,infeasible
6,0.06,-20%,0.008879415767979747,suboptimal
12,0.04,-20%,,infeasible
16,0.06,-10%,,infeasible
6,0.06,-10%,,infeasible
2,0.06,-10%,,infeasible
2,0.06,-20%,,infeasible
6,0.04,-10%,,infeasible
6,0.04,-20%,,infeasible
2,0.04,-10%,,infeasible
2,0.04,-20%,,infeasible
4,0.04,-10%,,infeasible
4,0.06,NDY,,infeasible
4,0.06,-10%,,infeasible
4,0.06,-20%,,infeasible
