group,rule,inconsistent,cells
flow-constrained,metric: mean divergence > 5%,263,360
flow-constrained,gap: any period infeasible or gap >= 1e-06 of NPV,358,360
flow-constrained,gap: any period infeasible or gap >= 0.0001 of NPV,358,360
flow-constrained,gap: any period infeasible or gap >= 0.001 of NPV,358,360
flow-constrained,gap: any period infeasible or gap >= 0.01 of NPV,348,360
NHF,metric: mean divergence > 5%,27,72
NHF,gap: any period infeasible or gap >= 1e-06 of NPV,28,72
NHF,gap: any period infeasible or gap >= 0.0001 of NPV,28,72
NHF,gap: any period infeasible or gap >= 0.001 of NPV,28,72
NHF,gap: any period infeasible or gap >= 0.01 of NPV,27,72
