,,occurrence,mean_abs_rel_deviation
linear 4%→0%,+/-10%,0.722,0.083
linear 4%→0%,+/-20%,1.0,0.124
linear 4%→0%,-10%,0.944,0.104
linear 4%→0%,-20%,1.0,0.139
linear 4%→0%,NDY,0.833,0.063
linear 4%→0%,NHF,1.0,0.342
linear 6%→0%,+/-10%,0.833,0.081
linear 6%→0%,+/-20%,1.0,0.111
linear 6%→0%,-10%,0.833,0.081
linear 6%→0%,-20%,1.0,0.107
linear 6%→0%,NDY,0.833,0.074
linear 6%→0%,NHF,1.0,0.343
inv-j 4% (k=1),+/-10%,1.0,0.175
inv-j 4% (k=1),+/-20%,1.0,0.24
inv-j 4% (k=1),-10%,1.0,0.236
inv-j 4% (k=1),-20%,1.0,0.319
inv-j 4% (k=1),NDY,1.0,0.151
inv-j 4% (k=1),NHF,1.0,0.49
inv-j 4% (k=2),+/-10%,1.0,0.201
inv-j 4% (k=2),+/-20%,1.0,0.286
inv-j 4% (k=2),-10%,1.0,0.287
inv-j 4% (k=2),-20%,1.0,0.364
inv-j 4% (k=2),NDY,1.0,0.128
inv-j 4% (k=2),NHF,1.0,0.596
