ecoclass,rx,first_tabled_age,age,which,old_flat_mcf_ac,new_mcf_ac,change
CH-CW,2,75,60,rotation min,7.66,5.745,-0.25
CH-CW,2,75,90,max-PNV rotation,9.69,9.69,0.0
CH-CW,3,75,100,rotation min,9.805,9.805,0.0
CH-CW,3,75,100,max-PNV rotation,9.805,9.805,0.0
CH-CW,4,55,70,rotation min,8.015,8.015,0.0
CH-CW,4,55,80,max-PNV rotation,9.36,9.36,0.0
CH-CW,5,55,60,rotation min,7.095,7.095,0.0
CH-CW,5,55,70,max-PNV rotation,8.705,8.705,0.0
CH-CW,6,75,70,rotation min,7.94,7.311,-0.079
CH-CW,6,75,90,max-PNV rotation,8.795,8.795,0.0
CH-CW,7,75,60,rotation min,7.66,5.745,-0.25
CH-CW,7,75,80,max-PNV rotation,8.48,8.48,0.0
CD-CP,2,95,70,rotation min,5.75,3.676,-0.361
CD-CP,2,95,90,max-PNV rotation,5.75,5.354,-0.069
CD-CP,3,95,120,rotation min,7.072,7.072,0.0
CD-CP,3,95,120,max-PNV rotation,7.072,7.072,0.0
CD-CP,4,75,80,rotation min,7.32,7.32,0.0
CD-CP,4,75,90,max-PNV rotation,8.805,8.805,0.0
CD-CP,5,75,70,rotation min,7.1,6.359,-0.104
CD-CP,5,75,100,max-PNV rotation,10.55,10.55,0.0
CD-CP,6,95,80,rotation min,5.38,4.238,-0.212
CD-CP,6,95,110,max-PNV rotation,7.533,7.533,0.0
CD-CP,7,95,80,rotation min,5.75,4.529,-0.212
CD-CP,7,95,100,max-PNV rotation,6.487,6.487,0.0
CR-CF,1,135,80,rotation min,10.74,5.965,-0.445
CR-CF,1,135,90,max-PNV rotation,10.74,7.01,-0.347
CR-CF,2,135,80,rotation min,10.74,5.965,-0.445
CR-CF,2,135,100,max-PNV rotation,10.74,7.986,-0.256
CR-CF,4,95,80,rotation min,10.76,8.549,-0.205
CR-CF,4,95,100,max-PNV rotation,11.42,11.42,0.0
CR-CF,6,135,80,rotation min,10.74,5.965,-0.445
CR-CF,6,135,120,max-PNV rotation,10.74,9.688,-0.098
CM-CE,2,165,110,rotation min,8.0,4.689,-0.414
CM-CE,2,165,150,max-PNV rotation,8.0,7.182,-0.102
CM-CE,4,175,110,rotation min,6.38,3.518,-0.449
CM-CE,4,175,150,max-PNV rotation,6.38,5.389,-0.155
CM-CE,6,175,120,rotation min,6.38,4.01,-0.371
CM-CE,6,175,150,max-PNV rotation,6.38,5.389,-0.155
