landbase,n,inconsistent_2-11,occurrence_2-11,magnitude_2-11,inconsistent_1-15,occurrence_1-15,magnitude_1-15
1,20,18,0.9,0.1089,19,0.95,0.1305
2,20,9,0.45,0.0595,12,0.6,0.0863
3,20,17,0.85,0.1426,20,1.0,0.1632
4,20,11,0.55,0.0812,11,0.55,0.0997
5,20,13,0.65,0.1073,20,1.0,0.1358
6,20,11,0.55,0.0854,12,0.6,0.1156
7,20,18,0.9,0.1084,20,1.0,0.1349
8,20,11,0.55,0.114,16,0.8,0.1426
9,20,8,0.4,0.0635,14,0.7,0.0864
10,20,9,0.45,0.0673,13,0.65,0.0868
11,20,10,0.5,0.0616,11,0.55,0.0781
12,20,7,0.35,0.0565,9,0.45,0.0739
13,20,5,0.25,0.0564,9,0.45,0.0746
14,20,8,0.4,0.0571,9,0.45,0.0758
15,20,5,0.25,0.0553,9,0.45,0.0749
16,20,8,0.4,0.0648,11,0.55,0.0823
17,20,9,0.45,0.0612,13,0.65,0.0885
18,20,10,0.5,0.0593,11,0.55,0.0815
