horizon_institution,flow_history,group,discount_rate,n,inconsistent_2-11,occurrence_2-11,magnitude_2-11,inconsistent_1-15,occurrence_1-15,magnitude_1-15
fixed,carried,NHF,0.0,18,0,0.0,0.0,0,0.0,0.0
fixed,carried,NHF,0.02,18,0,0.0,0.0,0,0.0,0.0
fixed,carried,NHF,0.04,18,0,0.0,0.0,0,0.0,0.0
fixed,carried,NHF,0.06,18,0,0.0,0.0,0,0.0,0.0
fixed,carried,flow-constrained,0.0,90,1,0.011,0.001,0,0.0,0.0007
fixed,carried,flow-constrained,0.02,90,0,0.0,0.0,0,0.0,0.0
fixed,carried,flow-constrained,0.04,90,0,0.0,0.0,0,0.0,0.0
fixed,carried,flow-constrained,0.06,90,0,0.0,0.0,0,0.0,0.0001
fixed,reset,NHF,0.0,18,0,0.0,0.0,0,0.0,0.0
fixed,reset,NHF,0.02,18,0,0.0,0.0,0,0.0,0.0
fixed,reset,NHF,0.04,18,0,0.0,0.0,0,0.0,0.0
fixed,reset,NHF,0.06,18,0,0.0,0.0,0,0.0,0.0
fixed,reset,flow-constrained,0.0,90,40,0.444,0.0863,28,0.311,0.0586
fixed,reset,flow-constrained,0.02,90,17,0.189,0.0285,15,0.167,0.0252
fixed,reset,flow-constrained,0.04,90,18,0.2,0.0299,20,0.222,0.0331
fixed,reset,flow-constrained,0.06,90,23,0.256,0.0398,25,0.278,0.0508
rolling,carried,NHF,0.0,18,18,1.0,0.4916,18,1.0,0.5154
rolling,carried,NHF,0.02,18,16,0.889,0.1785,16,0.889,0.1693
rolling,carried,NHF,0.04,18,0,0.0,0.0,0,0.0,0.0
rolling,carried,NHF,0.06,18,0,0.0,0.0,0,0.0,0.0
rolling,carried,flow-constrained,0.0,90,81,0.9,0.1067,89,0.989,0.153
rolling,carried,flow-constrained,0.02,90,4,0.044,0.0182,19,0.211,0.0337
rolling,carried,flow-constrained,0.04,90,1,0.011,0.0089,7,0.078,0.0183
rolling,carried,flow-constrained,0.06,90,1,0.011,0.0059,3,0.033,0.011
rolling,reset,NHF,0.0,18,18,1.0,0.4916,18,1.0,0.5154
rolling,reset,NHF,0.02,18,16,0.889,0.1785,16,0.889,0.1693
rolling,reset,NHF,0.04,18,0,0.0,0.0,0,0.0,0.0
rolling,reset,NHF,0.06,18,0,0.0,0.0,0,0.0,0.0
rolling,reset,flow-constrained,0.0,90,90,1.0,0.1611,90,1.0,0.192
rolling,reset,flow-constrained,0.02,90,26,0.289,0.0434,43,0.478,0.0536
rolling,reset,flow-constrained,0.04,90,28,0.311,0.0378,32,0.356,0.0476
rolling,reset,flow-constrained,0.06,90,34,0.378,0.0453,38,0.422,0.0581
