flow_denominator,flow_policy,n,inconsistent_2-11,occurrence_2-11,magnitude_2-11,inconsistent_1-15,occurrence_1-15,magnitude_1-15
revenue,+/-10%,72,45,0.625,0.0866,51,0.708,0.1009
revenue,+/-20%,72,54,0.75,0.1164,59,0.819,0.1338
revenue,-10%,72,20,0.278,0.0752,23,0.319,0.0924
revenue,-20%,72,21,0.292,0.0822,30,0.417,0.1039
revenue,NDY,72,18,0.25,0.0456,24,0.333,0.0597
volume,+/-10%,72,37,0.514,0.0645,45,0.625,0.0838
volume,+/-20%,72,52,0.722,0.0955,60,0.833,0.1194
volume,-10%,72,27,0.375,0.0821,36,0.5,0.1035
volume,-20%,72,28,0.389,0.0904,36,0.5,0.1154
volume,NDY,72,43,0.597,0.0593,62,0.861,0.0811
